-- phpMyAdmin SQL Dump
-- version 4.7.3
-- https://www.phpmyadmin.net/
--
-- Host: localhost:3306
-- Generation Time: Jan 19, 2018 at 10:37 AM
-- Server version: 5.6.37
-- PHP Version: 5.6.30

SET SQL_MODE = "NO_AUTO_VALUE_ON_ZERO";
SET AUTOCOMMIT = 0;
START TRANSACTION;
SET time_zone = "+00:00";


/*!40101 SET @OLD_CHARACTER_SET_CLIENT=@@CHARACTER_SET_CLIENT */;
/*!40101 SET @OLD_CHARACTER_SET_RESULTS=@@CHARACTER_SET_RESULTS */;
/*!40101 SET @OLD_COLLATION_CONNECTION=@@COLLATION_CONNECTION */;
/*!40101 SET NAMES utf8mb4 */;

--
-- Database: `eag10683_db`
--

-- --------------------------------------------------------

--
-- Table structure for table `advice`
--

CREATE TABLE `advice` (
  `id` int(11) NOT NULL,
  `created_at` datetime NOT NULL,
  `created_by` varchar(255) COLLATE utf8_unicode_ci NOT NULL,
  `modified_at` datetime NOT NULL,
  `modified_by` varchar(255) COLLATE utf8_unicode_ci NOT NULL,
  `is_deleted` tinyint(1) NOT NULL DEFAULT '0'
) ENGINE=InnoDB DEFAULT CHARSET=utf8 COLLATE=utf8_unicode_ci;

--
-- Dumping data for table `advice`
--

INSERT INTO `advice` (`id`, `created_at`, `created_by`, `modified_at`, `modified_by`, `is_deleted`) VALUES
(1, '2017-10-05 00:00:00', '', '2018-01-18 10:53:51', 'eagle ele admin', 0),
(2, '2017-10-05 00:00:00', '', '2017-10-05 04:25:31', 'administrator', 0),
(3, '2017-10-05 00:00:00', '', '2017-10-05 00:00:00', '', 0),
(4, '2017-10-05 00:00:00', '', '2017-10-05 00:00:00', '', 0);

-- --------------------------------------------------------

--
-- Table structure for table `advice_lang`
--

CREATE TABLE `advice_lang` (
  `id` int(11) NOT NULL,
  `advice_id` int(11) NOT NULL,
  `title` varchar(255) COLLATE utf8_unicode_ci NOT NULL,
  `slug` varchar(255) COLLATE utf8_unicode_ci DEFAULT NULL,
  `meta_description` varchar(255) COLLATE utf8_unicode_ci DEFAULT NULL,
  `meta_keywords` varchar(255) COLLATE utf8_unicode_ci DEFAULT NULL,
  `content` text COLLATE utf8_unicode_ci,
  `language` varchar(50) COLLATE utf8_unicode_ci NOT NULL
) ENGINE=InnoDB DEFAULT CHARSET=utf8 COLLATE=utf8_unicode_ci;

--
-- Dumping data for table `advice_lang`
--

INSERT INTO `advice_lang` (`id`, `advice_id`, `title`, `slug`, `meta_description`, `meta_keywords`, `content`, `language`) VALUES
(1, 1, 'Tư vấn doanh nghiệp', 'tu-van-doanh-nghiep', '', '', '<p>aaa</p>', 'vi'),
(2, 1, 'Branding Indentify', 'branding-indentity', '', '', '<p>bbb</p>', 'en'),
(3, 2, 'Công nghệ truyền thông', 'cong-nghe-truyen-thong', NULL, NULL, '<p>ccc</p>', 'vi'),
(4, 2, 'Technology', 'technology', NULL, NULL, '<p>ddd</p>', 'en'),
(5, 3, 'Truyền thông online', 'truyen-thong-online', NULL, NULL, 'eee', 'vi'),
(6, 3, 'Online', 'online', NULL, NULL, 'fff', 'en'),
(7, 4, 'Quy trình tư vấn', 'quy-trinh-tu-van', NULL, NULL, 'ggg', 'vi'),
(8, 4, 'Process', 'process', NULL, NULL, 'hhh', 'en');

-- --------------------------------------------------------

--
-- Table structure for table `article`
--

CREATE TABLE `article` (
  `id` int(11) NOT NULL,
  `type` tinyint(1) NOT NULL,
  `category_id` int(11) DEFAULT NULL,
  `description_image` text,
  `banner` text,
  `created_at` datetime DEFAULT NULL,
  `created_by` varchar(255) DEFAULT NULL,
  `modified_at` datetime DEFAULT NULL,
  `modified_by` varchar(255) DEFAULT NULL,
  `is_deleted` tinyint(1) DEFAULT '0'
) ENGINE=InnoDB DEFAULT CHARSET=utf8;

--
-- Dumping data for table `article`
--

INSERT INTO `article` (`id`, `type`, `category_id`, `description_image`, `banner`, `created_at`, `created_by`, `modified_at`, `modified_by`, `is_deleted`) VALUES
(1, 0, NULL, '', NULL, '2017-10-07 10:44:19', 'administrator', '2017-10-07 10:44:19', 'administrator', 1),
(2, 0, NULL, '', NULL, '2017-10-07 11:12:24', 'administrator', '2017-10-07 11:12:24', 'administrator', 1),
(3, 1, 1, '', '', '2017-10-07 11:15:44', 'administrator', '2017-10-19 01:00:11', 'administrator', 1),
(4, 1, 0, 'pink-gradient-star-background_sp-sytmm__F0000.png', NULL, '2017-10-11 11:20:03', 'administrator', '2017-10-11 11:20:03', 'administrator', 1),
(5, 1, 0, '1.jpg', '', '2017-10-19 15:10:53', 'eagle ele admin', '2017-10-19 15:10:53', 'eagle ele admin', 0),
(6, 1, 0, '11.jpg', '', '2017-10-19 15:15:33', 'eagle ele admin', '2017-10-19 15:15:33', 'eagle ele admin', 0),
(7, 0, NULL, 'tien-si-le-tham-duong-quan-tri-cuoc-doi6.jpg', '', '2017-10-19 16:00:19', 'eagle ele admin', '2017-10-27 14:18:29', 'eagle ele admin', 0);

-- --------------------------------------------------------

--
-- Table structure for table `article_lang`
--

CREATE TABLE `article_lang` (
  `id` int(11) NOT NULL,
  `article_id` int(11) NOT NULL,
  `title` varchar(255) COLLATE utf8_unicode_ci NOT NULL,
  `slug` varchar(255) COLLATE utf8_unicode_ci DEFAULT NULL,
  `meta_description` varchar(255) COLLATE utf8_unicode_ci DEFAULT NULL,
  `meta_keywords` varchar(255) COLLATE utf8_unicode_ci DEFAULT NULL,
  `description` varchar(255) COLLATE utf8_unicode_ci DEFAULT NULL,
  `content` text COLLATE utf8_unicode_ci,
  `event_time` datetime DEFAULT NULL,
  `event_location` varchar(255) COLLATE utf8_unicode_ci DEFAULT NULL,
  `event_address` varchar(255) COLLATE utf8_unicode_ci DEFAULT NULL,
  `event_cost` decimal(15,0) DEFAULT NULL,
  `language` varchar(50) COLLATE utf8_unicode_ci DEFAULT NULL
) ENGINE=InnoDB DEFAULT CHARSET=utf8 COLLATE=utf8_unicode_ci;

--
-- Dumping data for table `article_lang`
--

INSERT INTO `article_lang` (`id`, `article_id`, `title`, `slug`, `meta_description`, `meta_keywords`, `description`, `content`, `event_time`, `event_location`, `event_address`, `event_cost`, `language`) VALUES
(1, 1, 'asd', NULL, NULL, NULL, '', '', '2009-08-06 11:13:00', NULL, NULL, NULL, 'vi'),
(2, 1, 'qwe', NULL, NULL, NULL, '', '', '2009-08-06 11:13:00', NULL, NULL, NULL, 'en'),
(3, 2, 'asd', NULL, NULL, NULL, '', '', '0000-00-00 00:00:00', NULL, NULL, NULL, 'vi'),
(4, 2, 'qwe', NULL, NULL, NULL, '', '', '0000-00-00 00:00:00', NULL, NULL, NULL, 'en'),
(5, 3, 'zxc', 'zxc', '', '', '', '', NULL, NULL, NULL, NULL, 'vi'),
(6, 3, 'vbn', 'vbn', '', '', '', '', NULL, NULL, NULL, NULL, 'en'),
(7, 4, 'asd', NULL, NULL, NULL, 'asd', '<p>The&nbsp;<a title=\"Ancient Greece\" href=\"https://en.wikipedia.org/wiki/Ancient_Greece\">Ancient Greeks</a>&nbsp;and&nbsp;<a title=\"Ancient Rome\" href=\"https://en.wikipedia.org/wiki/Ancient_Rome\">Romans</a>&nbsp;are known to have played many ball games, some of which involved the use of the feet. The Roman game&nbsp;<em><a title=\"Harpastum\" href=\"https://en.wikipedia.org/wiki/Harpastum\">harpastum</a></em>&nbsp;is believed to have been adapted from a&nbsp;<a title=\"Ancient Greece\" href=\"https://en.wikipedia.org/wiki/Ancient_Greece\">Greek</a>&nbsp;team game known as \"ἐ&pi;ί&sigma;&kappa;&upsilon;&rho;&omicron;&sigmaf;\" (<em><a title=\"Episkyros\" href=\"https://en.wikipedia.org/wiki/Episkyros\">Episkyros</a></em>)<sup id=\"cite_ref-11\" class=\"reference\"><a href=\"https://en.wikipedia.org/wiki/Football#cite_note-11\">[11]</a></sup><sup id=\"cite_ref-12\" class=\"reference\"><a href=\"https://en.wikipedia.org/wiki/Football#cite_note-12\">[12]</a></sup>&nbsp;or \"&phi;&alpha;&iota;&nu;ί&nu;&delta;&alpha;\" (<em>phaininda</em>),<sup id=\"cite_ref-13\" class=\"reference\"><a href=\"https://en.wikipedia.org/wiki/Football#cite_note-13\">[13]</a></sup>&nbsp;which is mentioned by a Greek playwright,&nbsp;<a title=\"Antiphanes of Berge\" href=\"https://en.wikipedia.org/wiki/Antiphanes_of_Berge\">Antiphanes</a>&nbsp;(388&ndash;311&nbsp;BC) and later referred to by the&nbsp;<a title=\"Christianity\" href=\"https://en.wikipedia.org/wiki/Christianity\">Christian</a>&nbsp;theologian&nbsp;<a title=\"Clement of Alexandria\" href=\"https://en.wikipedia.org/wiki/Clement_of_Alexandria\">Clement of Alexandria</a>&nbsp;(c. 150 &ndash; c. 215&nbsp;AD). These games appear to have resembled&nbsp;<a title=\"Rugby football\" href=\"https://en.wikipedia.org/wiki/Rugby_football\">rugby football</a>.<sup id=\"cite_ref-14\" class=\"reference\"><a href=\"https://en.wikipedia.org/wiki/Football#cite_note-14\">[14]</a></sup><sup id=\"cite_ref-15\" class=\"reference\"><a href=\"https://en.wikipedia.org/wiki/Football#cite_note-15\">[15]</a></sup><sup id=\"cite_ref-16\" class=\"reference\"><a href=\"https://en.wikipedia.org/wiki/Football#cite_note-16\">[16]</a></sup><sup id=\"cite_ref-17\" class=\"reference\"><a href=\"https://en.wikipedia.org/wiki/Football#cite_note-17\">[17]</a></sup><sup id=\"cite_ref-18\" class=\"reference\"><a href=\"https://en.wikipedia.org/wiki/Football#cite_note-18\">[18]</a></sup>&nbsp;The Roman politician&nbsp;<a title=\"Cicero\" href=\"https://en.wikipedia.org/wiki/Cicero\">Cicero</a>&nbsp;(106&ndash;43&nbsp;BC) describes the case of a man who was killed whilst having a shave when a ball was kicked into a barber\'s shop. Roman ball games already knew the air-filled ball, the&nbsp;<a class=\"mw-redirect\" title=\"Follis (ball game)\" href=\"https://en.wikipedia.org/wiki/Follis_(ball_game)\">follis</a>.<sup id=\"cite_ref-19\" class=\"reference\"><a href=\"https://en.wikipedia.org/wiki/Football#cite_note-19\">[19]</a></sup><sup id=\"cite_ref-20\" class=\"reference\"><a href=\"https://en.wikipedia.org/wiki/Football#cite_note-20\">[20]</a></sup>&nbsp;<em>Episkyros</em>&nbsp;is recognised as an early form of football by FIFA.<sup id=\"cite_ref-21\" class=\"reference\"><a href=\"https://en.wikipedia.org/wiki/Football#cite_note-21\">[21]</a></sup></p>\r\n<p>A Chinese game called&nbsp;<a title=\"Cuju\" href=\"https://en.wikipedia.org/wiki/Cuju\">Cuju</a>&nbsp;(蹴鞠), Tsu\' Chu, or Zuqiu (足球) has been recognised by&nbsp;<a title=\"FIFA\" href=\"https://en.wikipedia.org/wiki/FIFA\">FIFA</a>&nbsp;as the first version of the game with regular rules.<sup id=\"cite_ref-22\" class=\"reference\"><a href=\"https://en.wikipedia.org/wiki/Football#cite_note-22\">[22]</a></sup>&nbsp;It existed during the&nbsp;<a class=\"mw-redirect\" title=\"Han Dynasty\" href=\"https://en.wikipedia.org/wiki/Han_Dynasty\">Han Dynasty</a>, the second and third centuries BC.<sup class=\"noprint Inline-Template Template-Fact\">[<em><a title=\"Wikipedia:Citation needed\" href=\"https://en.wikipedia.org/wiki/Wikipedia:Citation_needed\"><span title=\"&quot;The\">citation needed</span></a></em>]</sup>&nbsp;The Japanese version of&nbsp;<em>cuju</em>&nbsp;is&nbsp;<em><a title=\"Kemari\" href=\"https://en.wikipedia.org/wiki/Kemari\">kemari</a></em>&nbsp;(蹴鞠), and was developed during the&nbsp;<a title=\"Asuka period\" href=\"https://en.wikipedia.org/wiki/Asuka_period\">Asuka period</a>.<sup id=\"cite_ref-hawaii_23-0\" class=\"reference\"><a href=\"https://en.wikipedia.org/wiki/Football#cite_note-hawaii-23\">[23]</a></sup>&nbsp;This is known to have been played within the Japanese imperial court in&nbsp;<a title=\"Kyoto\" href=\"https://en.wikipedia.org/wiki/Kyoto\">Kyoto</a>&nbsp;from about 600&nbsp;AD. In&nbsp;<em>kemari</em>&nbsp;several people stand in a circle and kick a ball to each other, trying not to let the ball drop to the ground (much like&nbsp;<a title=\"Keepie uppie\" href=\"https://en.wikipedia.org/wiki/Keepie_uppie\">keepie uppie</a>). The game appears to have died out sometime before the mid-19th century. It was revived in 1903 and is now played at a number of festivals.<sup class=\"noprint Inline-Template Template-Fact\">[<em><a title=\"Wikipedia:Citation needed\" href=\"https://en.wikipedia.org/wiki/Wikipedia:Citation_needed\"><span title=\"This claim needs references to reliable sources. (January 2012)\">citation needed</span></a></em>]</sup></p>\r\n<p>There are a number of references to&nbsp;<a title=\"Tradition\" href=\"https://en.wikipedia.org/wiki/Tradition\">traditional</a>,&nbsp;<a class=\"mw-redirect\" title=\"Ancient\" href=\"https://en.wikipedia.org/wiki/Ancient\">ancient</a>, or&nbsp;<a class=\"mw-redirect\" title=\"Prehistoric\" href=\"https://en.wikipedia.org/wiki/Prehistoric\">prehistoric</a>&nbsp;ball games, played by&nbsp;<a title=\"Indigenous peoples\" href=\"https://en.wikipedia.org/wiki/Indigenous_peoples\">indigenous peoples</a>&nbsp;in many different parts of the world. For example, in 1586, men from a ship commanded by an English explorer named&nbsp;<a title=\"John Davis (English explorer)\" href=\"https://en.wikipedia.org/wiki/John_Davis_(English_explorer)\">John Davis</a>, went ashore to play a form of football with&nbsp;<a title=\"Inuit\" href=\"https://en.wikipedia.org/wiki/Inuit\">Inuit</a>&nbsp;(Eskimo) people in&nbsp;<a title=\"Greenland\" href=\"https://en.wikipedia.org/wiki/Greenland\">Greenland</a>.<sup id=\"cite_ref-24\" class=\"reference\"><a href=\"https://en.wikipedia.org/wiki/Football#cite_note-24\">[24]</a></sup>&nbsp;There are later accounts of an Inuit game played on ice, called&nbsp;<em>Aqsaqtuk</em>. Each match began with two teams facing each other in parallel lines, before attempting to kick the ball through each other team\'s line and then at a goal. In 1610,&nbsp;<a title=\"William Strachey\" href=\"https://en.wikipedia.org/wiki/William_Strachey\">William Strachey</a>, a colonist at&nbsp;<a title=\"Jamestown, Virginia\" href=\"https://en.wikipedia.org/wiki/Jamestown,_Virginia\">Jamestown, Virginia</a>&nbsp;recorded a game played by&nbsp;<a title=\"Native Americans in the United States\" href=\"https://en.wikipedia.org/wiki/Native_Americans_in_the_United_States\">Native Americans</a>, called&nbsp;<em>Pahsaheman</em>.<sup class=\"noprint Inline-Template Template-Fact\">[<em><a title=\"Wikipedia:Citation needed\" href=\"https://en.wikipedia.org/wiki/Wikipedia:Citation_needed\"><span title=\"This claim needs references to reliable sources. (January 2012)\">citation needed</span></a></em>]</sup>&nbsp;On the&nbsp;<a class=\"mw-redirect\" title=\"Australian continent\" href=\"https://en.wikipedia.org/wiki/Australian_continent\">Australian continent</a>several tribes of&nbsp;<a title=\"Indigenous Australians\" href=\"https://en.wikipedia.org/wiki/Indigenous_Australians\">indigenous people</a>&nbsp;played kicking and catching games with stuffed balls which have been generalised by historians as&nbsp;<em><a title=\"Marn Grook\" href=\"https://en.wikipedia.org/wiki/Marn_Grook\">Marn Grook</a></em>&nbsp;(<a class=\"mw-redirect\" title=\"Djab Wurrung\" href=\"https://en.wikipedia.org/wiki/Djab_Wurrung\">Djab Wurrung</a>&nbsp;for \"game ball\"). The earliest historical account is an&nbsp;<a title=\"Anecdote\" href=\"https://en.wikipedia.org/wiki/Anecdote\">anecdote</a>&nbsp;from the 1878 book by&nbsp;<a class=\"mw-redirect\" title=\"Robert Brough-Smyth\" href=\"https://en.wikipedia.org/wiki/Robert_Brough-Smyth\">Robert Brough-Smyth</a>,&nbsp;<em>The Aborigines of Victoria</em>, in which a man called Richard Thomas is quoted as saying, in about 1841 in&nbsp;<a class=\"mw-redirect\" title=\"Victoria, Australia\" href=\"https://en.wikipedia.org/wiki/Victoria,_Australia\">Victoria, Australia</a>, that he had witnessed Aboriginal people playing the game: \"Mr Thomas describes how the foremost player will drop kick a ball made from the skin of a&nbsp;<a title=\"Phalangeriformes\" href=\"https://en.wikipedia.org/wiki/Phalangeriformes\">possum</a>&nbsp;and how other players leap into the air in order to catch it.\" Some historians have theorised that&nbsp;<em>Marn Grook</em>&nbsp;was one of the&nbsp;<a class=\"mw-redirect\" title=\"Origins of Australian football\" href=\"https://en.wikipedia.org/wiki/Origins_of_Australian_football\">origins of</a>&nbsp;<a title=\"Australian rules football\" href=\"https://en.wikipedia.org/wiki/Australian_rules_football\">Australian rules football</a>.</p>\r\n<p>The&nbsp;<a title=\"Māori people\" href=\"https://en.wikipedia.org/wiki/M%C4%81ori_people\">Māori</a>&nbsp;in New Zealand played a game called&nbsp;<a title=\"Ki-o-rahi\" href=\"https://en.wikipedia.org/wiki/Ki-o-rahi\">Ki-o-rahi</a>&nbsp;consisting of teams of seven players play on a circular field divided into zones, and score points by touching the \'pou\' (boundary markers) and hitting a central \'tupu\' or target.<sup class=\"noprint Inline-Template Template-Fact\">[<em><a title=\"Wikipedia:Citation needed\" href=\"https://en.wikipedia.org/wiki/Wikipedia:Citation_needed\"><span title=\"This claim needs references to reliable sources. (January 2012)\">citation needed</span></a></em>]</sup></p>\r\n<p><a title=\"Mesoamerican ballgame\" href=\"https://en.wikipedia.org/wiki/Mesoamerican_ballgame\">Games played in Mesoamerica</a>&nbsp;with rubber balls by&nbsp;<a title=\"Indigenous peoples of the Americas\" href=\"https://en.wikipedia.org/wiki/Indigenous_peoples_of_the_Americas\">indigenous peoples</a>&nbsp;are also well-documented as existing since before this time, but these had more similarities to&nbsp;<a title=\"Basketball\" href=\"https://en.wikipedia.org/wiki/Basketball\">basketball</a>&nbsp;or&nbsp;<a title=\"Volleyball\" href=\"https://en.wikipedia.org/wiki/Volleyball\">volleyball</a>, and no links have been found between such games and modern football sports. Northeastern American Indians, especially the&nbsp;<a title=\"Iroquois\" href=\"https://en.wikipedia.org/wiki/Iroquois\">Iroquois</a>&nbsp;Confederation, played a game which made use of net racquets to throw and catch a small ball; however, although it is a ball-goal foot game,&nbsp;<a title=\"Lacrosse\" href=\"https://en.wikipedia.org/wiki/Lacrosse\">lacrosse</a>&nbsp;(as its modern descendant is called) is likewise not usually classed as a form of \"football.\"<sup class=\"noprint Inline-Template Template-Fact\">[<em><a title=\"Wikipedia:Citation needed\" href=\"https://en.wikipedia.org/wiki/Wikipedia:Citation_needed\"><span title=\"This claim needs references to reliable sources. (January 2012)\">citation needed</span></a></em>]</sup></p>\r\n<p>These games and others may well go far back into antiquity. However, the main sources of modern football codes appear to lie in western Europe, especially England.</p>', NULL, NULL, NULL, NULL, 'vi'),
(8, 4, 'qwe', NULL, NULL, NULL, 'qwe', '<p>The&nbsp;<a title=\"Ancient Greece\" href=\"https://en.wikipedia.org/wiki/Ancient_Greece\">Ancient Greeks</a>&nbsp;and&nbsp;<a title=\"Ancient Rome\" href=\"https://en.wikipedia.org/wiki/Ancient_Rome\">Romans</a>&nbsp;are known to have played many ball games, some of which involved the use of the feet. The Roman game&nbsp;<em><a title=\"Harpastum\" href=\"https://en.wikipedia.org/wiki/Harpastum\">harpastum</a></em>&nbsp;is believed to have been adapted from a&nbsp;<a title=\"Ancient Greece\" href=\"https://en.wikipedia.org/wiki/Ancient_Greece\">Greek</a>&nbsp;team game known as \"ἐ&pi;ί&sigma;&kappa;&upsilon;&rho;&omicron;&sigmaf;\" (<em><a title=\"Episkyros\" href=\"https://en.wikipedia.org/wiki/Episkyros\">Episkyros</a></em>)<sup id=\"cite_ref-11\" class=\"reference\"><a href=\"https://en.wikipedia.org/wiki/Football#cite_note-11\">[11]</a></sup><sup id=\"cite_ref-12\" class=\"reference\"><a href=\"https://en.wikipedia.org/wiki/Football#cite_note-12\">[12]</a></sup>&nbsp;or \"&phi;&alpha;&iota;&nu;ί&nu;&delta;&alpha;\" (<em>phaininda</em>),<sup id=\"cite_ref-13\" class=\"reference\"><a href=\"https://en.wikipedia.org/wiki/Football#cite_note-13\">[13]</a></sup>&nbsp;which is mentioned by a Greek playwright,&nbsp;<a title=\"Antiphanes of Berge\" href=\"https://en.wikipedia.org/wiki/Antiphanes_of_Berge\">Antiphanes</a>&nbsp;(388&ndash;311&nbsp;BC) and later referred to by the&nbsp;<a title=\"Christianity\" href=\"https://en.wikipedia.org/wiki/Christianity\">Christian</a>&nbsp;theologian&nbsp;<a title=\"Clement of Alexandria\" href=\"https://en.wikipedia.org/wiki/Clement_of_Alexandria\">Clement of Alexandria</a>&nbsp;(c. 150 &ndash; c. 215&nbsp;AD). These games appear to have resembled&nbsp;<a title=\"Rugby football\" href=\"https://en.wikipedia.org/wiki/Rugby_football\">rugby football</a>.<sup id=\"cite_ref-14\" class=\"reference\"><a href=\"https://en.wikipedia.org/wiki/Football#cite_note-14\">[14]</a></sup><sup id=\"cite_ref-15\" class=\"reference\"><a href=\"https://en.wikipedia.org/wiki/Football#cite_note-15\">[15]</a></sup><sup id=\"cite_ref-16\" class=\"reference\"><a href=\"https://en.wikipedia.org/wiki/Football#cite_note-16\">[16]</a></sup><sup id=\"cite_ref-17\" class=\"reference\"><a href=\"https://en.wikipedia.org/wiki/Football#cite_note-17\">[17]</a></sup><sup id=\"cite_ref-18\" class=\"reference\"><a href=\"https://en.wikipedia.org/wiki/Football#cite_note-18\">[18]</a></sup>&nbsp;The Roman politician&nbsp;<a title=\"Cicero\" href=\"https://en.wikipedia.org/wiki/Cicero\">Cicero</a>&nbsp;(106&ndash;43&nbsp;BC) describes the case of a man who was killed whilst having a shave when a ball was kicked into a barber\'s shop. Roman ball games already knew the air-filled ball, the&nbsp;<a class=\"mw-redirect\" title=\"Follis (ball game)\" href=\"https://en.wikipedia.org/wiki/Follis_(ball_game)\">follis</a>.<sup id=\"cite_ref-19\" class=\"reference\"><a href=\"https://en.wikipedia.org/wiki/Football#cite_note-19\">[19]</a></sup><sup id=\"cite_ref-20\" class=\"reference\"><a href=\"https://en.wikipedia.org/wiki/Football#cite_note-20\">[20]</a></sup>&nbsp;<em>Episkyros</em>&nbsp;is recognised as an early form of football by FIFA.<sup id=\"cite_ref-21\" class=\"reference\"><a href=\"https://en.wikipedia.org/wiki/Football#cite_note-21\">[21]</a></sup></p>\r\n<p>A Chinese game called&nbsp;<a title=\"Cuju\" href=\"https://en.wikipedia.org/wiki/Cuju\">Cuju</a>&nbsp;(蹴鞠), Tsu\' Chu, or Zuqiu (足球) has been recognised by&nbsp;<a title=\"FIFA\" href=\"https://en.wikipedia.org/wiki/FIFA\">FIFA</a>&nbsp;as the first version of the game with regular rules.<sup id=\"cite_ref-22\" class=\"reference\"><a href=\"https://en.wikipedia.org/wiki/Football#cite_note-22\">[22]</a></sup>&nbsp;It existed during the&nbsp;<a class=\"mw-redirect\" title=\"Han Dynasty\" href=\"https://en.wikipedia.org/wiki/Han_Dynasty\">Han Dynasty</a>, the second and third centuries BC.<sup class=\"noprint Inline-Template Template-Fact\">[<em><a title=\"Wikipedia:Citation needed\" href=\"https://en.wikipedia.org/wiki/Wikipedia:Citation_needed\"><span title=\"&quot;The\">citation needed</span></a></em>]</sup>&nbsp;The Japanese version of&nbsp;<em>cuju</em>&nbsp;is&nbsp;<em><a title=\"Kemari\" href=\"https://en.wikipedia.org/wiki/Kemari\">kemari</a></em>&nbsp;(蹴鞠), and was developed during the&nbsp;<a title=\"Asuka period\" href=\"https://en.wikipedia.org/wiki/Asuka_period\">Asuka period</a>.<sup id=\"cite_ref-hawaii_23-0\" class=\"reference\"><a href=\"https://en.wikipedia.org/wiki/Football#cite_note-hawaii-23\">[23]</a></sup>&nbsp;This is known to have been played within the Japanese imperial court in&nbsp;<a title=\"Kyoto\" href=\"https://en.wikipedia.org/wiki/Kyoto\">Kyoto</a>&nbsp;from about 600&nbsp;AD. In&nbsp;<em>kemari</em>&nbsp;several people stand in a circle and kick a ball to each other, trying not to let the ball drop to the ground (much like&nbsp;<a title=\"Keepie uppie\" href=\"https://en.wikipedia.org/wiki/Keepie_uppie\">keepie uppie</a>). The game appears to have died out sometime before the mid-19th century. It was revived in 1903 and is now played at a number of festivals.<sup class=\"noprint Inline-Template Template-Fact\">[<em><a title=\"Wikipedia:Citation needed\" href=\"https://en.wikipedia.org/wiki/Wikipedia:Citation_needed\"><span title=\"This claim needs references to reliable sources. (January 2012)\">citation needed</span></a></em>]</sup></p>\r\n<p>There are a number of references to&nbsp;<a title=\"Tradition\" href=\"https://en.wikipedia.org/wiki/Tradition\">traditional</a>,&nbsp;<a class=\"mw-redirect\" title=\"Ancient\" href=\"https://en.wikipedia.org/wiki/Ancient\">ancient</a>, or&nbsp;<a class=\"mw-redirect\" title=\"Prehistoric\" href=\"https://en.wikipedia.org/wiki/Prehistoric\">prehistoric</a>&nbsp;ball games, played by&nbsp;<a title=\"Indigenous peoples\" href=\"https://en.wikipedia.org/wiki/Indigenous_peoples\">indigenous peoples</a>&nbsp;in many different parts of the world. For example, in 1586, men from a ship commanded by an English explorer named&nbsp;<a title=\"John Davis (English explorer)\" href=\"https://en.wikipedia.org/wiki/John_Davis_(English_explorer)\">John Davis</a>, went ashore to play a form of football with&nbsp;<a title=\"Inuit\" href=\"https://en.wikipedia.org/wiki/Inuit\">Inuit</a>&nbsp;(Eskimo) people in&nbsp;<a title=\"Greenland\" href=\"https://en.wikipedia.org/wiki/Greenland\">Greenland</a>.<sup id=\"cite_ref-24\" class=\"reference\"><a href=\"https://en.wikipedia.org/wiki/Football#cite_note-24\">[24]</a></sup>&nbsp;There are later accounts of an Inuit game played on ice, called&nbsp;<em>Aqsaqtuk</em>. Each match began with two teams facing each other in parallel lines, before attempting to kick the ball through each other team\'s line and then at a goal. In 1610,&nbsp;<a title=\"William Strachey\" href=\"https://en.wikipedia.org/wiki/William_Strachey\">William Strachey</a>, a colonist at&nbsp;<a title=\"Jamestown, Virginia\" href=\"https://en.wikipedia.org/wiki/Jamestown,_Virginia\">Jamestown, Virginia</a>&nbsp;recorded a game played by&nbsp;<a title=\"Native Americans in the United States\" href=\"https://en.wikipedia.org/wiki/Native_Americans_in_the_United_States\">Native Americans</a>, called&nbsp;<em>Pahsaheman</em>.<sup class=\"noprint Inline-Template Template-Fact\">[<em><a title=\"Wikipedia:Citation needed\" href=\"https://en.wikipedia.org/wiki/Wikipedia:Citation_needed\"><span title=\"This claim needs references to reliable sources. (January 2012)\">citation needed</span></a></em>]</sup>&nbsp;On the&nbsp;<a class=\"mw-redirect\" title=\"Australian continent\" href=\"https://en.wikipedia.org/wiki/Australian_continent\">Australian continent</a>several tribes of&nbsp;<a title=\"Indigenous Australians\" href=\"https://en.wikipedia.org/wiki/Indigenous_Australians\">indigenous people</a>&nbsp;played kicking and catching games with stuffed balls which have been generalised by historians as&nbsp;<em><a title=\"Marn Grook\" href=\"https://en.wikipedia.org/wiki/Marn_Grook\">Marn Grook</a></em>&nbsp;(<a class=\"mw-redirect\" title=\"Djab Wurrung\" href=\"https://en.wikipedia.org/wiki/Djab_Wurrung\">Djab Wurrung</a>&nbsp;for \"game ball\"). The earliest historical account is an&nbsp;<a title=\"Anecdote\" href=\"https://en.wikipedia.org/wiki/Anecdote\">anecdote</a>&nbsp;from the 1878 book by&nbsp;<a class=\"mw-redirect\" title=\"Robert Brough-Smyth\" href=\"https://en.wikipedia.org/wiki/Robert_Brough-Smyth\">Robert Brough-Smyth</a>,&nbsp;<em>The Aborigines of Victoria</em>, in which a man called Richard Thomas is quoted as saying, in about 1841 in&nbsp;<a class=\"mw-redirect\" title=\"Victoria, Australia\" href=\"https://en.wikipedia.org/wiki/Victoria,_Australia\">Victoria, Australia</a>, that he had witnessed Aboriginal people playing the game: \"Mr Thomas describes how the foremost player will drop kick a ball made from the skin of a&nbsp;<a title=\"Phalangeriformes\" href=\"https://en.wikipedia.org/wiki/Phalangeriformes\">possum</a>&nbsp;and how other players leap into the air in order to catch it.\" Some historians have theorised that&nbsp;<em>Marn Grook</em>&nbsp;was one of the&nbsp;<a class=\"mw-redirect\" title=\"Origins of Australian football\" href=\"https://en.wikipedia.org/wiki/Origins_of_Australian_football\">origins of</a>&nbsp;<a title=\"Australian rules football\" href=\"https://en.wikipedia.org/wiki/Australian_rules_football\">Australian rules football</a>.</p>\r\n<p>The&nbsp;<a title=\"Māori people\" href=\"https://en.wikipedia.org/wiki/M%C4%81ori_people\">Māori</a>&nbsp;in New Zealand played a game called&nbsp;<a title=\"Ki-o-rahi\" href=\"https://en.wikipedia.org/wiki/Ki-o-rahi\">Ki-o-rahi</a>&nbsp;consisting of teams of seven players play on a circular field divided into zones, and score points by touching the \'pou\' (boundary markers) and hitting a central \'tupu\' or target.<sup class=\"noprint Inline-Template Template-Fact\">[<em><a title=\"Wikipedia:Citation needed\" href=\"https://en.wikipedia.org/wiki/Wikipedia:Citation_needed\"><span title=\"This claim needs references to reliable sources. (January 2012)\">citation needed</span></a></em>]</sup></p>\r\n<p><a title=\"Mesoamerican ballgame\" href=\"https://en.wikipedia.org/wiki/Mesoamerican_ballgame\">Games played in Mesoamerica</a>&nbsp;with rubber balls by&nbsp;<a title=\"Indigenous peoples of the Americas\" href=\"https://en.wikipedia.org/wiki/Indigenous_peoples_of_the_Americas\">indigenous peoples</a>&nbsp;are also well-documented as existing since before this time, but these had more similarities to&nbsp;<a title=\"Basketball\" href=\"https://en.wikipedia.org/wiki/Basketball\">basketball</a>&nbsp;or&nbsp;<a title=\"Volleyball\" href=\"https://en.wikipedia.org/wiki/Volleyball\">volleyball</a>, and no links have been found between such games and modern football sports. Northeastern American Indians, especially the&nbsp;<a title=\"Iroquois\" href=\"https://en.wikipedia.org/wiki/Iroquois\">Iroquois</a>&nbsp;Confederation, played a game which made use of net racquets to throw and catch a small ball; however, although it is a ball-goal foot game,&nbsp;<a title=\"Lacrosse\" href=\"https://en.wikipedia.org/wiki/Lacrosse\">lacrosse</a>&nbsp;(as its modern descendant is called) is likewise not usually classed as a form of \"football.\"<sup class=\"noprint Inline-Template Template-Fact\">[<em><a title=\"Wikipedia:Citation needed\" href=\"https://en.wikipedia.org/wiki/Wikipedia:Citation_needed\"><span title=\"This claim needs references to reliable sources. (January 2012)\">citation needed</span></a></em>]</sup></p>\r\n<p>These games and others may well go far back into antiquity. However, the main sources of modern football codes appear to lie in western Europe, especially England.</p>', NULL, NULL, NULL, NULL, 'en'),
(9, 5, 'CHƯƠNG TRÌNH ĐÀO TẠO KỸ NĂNG THUYẾT TRÌNH CHO CÔNG TY VIWASE', 'chuong-trinh-dao-tao-ky-nang-thuyet-trinh-cho-cong-ty-viwase', 'CHƯƠNG TRÌNH ĐÀO TẠO KỸ NĂNG THUYẾT TRÌNH CHO CÔNG TY VIWASE', 'program,training', 'Ngày nay, thuyết trình đang dần trở thành một kỹ năng cực kỳ quan trọng đối với mọi cá nhân, bất kể đó là học sinh, sinh viên hay người đã đi làm.', '<p>Ng&agrave;y nay, thuyết tr&igrave;nh đang dần trở th&agrave;nh một kỹ năng cực kỳ quan trọng đối với mọi c&aacute; nh&acirc;n, bất kể đ&oacute; l&agrave; học sinh, sinh vi&ecirc;n hay người đ&atilde; đi l&agrave;m. Thực tế đ&atilde; chứng minh, kỹ năng thuyết tr&igrave;nh l&agrave; cần thiết cho hầu hết c&aacute;c vị tr&iacute; trong mọi lĩnh vực, đặc biệt với những c&aacute; nh&acirc;n mong muốn ph&aacute;t triển bản th&acirc;n, xa hơn l&agrave; thăng tiến trong học tập v&agrave; c&ocirc;ng việc. Với một số người, diễn thuyết trước đ&aacute;m đ&ocirc;ng, hay đơn giản l&agrave; tr&igrave;nh b&agrave;y &yacute; tưởng của m&igrave;nh trong một cuộc họp, l&agrave; một điều tương đối dễ d&agrave;ng. Nhưng với đa số c&aacute; nh&acirc;n kh&aacute;c, c&ocirc;ng việc thuyết tr&igrave;nh thực sự l&agrave; một g&aacute;nh nặng kh&oacute; vượt qua, thậm ch&iacute; ngay từ trong suy nghĩ của họ.Những người n&agrave;y hiểu được tầm quan trọng của thuyết tr&igrave;nh, nhưng kh&ocirc;ng nỗ lực để trau dồi kỹ năng n&agrave;y, hoặc c&oacute; cố gắng nhưng chưa đủ, cũng như chưa c&oacute; phương ph&aacute;p đ&uacute;ng đắn.</p>\r\n<p>Hiểu được thực tế đ&oacute;, EAGLE ELE đ&atilde; nghi&ecirc;n cứu, thiết kế v&agrave; triển khai chương tr&igrave;nh đ&agrave;o tạo kỹ năng thuyết tr&igrave;nh cho C&ocirc;ng ty Cổ phần Nước v&agrave; M&ocirc;i trường Việt Nam &ndash; VIWASE. Chương tr&igrave;nh đ&agrave;o tạo diễn ra v&agrave;o ng&agrave;y 17/09 vừa qua tại H&agrave; Nội, trong kh&ocirc;ng kh&iacute; s&ocirc;i nổi, h&agrave;o hứng v&agrave; rất t&iacute;ch cực của c&aacute;c học vi&ecirc;n tham gia.</p>\r\n<p>Một số h&igrave;nh ảnh của buổi đ&agrave;o tạo:</p>\r\n<p><img src=\"http://eagleele.vn//source/1.jpg?1508400561960\" alt=\"\" width=\"1024\" height=\"576\" /></p>\r\n<p><img src=\"http://eagleele.vn//source/2.jpg?1508400571900\" alt=\"\" width=\"1024\" height=\"576\" /></p>\r\n<p><img src=\"http://eagleele.vn//source/3.jpg?1508400579436\" alt=\"\" width=\"1024\" height=\"576\" /></p>\r\n<p><img src=\"http://eagleele.vn//source/4.jpg?1508400590260\" alt=\"\" width=\"1024\" height=\"576\" /></p>', NULL, NULL, NULL, NULL, 'vi'),
(10, 5, 'VIWASE EXPERIMENTAL SKILLS PROGRAM', 'viwase-experimental-skills-program', 'VIWASE EXPERIMENTAL SKILLS PROGRAM', 'program,training', 'Today, presentations are becoming an extremely important skill for any individual, whether it\'s a student, a student, or a person who has gone to work.', '<p>Today, presentations are becoming an extremely important skill for any individual, whether it\'s a student, a student, or a person who has gone to work. In fact, presentation skills are essential for most positions in all areas, especially for individuals who wish to develop themselves, furthering their advancement in study and work. For some, public speaking, or simply presenting your ideas in a meeting, is relatively easy. But for the most part, the presentation is really a burden that is hard to overcome, even in their minds. They understand the importance of presentation, but do not attempt to do it. This is a skill, or an attempt, but not enough, as well as no proper method.<br />Understanding that fact, EAGLE ELE has researched, designed and implemented presentation training program for Vietnam Water and Environment Joint Stock Company - VIWASE. The training took place on 17 September in Hanoi, in the exciting, exciting and active atmosphere of the participants.<br />Some pictures of the training session:</p>', NULL, NULL, NULL, NULL, 'en'),
(11, 6, 'CHƯƠNG TRÌNH “THAY ĐỔI TƯ DUY, ĐỘT PHÁ THÀNH CÔNG” CHO CÔNG TY TRAPHACO', 'chuong-trinh-thay-doi-tu-duy-dot-pha-thanh-cong-cho-cong-ty-traphaco', 'CHƯƠNG TRÌNH “THAY ĐỔI TƯ DUY, ĐỘT PHÁ THÀNH CÔNG” CHO CÔNG TY TRAPHACO', 'program,training', 'Nền kinh tế thế giới luôn vận động và biến đổi không ngừng.Sự lên ngôi của kinh tế thị trường đã đẩy cuộc cạnh tranh giữa các doanh nghiệp lên một mức độ cao hơn, nơi đòi hỏi sự đổi mới liên tục và nhanh nhạy về tư duy nếu muốn tồn tại và duy trì vị thế t', '<p>Nền kinh tế thế giới lu&ocirc;n vận động v&agrave; biến đổi kh&ocirc;ng ngừng.Sự l&ecirc;n ng&ocirc;i của kinh tế thị trường đ&atilde; đẩy cuộc cạnh tranh giữa c&aacute;c doanh nghiệp l&ecirc;n một mức độ cao hơn, nơi đ&ograve;i hỏi sự đổi mới li&ecirc;n tục v&agrave; nhanh nhạy về tư duy nếu muốn tồn tại v&agrave; duy tr&igrave; vị thế tr&ecirc;n thương trường. Kh&ocirc;ng &iacute;t c&ocirc;ng cũng như tập đo&agrave;n lớn nhỏ đ&atilde; rơi v&agrave;o t&igrave;nh cảnh tụt hậu do vẫn duy tr&igrave; c&aacute;ch l&agrave;m việc cũ v&agrave; kh&ocirc;ng nắm bắt được xu hướng thay đổi của thời đại. Với sự ph&aacute;t triển nhanh ch&oacute;ng của khoa học kỹ thuật như hiện nay, qu&aacute; tr&igrave;nh thay đổi hứa hẹn sẽ c&ograve;n diễn ra mạnh mẽ hơn nữa, do vậy y&ecirc;u cầu phải cập nhật xu thế v&agrave; thay đổi tư duy, thay đổi c&aacute;ch l&agrave;m việc đối với c&aacute;c doanh nghiệp gần như l&agrave; tất yếu.</p>\r\n<p>Ng&agrave;y 16/10 vừa qua, C&ocirc;ng ty Cổ phần Traphaco đ&atilde; tổ chức lễ ch&agrave;o mừng ng&agrave;y phụ nữ Việt Nam 20/10 tại khu nghỉ dưỡng Asean Resort, H&agrave; Nội.Cũng tại buổi lễ, Traphaco cũng đ&atilde; phối hợp c&ugrave;ng EAGLE ELE tổ chức buổi diễn thuyết với chủ đề &ldquo;Thay đổi tư duy, đột ph&aacute; th&agrave;nh c&ocirc;ng&rdquo; với kh&aacute;ch mời l&agrave; TS. L&ecirc; Thẩm Dương, giảng vi&ecirc;n Đại học Ng&acirc;n H&agrave;ng TPHCM, diễn giả nổi tiếng với những kh&oacute;a học hiệu quả về kh&aacute;m ph&aacute; v&agrave; ph&aacute;t triển bản th&acirc;n, đồng thời l&agrave; chuy&ecirc;n gia tư vấn cho rất nhiều doanh nghiệp lớn. Qua buổi chia sẻ, tập thể l&atilde;nh đạo cũng như CBCNV của Traphaco đ&atilde; c&oacute; được nhiều b&agrave;i học qu&yacute; b&aacute;u từ TS L&ecirc; Thẩm Dương, qua đ&oacute; tiếp tục đo&agrave;n kết phấn đấu cho sự ph&aacute;t triển vững mạnh của c&ocirc;ng ty.</p>\r\n<p>Đ&acirc;y l&agrave; một hoạt động đặc biệt quan trọng v&agrave; &yacute; nghĩa đối với C&ocirc;ng ty CP Traphaco. B&ecirc;n cạnh &nbsp;ghi nhận sự đ&oacute;ng g&oacute;p to lớn của BLĐ đối với to&agrave;n thể chị em phụ nữ th&igrave; c&ograve;n c&oacute; sự xuất hiện của Chuy&ecirc;n Gia TS L&ecirc; Thẩm Dương tạo n&ecirc;n sự bất ngờ d&agrave;nh cho to&agrave;n bộ nh&acirc;n vi&ecirc;n &ndash; những người đ&atilde; kh&ocirc;ng ngừng phấn đấu, cố gắng v&igrave; sự ph&aacute;t triển chung của doanh nghiệp.<br />Chương tr&igrave;nh kh&ocirc;ng chỉ l&agrave; một&nbsp;<em><strong>format phổ th&ocirc;ng</strong></em>&nbsp;m&agrave; bất cứ doanh nghiệp n&agrave;o cũng đang thực hiện.&nbsp;Với format n&agrave;y, ngo&agrave;i những ph&aacute;t biểu của ban l&atilde;nh đạo doanh nghiệp, c&aacute;c hoạt động tạo động lực cho nh&acirc;n vi&ecirc;n th&igrave; sự xuất hiện v&agrave; chia sẻ của c&aacute;c chuy&ecirc;n gia sẽ đảm bảo độ th&agrave;nh c&ocirc;ng vượt trội cho sự kiện. Với kinh nghiệm, t&agrave;i năng của c&aacute;c chuy&ecirc;n gia đầu ng&agrave;nh (chiến lược, kinh doanh, marketing, nh&acirc;n sự&hellip;) sẽ mang đến những tư duy mới, những tư vấn, định hướng về lộ tr&igrave;nh ph&aacute;t triển, về mục ti&ecirc;u của năm mới&hellip;trong bối cảnh hiện nay. Đ&acirc;y c&oacute; thể n&oacute;i một chương tr&igrave;nh thể hiện tầm nh&igrave;n của BLĐ.</p>\r\n<p>Một số h&igrave;nh ảnh tại buổi lễ:</p>\r\n<p><img src=\"http://eagleele.vn//source/1_1.jpg?1508400845533\" alt=\"\" width=\"600\" height=\"400\" /></p>\r\n<p><img src=\"http://eagleele.vn//source/2_1.jpg?1508400855501\" alt=\"\" width=\"600\" height=\"400\" /></p>', NULL, NULL, NULL, NULL, 'vi'),
(12, 6, 'THE PROGRAM OF \"CHANGE IN SUCCESS, SUCCESS FOR SUCCESS\" FOR TRAPHACO COMPANY', 'the-program-of-change-in-success-success-for-success-for-traphaco-company', 'THE PROGRAM OF \"CHANGE IN SUCCESS, SUCCESS FOR SUCCESS\" FOR TRAPHACO COMPANY', 'program,training', 'The economy of the world is constantly moving and changing. The rise of the market economy has pushed competition among enterprises to a higher level, which requires continuous innovation and quickness. Thinking if you want to survive and maintain your po', '<p>The economy of the world is constantly moving and changing. The rise of the market economy has pushed competition among enterprises to a higher level, which requires continuous innovation and quickness. Thinking if you want to survive and maintain your position in the market. Not many public as well as large corporations have fallen into a situation lagging behind the old way of working and not grasp the changing trend of the times. With the rapid development of science and technology today, the process of change is promising to be even stronger, thus requiring updating trends and changing thinking, changing the way we work. For businesses is almost inevitable.</p>\r\n<p>On October 16 th, Traphaco Joint Stock Company celebrated the Vietnamese Women\'s Day on October 20th at Asean Resort, Hanoi. Also at Traphaco, Traphaco co-operated with EAGLE ELE The lecture \"Change of thinking, breakthrough success\" with guest is TS. Le Thuy Duong, lecturer at Ho Chi Minh City Banking University, famous speaker with effective courses on exploring and developing himself, as well as consultant for many large enterprises. Through sharing, leaders and employees of Traphaco have gained valuable lessons from Dr. Le Tham Duong, thereby continuing to unite to strive for the strong development of the company.</p>\r\n<p>This is a very important and significant activity for Traphaco Joint Stock Company. In addition to recognizing the great contribution of the BLD to all women, the appearance of Dr. Le Tham Duong made a surprise for all employees - who have not stopped chalk. Fighting, trying for the common development of the business.<br />The program is not just a universal format that any business is doing. With this format, in addition to the statements of business leaders, motivational activities for employees, the appearance and sharing of experts will ensure outstanding success for the event. With experience, talents of leading experts (strategy, business, marketing, human resources ...) will bring new thinking, consultancy, orientation on the development plan, objectives of the year. new ... in the present context. This can be a program that shows the vision of the BLD.</p>\r\n<p>Some pictures at the ceremony:</p>\r\n<p><img src=\"http://eagleele.vn//source/1_1.jpg?1508400845533\" alt=\"\" width=\"600\" height=\"400\" /></p>\r\n<p><img src=\"http://eagleele.vn//source/2_1.jpg?1508400855501\" alt=\"\" width=\"600\" height=\"400\" /></p>', NULL, NULL, NULL, NULL, 'en'),
(13, 7, 'YEAR & PARTY - CHUỖI SỰ KIỆN CUỐI NĂM DÀNH CHO DOANH NGHIỆP', 'year-party---chuoi-su-kien-cuoi-nam-danh-cho-doanh-nghiep', 'YEAR & PARTY - CHUỖI SỰ KIỆN CUỐI NĂM DÀNH CHO DOANH NGHIỆP', 'new,new', 'YEAR & PARTY – Chuỗi sự kiện kết hợp đào tạo cho doanh nghiệp. Bên cạnh việc nhìn lại một năm đã qua với những thăng trầm, hướng tới một năm mới với những kế hoạch mới là những hoạt động gắn kết, chia sẻ, tạo động lực làm việc cho nhân viên.', '<p style=\"text-align: justify;\"><span class=\"example1 example2\" style=\"color: #ff0000;\"><strong>&nbsp; &nbsp; &nbsp;YEAR &amp; PARTY</strong></span>&nbsp;&ndash; Lễ tổng kết cuối năm l&agrave; một hoạt động đặc biệt quan trọng v&agrave; &yacute; nghĩa đối với mỗi doanh nghiệp, đ&acirc;y cũng l&agrave; niềm mong chờ trong suốt một năm của to&agrave;n bộ nh&acirc;n vi&ecirc;n. Nh&igrave;n lại một năm đ&atilde; qua với những thăng trầm, những th&agrave;nh tựu tốt đẹp, hướng tới một năm mới với những kế hoạch mới, mục ti&ecirc;u mới &hellip; l&agrave; những nội dung ch&iacute;nh của chương tr&igrave;nh n&agrave;y. B&ecirc;n cạnh đ&oacute; l&agrave; những hoạt động gắn kết, chia sẻ, tạo động lực cho nh&acirc;n vi&ecirc;n với c&aacute;c h&igrave;nh thức tuy&ecirc;n dương, trao thưởng&hellip; Tất cả để tạo n&ecirc;n một kh&ocirc;ng gian lắng đọng, tr&agrave;n đầy cảm x&uacute;c nhưng cũng kh&ocirc;ng k&eacute;m phần s&ocirc;i động v&agrave; bất ngờ d&agrave;nh cho nh&acirc;n vi&ecirc;n &ndash; những người đ&atilde; kh&ocirc;ng ngừng phấn đấu, cố gắng v&igrave; sự ph&aacute;t triển chung của doanh nghiệp.</p>\r\n<p style=\"text-align: justify;\"><img src=\"http://eagleele.vn//source/2_2.jpg?1509087878861\" alt=\"\" width=\"615\" height=\"409\" /></p>\r\n<p style=\"text-align: justify;\">&nbsp; &nbsp; Tuy nhi&ecirc;n đ&oacute; chỉ l&agrave; một&nbsp;<span style=\"color: #ff0000;\"><em>format phổ th&ocirc;ng</em></span>&nbsp;m&agrave; bất cứ doanh nghiệp n&agrave;o cũng đang thực hiện. Nếu doanh nghiệp bạn&nbsp;<strong><em>cần một &yacute; tưởng độc đ&aacute;o theo một xu hướng mới, tạo sự kh&aacute;c biệt v&agrave; mang đến nhiều gi&aacute; trị hữu &iacute;ch hơn cho doanh nghiệp,&nbsp;&nbsp;cho nh&acirc;n vi&ecirc;n</em></strong>&nbsp;th&igrave; ch&uacute;ng t&ocirc;i sẵn s&agrave;ng cung cấp cho bạn giải ph&aacute;p:&nbsp;<strong>sự kiện kết hợp đ&agrave;o tạo</strong>&nbsp;(sự chia sẻ của c&aacute;c chuy&ecirc;n gia nổi tiếng tr&ecirc;n c&aacute;c lĩnh vực).</p>\r\n<p style=\"text-align: justify;\">&nbsp; &nbsp; Với format n&agrave;y, ngo&agrave;i những ph&aacute;t biểu của ban l&atilde;nh đạo doanh nghiệp, c&aacute;c hoạt động tạo động lực cho nh&acirc;n vi&ecirc;n th&igrave; sự xuất hiện v&agrave; chia sẻ của c&aacute;c chuy&ecirc;n gia sẽ đảm bảo độ th&agrave;nh c&ocirc;ng vượt trội cho sự kiện. Với kinh nghiệm, t&agrave;i năng của c&aacute;c chuy&ecirc;n gia đầu ng&agrave;nh (chiến lược, kinh doanh, marketing, nh&acirc;n sự&hellip;)&nbsp;&nbsp;sẽ mang đến những tư duy mới, những tư vấn, định hướng về lộ tr&igrave;nh ph&aacute;t triển, về mục ti&ecirc;u của năm mới&hellip; trong bối cảnh hiện nay.</p>\r\n<p style=\"text-align: justify;\">&nbsp; &nbsp; &nbsp;<span style=\"color: #ff0000;\"><strong>Những điểm nổi bật của xu hướng mới: Sự kiện kết hợp đ&agrave;o tạo</strong></span></p>\r\n<p style=\"text-align: justify;\">- Chương tr&igrave;nh đ&agrave;o tạo nằm trong sự kiện cũng như một phần thưởng d&agrave;nh cho to&agrave;n bộ nh&acirc;n vi&ecirc;n.</p>\r\n<p style=\"text-align: justify;\">- Tạo n&ecirc;n một sự kiện gi&agrave;u gi&aacute; trị cho doanh nghiệp, l&atilde;nh đạo, nh&acirc;n vi&ecirc;n: Lĩnh hội được nhiều kiến thức, kỹ năng mới phục vụ cho c&ocirc;ng việc m&agrave; xu hướng cũ kh&ocirc;ng thể c&oacute; được.</p>\r\n<p style=\"text-align: justify;\">- Đảm bảo sự th&agrave;nh c&ocirc;ng cho sự kiện v&igrave; nh&acirc;n vi&ecirc;n kh&ocirc;ng chỉ đến để dự tiệc, tham gia văn nghệ, nhận thưởng&hellip; m&agrave; c&ograve;n đến để được gặp gỡ chuy&ecirc;n gia, học hỏi, t&iacute;ch lũy cho bản th&acirc;n.</p>\r\n<p style=\"text-align: justify;\">- Hoạt động của sự kiện diễn ra d&agrave;y dặn, b&agrave;i bản hướng nh&acirc;n vi&ecirc;n đến với những gi&aacute; trị của tri thức.</p>\r\n<p style=\"text-align: justify;\"><img src=\"http://eagleele.vn//source/tien-si-le-tham-duong-quan-tri-cuoc-doi%20(1).jpg?1509087572003\" alt=\"\" width=\"619\" height=\"459\" /></p>\r\n<p style=\"text-align: justify;\">&nbsp; &nbsp; &nbsp;<em>Mang trong m&igrave;nh một nỗi trăn trở lớn về tương lai của Việt Nam, <span style=\"color: #ff0000;\"><strong>TS L&ecirc; Thẩm Dương</strong></span> lu&ocirc;n kh&aacute;t khao được chia sẻ v&agrave; truyền cảm hứng cho c&aacute;c thế hệ học vi&ecirc;n, c&aacute;c nh&agrave; quản l&yacute;, điều h&agrave;nh doanh nghiệp. Với một phong c&aacute;ch rất &ldquo;bụi&rdquo;, rất &ldquo;đời&rdquo; &ocirc;ng đ&atilde; tạo n&ecirc;n dấu ấn ri&ecirc;ng v&agrave; rất th&agrave;nh c&ocirc;ng tr&ecirc;n c&aacute;c diễn đ&agrave;n kinh tế trong v&agrave; ngo&agrave;i nước.</em></p>\r\n<p style=\"text-align: justify;\"><strong>&nbsp; &nbsp; &nbsp;<span style=\"color: #ff0000;\">&Ocirc;ng l&agrave;:</span></strong></p>\r\n<p style=\"text-align: justify;\">- Giảng vi&ecirc;n xuất sắc khoa Quản trị Kinh doanh &ndash; Đại học Ng&acirc;n h&agrave;ng Tp.HCM</p>\r\n<p style=\"text-align: justify;\">- Giảng vi&ecirc;n ch&iacute;nh chương tr&igrave;nh Cấp chứng chỉ h&agrave;nh nghề của Uỷ ban Chứng kho&aacute;n Nh&agrave; nước v&agrave; của nhiều tổ chức, đơn vị gi&aacute;o dục kh&aacute;c.</p>\r\n<p style=\"text-align: justify;\">- Th&agrave;nh vi&ecirc;n của tổ viết b&agrave;i của Thống đốc Ng&acirc;n h&agrave;ng Nh&agrave; nước Việt Nam (1 trong 8 th&agrave;nh vi&ecirc;n)</p>\r\n<p style=\"text-align: justify;\">- Kh&aacute;ch mời, chủ toạ thường xuy&ecirc;n của c&aacute;c diễn đ&agrave;n cấp quốc gia v&agrave; khu vực Đ&ocirc;ng Nam &Aacute;; tư vấn nghiệp vụ cho nhiều doanh nghiệp trong v&agrave; ngo&agrave;i nước.</p>', '2017-11-01 08:00:00', 'Tòa nhà Vitranco', '1A-A1 Thái Thịnh, P. Láng Hạ, Q. Đống Đa, Hà Nội', '0', 'vi'),
(14, 7, '[TESTING] Khai trương', 'testing-khai-truong', 'Khai trương', 'new,new', 'Lorem ipsum dolor sit amet, consectetur adipiscing elit. Maecenas metus arcu, pretium vitae neque in, imperdiet venenatis massa. Cras dignissim tortor urna, quis interdum dui lacinia et. Vestibulum quis velit at dui tempor efficitur. Etiam dapibus quam ac', '<p>Lorem ipsum dolor sit amet, consectetur adipiscing elit. Maecenas metus arcu, pretium vitae neque in, imperdiet venenatis massa. Cras dignissim tortor urna, quis interdum dui lacinia et. Vestibulum quis velit at dui tempor efficitur. Etiam dapibus quam ac tellus pharetra, et dapibus dolor porta. Vestibulum elit nulla, rutrum at neque a, varius viverra massa. Praesent hendrerit laoreet bibendum. Sed ut dignissim dolor. Duis ut turpis vel tortor cursus congue.</p>\r\n<p>Etiam et vulputate nibh. Donec imperdiet interdum leo quis pulvinar. Pellentesque sollicitudin luctus elit, at tempus ligula faucibus sed. Nam pharetra consectetur neque, vitae tincidunt quam porta at. Sed id cursus lacus. Phasellus nulla nibh, semper ac metus vel, auctor congue erat. Vivamus non cursus libero. Donec ornare ante id nulla tincidunt, ut semper quam hendrerit. Aenean convallis tellus ac tempor blandit. Maecenas eget tempor est. Donec lorem tortor, consequat in leo vehicula, pellentesque ornare elit. Ut vestibulum suscipit erat ut luctus.</p>\r\n<p>Mauris hendrerit nisi consequat ante pulvinar, interdum luctus odio posuere. Maecenas imperdiet rhoncus orci. Nulla gravida, ipsum euismod imperdiet laoreet, elit dolor ultricies velit, eu eleifend odio turpis at arcu. Vivamus sagittis, enim nec consequat tristique, lorem libero maximus velit, ac sollicitudin ipsum ante pulvinar urna. Integer a luctus dolor. Quisque auctor magna nisl, eget porta elit fringilla sit amet. Vivamus tempor, dui sed laoreet euismod, purus nisi dapibus arcu, quis dictum nisl dolor sed magna. Phasellus suscipit semper magna sit amet dapibus. Morbi sit amet fermentum arcu. Sed pretium ligula quis dapibus semper. Aenean erat sapien, ultricies vel lectus nec, tincidunt accumsan nunc. Vestibulum ante ipsum primis in faucibus orci luctus et ultrices posuere cubilia Curae; Phasellus volutpat lacinia lacus, quis sollicitudin ipsum ornare ac. Praesent sit amet augue a orci lobortis gravida. Proin a ultrices risus, sed hendrerit nunc.</p>', '2017-11-01 08:00:00', 'Vitranco Building', '1A-A1 Thai Thinh, Lang Ha, Dong Đa, Hanoi', '0', 'en');

-- --------------------------------------------------------

--
-- Table structure for table `banner`
--

CREATE TABLE `banner` (
  `id` int(11) NOT NULL,
  `image` text,
  `text` varchar(255) NOT NULL,
  `url` text NOT NULL,
  `is_actived` tinyint(1) DEFAULT '1',
  `created_at` datetime DEFAULT NULL,
  `created_by` varchar(100) DEFAULT NULL,
  `modified_at` datetime DEFAULT NULL,
  `modified_by` varchar(100) DEFAULT NULL,
  `is_deleted` tinyint(1) DEFAULT '0'
) ENGINE=InnoDB DEFAULT CHARSET=utf8;

--
-- Dumping data for table `banner`
--

INSERT INTO `banner` (`id`, `image`, `text`, `url`, `is_actived`, `created_at`, `created_by`, `modified_at`, `modified_by`, `is_deleted`) VALUES
(9, 'p1-tritue.jpg', '', 'http://eagleele.vn/pages/tri_tue_cam_xuc_quyet_dinh_thanh_cong.html', 1, '2017-10-27 11:41:43', 'eagle ele admin', '2017-10-27 11:41:43', 'eagle ele admin', 0),
(11, 'p1-tuduy.jpg', '', 'http://eagleele.vn/event_le_tham_duong.html', 1, '2017-10-27 11:49:13', 'eagle ele admin', '2017-10-27 11:49:13', 'eagle ele admin', 0),
(13, 'p1-gt11.jpg', '', 'http://eagleele.vn/pages/tao_dong_luc_lam_viec.html', 1, '2017-10-30 09:37:01', 'eagle ele admin', '2017-10-30 09:37:01', 'eagle ele admin', 0),
(14, 'p1-new5.jpg', '', 'http://eagleele.vn/pages/year_party.html', 1, '2017-10-30 09:38:08', 'eagle ele admin', '2017-10-30 09:38:08', 'eagle ele admin', 0);

-- --------------------------------------------------------

--
-- Table structure for table `category`
--

CREATE TABLE `category` (
  `id` int(11) NOT NULL,
  `created_at` datetime NOT NULL,
  `created_by` varchar(255) COLLATE utf8_unicode_ci NOT NULL,
  `modified_at` datetime NOT NULL,
  `modified_by` varchar(255) COLLATE utf8_unicode_ci NOT NULL,
  `is_deleted` tinyint(1) NOT NULL DEFAULT '0'
) ENGINE=InnoDB DEFAULT CHARSET=utf8 COLLATE=utf8_unicode_ci;

--
-- Dumping data for table `category`
--

INSERT INTO `category` (`id`, `created_at`, `created_by`, `modified_at`, `modified_by`, `is_deleted`) VALUES
(1, '2017-10-06 00:00:00', 'Administrator', '2017-10-06 00:00:00', 'Administrator', 0),
(2, '2017-10-06 00:00:00', 'Administrator', '2017-10-06 00:00:00', 'Administrator', 0);

-- --------------------------------------------------------

--
-- Table structure for table `category_lang`
--

CREATE TABLE `category_lang` (
  `id` int(11) NOT NULL,
  `category_id` int(11) DEFAULT NULL,
  `title` varchar(255) DEFAULT NULL,
  `language` varchar(50) DEFAULT NULL
) ENGINE=InnoDB DEFAULT CHARSET=utf8 ROW_FORMAT=COMPACT;

--
-- Dumping data for table `category_lang`
--

INSERT INTO `category_lang` (`id`, `category_id`, `title`, `language`) VALUES
(1, 1, 'aaa', 'vi'),
(2, 1, 'bbb', 'en'),
(3, 2, 'ccc', 'vi'),
(4, 2, 'ddd', 'en');

-- --------------------------------------------------------

--
-- Table structure for table `groups`
--

CREATE TABLE `groups` (
  `id` mediumint(8) UNSIGNED NOT NULL,
  `name` varchar(20) NOT NULL,
  `description` varchar(100) NOT NULL
) ENGINE=InnoDB DEFAULT CHARSET=utf8;

--
-- Dumping data for table `groups`
--

INSERT INTO `groups` (`id`, `name`, `description`) VALUES
(1, 'admin', 'Administrator'),
(2, 'members', 'General User');

-- --------------------------------------------------------

--
-- Table structure for table `library`
--

CREATE TABLE `library` (
  `id` int(11) NOT NULL,
  `type` int(11) DEFAULT NULL COMMENT '1: Teach, 2: Study, 3: Life, 4: Book',
  `description_image` text,
  `created_at` datetime DEFAULT NULL,
  `created_by` varchar(100) DEFAULT NULL,
  `modified_at` datetime DEFAULT NULL,
  `modified_by` varchar(100) DEFAULT NULL,
  `is_deleted` tinyint(1) DEFAULT '0'
) ENGINE=InnoDB DEFAULT CHARSET=utf8;

--
-- Dumping data for table `library`
--

INSERT INTO `library` (`id`, `type`, `description_image`, `created_at`, `created_by`, `modified_at`, `modified_by`, `is_deleted`) VALUES
(3, 2, 'bhcs1.jpg', '2017-10-18 12:18:22', 'administrator', '2017-10-19 15:24:41', 'eagle ele admin', 0),
(4, 2, 'kn1.png', '2017-10-18 12:18:22', 'administrator', '2017-10-27 11:14:10', 'eagle ele admin', 0),
(5, 1, '20205716_1789990777677693_76086357_o.jpg', '2017-10-20 22:06:46', 'eagle ele admin', '2017-10-20 22:06:46', 'eagle ele admin', 1),
(6, 2, '20205716_1789990777677693_76086357_o1.jpg', '2017-10-20 22:14:09', 'eagle ele admin', '2017-10-20 22:14:09', 'eagle ele admin', 1),
(7, 3, 'full-img-5551328690365.jpg', '2017-10-25 16:41:22', 'eagle ele admin', '2017-10-27 11:32:01', 'eagle ele admin', 0),
(8, 3, 'dale-carnegie-9238769-1-402.jpg', '2017-10-26 08:33:03', 'eagle ele admin', '2017-10-27 11:44:16', 'eagle ele admin', 0),
(9, 3, '050cc97756ab76b61ef86a16865b5f99--stephen-covey-our-life.jpg', '2017-10-26 08:59:10', 'eagle ele admin', '2017-10-27 11:48:39', 'eagle ele admin', 0),
(10, 3, 'stop-worrying-and-start-living.png', '2017-10-26 10:29:42', 'eagle ele admin', '2017-10-27 11:58:25', 'eagle ele admin', 0),
(11, 3, '10689606_837834822894546_658816554678659618_n-800x800-500x500.jpg', '2017-10-26 10:40:35', 'eagle ele admin', '2017-10-27 11:51:21', 'eagle ele admin', 0),
(12, 3, 'Dung-bao-gio-di-an-mot-minh-300x300.jpg', '2017-10-26 11:13:35', 'eagle ele admin', '2017-10-27 12:11:56', 'eagle ele admin', 0),
(13, 3, 'ca-phe-cung-tony-buoi-sang-review.jpg', '2017-10-26 11:26:46', 'eagle ele admin', '2017-10-27 12:17:58', 'eagle ele admin', 0),
(14, 2, 'Eisenhower_matrix.jpg', '2017-10-27 08:45:22', 'eagle ele admin', '2017-10-27 11:49:30', 'eagle ele admin', 0),
(15, 2, 'analysis.jpg', '2017-10-27 10:45:43', 'eagle ele admin', '2017-10-27 10:45:43', 'eagle ele admin', 0),
(16, 2, '3_kỹ_năng.jpg', '2017-10-30 08:33:34', 'eagle ele admin', '2017-10-30 08:35:48', 'eagle ele admin', 0),
(17, 2, 'Sherlock_Holmes.jpg', '2017-10-30 08:44:14', 'eagle ele admin', '2017-10-30 08:44:14', 'eagle ele admin', 0),
(18, 2, 'Steve_Jobs_story.jpg', '2017-10-30 09:02:44', 'eagle ele admin', '2017-10-30 09:02:44', 'eagle ele admin', 0),
(19, 3, '416x416.jpg', '2017-10-30 09:20:32', 'eagle ele admin', '2017-10-30 09:20:32', 'eagle ele admin', 0),
(20, 3, 'images.jpg', '2017-10-30 09:30:49', 'eagle ele admin', '2017-10-30 09:30:49', 'eagle ele admin', 0),
(21, 2, '10000.jpg', '2017-10-30 09:39:43', 'eagle ele admin', '2017-10-30 09:39:43', 'eagle ele admin', 0),
(22, 2, 'lonely-leader.jpg', '2017-10-30 10:01:00', 'eagle ele admin', '2017-10-30 10:01:00', 'eagle ele admin', 0),
(23, 2, 'kaizen_toyota.jpg', '2017-10-30 10:15:00', 'eagle ele admin', '2017-10-30 10:15:00', 'eagle ele admin', 0),
(24, 3, '957061_15058502061051_rId6.jpg', '2017-10-30 10:26:12', 'eagle ele admin', '2017-10-30 10:27:00', 'eagle ele admin', 0),
(25, 3, 'thuphuclongnguoi.png', '2017-10-30 10:45:15', 'eagle ele admin', '2017-10-30 10:45:15', 'eagle ele admin', 0),
(26, 2, '168298261.jpg', '2017-10-30 10:57:50', 'eagle ele admin', '2017-10-30 10:57:50', 'eagle ele admin', 0),
(27, 2, 'chuyen_kien_va_su_tu.jpg', '2017-10-30 11:33:42', 'eagle ele admin', '2017-10-30 11:33:42', 'eagle ele admin', 0),
(28, 3, '1381665202534569929037842100244n-1512554364699-crop-1512554600618.jpg', '2017-12-07 10:31:46', 'eagle ele admin', '2017-12-07 10:31:46', 'eagle ele admin', 0),
(29, 2, 'photo-1-1512956196612.jpg', '2017-12-12 15:34:35', 'eagle ele admin', '2017-12-12 15:34:35', 'eagle ele admin', 0),
(30, 2, 'q-1512981489516-1513136966884.png', '2017-12-13 11:39:23', 'eagle ele admin', '2017-12-13 11:41:17', 'eagle ele admin', 0);

-- --------------------------------------------------------

--
-- Table structure for table `library_lang`
--

CREATE TABLE `library_lang` (
  `id` int(11) NOT NULL,
  `library_id` int(11) DEFAULT NULL,
  `title` varchar(255) DEFAULT NULL,
  `slug` varchar(255) DEFAULT NULL,
  `meta_description` varchar(255) DEFAULT NULL,
  `meta_keywords` varchar(255) DEFAULT NULL,
  `description` text,
  `content` text,
  `language` varchar(10) DEFAULT NULL
) ENGINE=InnoDB DEFAULT CHARSET=utf8;

--
-- Dumping data for table `library_lang`
--

INSERT INTO `library_lang` (`id`, `library_id`, `title`, `slug`, `meta_description`, `meta_keywords`, `description`, `content`, `language`) VALUES
(5, 3, 'Cuộc sống có 2 lựa chọn cho ta lựa chọn', 'cuoc-song-co-2-lua-chon-cho-ta-lua-chon', '', '', '“Sẽ có người khác thuê bạn xây dựng ước mơ của họ, nếu như bạn không có khả năng xây dựng ước mơ cho riêng mình” – Tony Gaskins', '<p>Cuộc sống c&oacute; 2 lựa chọn: Tự tay x&acirc;y dựng căn nh&agrave; mơ ước của m&igrave;nh, hoặc trở th&agrave;nh</p>\r\n<p>&ldquo;Sẽ c&oacute; người kh&aacute;c thu&ecirc; bạn x&acirc;y dựng ước mơ của họ, nếu như bạn kh&ocirc;ng c&oacute; khả năng x&acirc;y dựng ước mơ cho ri&ecirc;ng m&igrave;nh&rdquo; &ndash; Tony Gaskins</p>\r\n<p>C&oacute; một nghịch l&yacute; lu&ocirc;n tồn tại rằng: C&aacute;i g&igrave; c&agrave;ng miễn ph&iacute;, con người c&agrave;ng &iacute;t d&agrave;nh sự quan t&acirc;m. Kh&ocirc;ng ai đ&aacute;nh thuế ước mơ của m&igrave;nh, n&ecirc;n chẳng c&oacute; một l&yacute; do g&igrave; khiến ta phải bận t&acirc;m đến n&oacute;.</p>\r\n<p>&nbsp;</p>\r\n<p>Mỗi s&aacute;ng thức dậy, ch&uacute;ng ta đến c&ocirc;ng sở l&agrave;m việc, hết giờ th&igrave; ra về. Cuối th&aacute;ng nhận được mức lương vừa đủ, đương nhi&ecirc;n sống một cuộc sống vừa &ldquo;đủ&rdquo;. R&uacute;t cuộc, người hưởng thụ hạnh ph&uacute;c thật sự kh&ocirc;ng phải l&agrave; bạn, m&agrave; l&agrave; người đ&atilde; thu&ecirc; bạn để c&oacute; được th&agrave;nh c&ocirc;ng rực rỡ như b&acirc;y giờ.</p>\r\n<p>&nbsp;</p>\r\n<p>Trong cuộc đời n&agrave;y, ch&uacute;ng ta chỉ c&oacute; 2 sự lựa chọn duy nhất: Trở th&agrave;nh người x&acirc;y m&oacute;ng, dựng nh&agrave; cho ch&iacute;nh ước mơ của m&igrave;nh, hay trở th&agrave;nh &ldquo;thợ hồ&rdquo; bất đắc dĩ x&acirc;y dựng ước mơ cho người kh&aacute;c.</p>\r\n<p>&nbsp;</p>\r\n<p>Rất nhiều người lựa chọn thứ nhất, nhưng đa số đều kết th&uacute;c bằng sự lựa chọn thứ hai. Nguy&ecirc;n nh&acirc;n xuất ph&aacute;t từ việc họ kh&ocirc;ng c&oacute; khả năng, nhưng lại mơ mộng qu&aacute; cao, dẫn đến việc ch&aacute;n nản, để rồi quyết định từ bỏ tất cả.</p>\r\n<p>&nbsp;</p>\r\n<p>Số kh&aacute;c th&igrave; mặc định bản th&acirc;n sẽ trở th&agrave;nh những người l&agrave;m c&ocirc;ng ăn lương ngay từ khi bước ch&acirc;n v&agrave;o cuộc đời. Họ sợ phải đương đầu với những kh&oacute; khăn th&aacute;ch thức. Họ sợ phải đ&aacute;nh đổi v&agrave; sợ gặp thất bại.</p>\r\n<p>&nbsp;</p>\r\n<p>D&ugrave; bạn nằm trong số n&agrave;o đi chăng nữa, th&igrave; kết quả cuối c&ugrave;ng vẫn sẽ m&atilde;i kh&ocirc;ng bao giờ thuộc về bạn.</p>\r\n<p>&nbsp;</p>\r\n<p>Liệu việc đầu tư c&ocirc;ng sức, tuổi trẻ, thời gian v&agrave;o ước mơ của m&igrave;nh c&oacute; l&agrave; viễn v&ocirc;ng? Hay bạn bị thiếu niềm tin năng lực bản th&acirc;n trước sức &eacute;p từ x&atilde; hội v&agrave; m&ocirc;i trường sống ?</p>\r\n<p>&nbsp;</p>\r\n<p>Tất cả ch&uacute;ng ta, ai cũng c&oacute; khả năng x&acirc;y dựng ước mơ lớn của cuộc đời. Vấn đề nằm ở ch&iacute;nh ở bản th&acirc;n bạn. Bằng c&aacute;ch ph&aacute; vỡ mọi r&agrave;o cản về tư duy, tho&aacute;t ly lối m&ograve;n trong suy nghĩ v&agrave; tầm nh&igrave;n, bạn sẽ nhận ra được tiềm năng của bản th&acirc;n đủ lớn đến mức n&agrave;o.</p>\r\n<p>&nbsp;</p>\r\n<p>Vậy l&agrave;m c&aacute;ch n&agrave;o để đột ph&aacute; được giới hạn của bản th&acirc;n v&agrave; nhanh ch&oacute;ng gặt h&aacute;i được kết quả?</p>\r\n<p>&nbsp;</p>\r\n<p>Bạn c&oacute; thể ho&agrave;n to&agrave;n l&agrave;m được điều n&agrave;y nếu &aacute;p dụng những nguy&ecirc;n tắc th&agrave;nh c&ocirc;ng dưới đ&acirc;y của Jack Canfield, một trong những Mega Guru &ndash; bậc thầy h&agrave;ng đầu thế giới về th&agrave;nh tựu c&aacute; nh&acirc;n:</p>\r\n<p>&nbsp;</p>\r\n<ol>\r\n<li>Ph&aacute;t triển l&ograve;ng tự t&ocirc;n c&aacute; nh&acirc;n</li>\r\n</ol>\r\n<p>&nbsp;</p>\r\n<p>H&atilde;y hiểu gi&aacute; trị bản th&acirc;n m&igrave;nh ở mức n&agrave;o v&agrave; tin tưởng tuyệt đối v&agrave;o điều đ&oacute;. Dựa v&agrave;o năng lực c&aacute; nh&acirc;n, tư duy v&agrave; định hướng m&agrave; mỗi người nắm được điểm mạnh điểm yếu của m&igrave;nh như thế n&agrave;o. Kh&ocirc;ng ai hiểu r&otilde; m&igrave;nh hơn ch&iacute;nh m&igrave;nh cả. Như Oprah Winfrey đ&atilde; n&oacute;i &ldquo;Nếu kh&ocirc;ng c&oacute; niềm tin v&agrave;o bản th&acirc;n, bạn sẽ chẳng thể tin được ai.&rdquo;</p>\r\n<p>&nbsp;</p>\r\n<ol start=\"2\">\r\n<li>Sẵn s&agrave;ng chịu tr&aacute;ch nhiệm trước mọi h&agrave;nh động của m&igrave;nh</li>\r\n</ol>\r\n<p>&nbsp;</p>\r\n<p>H&atilde;y chuẩn bị sẵn s&agrave;ng để đương đầu với những thất bại sắp tới. Nhưng thay v&igrave; đổ lỗi cho ho&agrave;n cảnh, h&atilde;y chịu tr&aacute;ch nhiệm trước mọi quyết định của m&igrave;nh v&agrave; giải quyết vấn đề.</p>\r\n<p>&nbsp;</p>\r\n<ol start=\"3\">\r\n<li>Nghĩ t&iacute;ch cực</li>\r\n</ol>\r\n<p>&nbsp;</p>\r\n<p>Luật Hấp Dẫn n&oacute;i rằng, bạn sẽ c&oacute; c&aacute;i m&agrave; bạn muốn. C&agrave;ng suy nghĩ t&iacute;ch cực, cơ hội th&agrave;nh c&ocirc;ng của bạn trong việc x&acirc;y dựng ước mơ của m&igrave;nh c&agrave;ng cao.</p>\r\n<p>&nbsp;</p>\r\n<ol start=\"4\">\r\n<li>X&aacute;c định mục ti&ecirc;u thật cụ thể</li>\r\n</ol>\r\n<p>&nbsp;</p>\r\n<p>Mục ti&ecirc;u ngắn hay d&agrave;i, ước mơ to hay nhỏ, đều phụ thuộc ở bạn. Bạn sẽ l&agrave; người ra quyết định cuối c&ugrave;ng dựa tr&ecirc;n năng lực v&agrave; mong muốn c&aacute; nh&acirc;n m&igrave;nh. M&ocirc;i khi đ&atilde; x&aacute;c định r&otilde; r&agrave;ng, h&atilde;y l&ecirc;n kế hoạch thật chi tiết v&agrave; cụ thể</p>\r\n<p>&nbsp;</p>\r\n<ol start=\"5\">\r\n<li>&Aacute;p dụng nguy&ecirc;n tắc 80/20</li>\r\n</ol>\r\n<p>&nbsp;</p>\r\n<p>80% th&agrave;nh c&ocirc;ng ước mơ của bạn đều đến từ 20% c&ocirc;ng sức v&agrave; t&acirc;m huyết bạn d&agrave;nh cho n&oacute; như thế n&agrave;o. H&atilde;y chọn lọc ra những điều quan trọng nhất v&agrave; dồn hết tr&iacute; lực của bản th&acirc;n v&agrave;o để đạt được hiệu quả sớm nhất v&agrave; nhanh ch&oacute;ng nhất.</p>\r\n<p>Nguồn:&nbsp;<a href=\"http://ttvn.vn/kinh-doanh/cuoc-song-co-2-lua-chon-tu-tay-xay-dung-can-nha-mo-uoc-cua-minh-hoac-tro-thanh-tho-ho-di-xay-uoc-mo-cho-nguoi-khac-52017283151215933.htm\" target=\"_blank\">Vĩ Quang (Tr&iacute; Thức Trẻ)</a></p>', 'vi'),
(6, 3, 'Life has two options: Build your own dream home, or become a &amp;amp;quot;builder&amp;amp;quot; to build a dream for others.', '', '', '', '&amp;amp;quot;There will be others who hire you to build their dreams, if you can not build your own dream,&amp;amp;quot; says Tony Gaskins.', '<p>Life has two options: Build your own dream home, or become<br />\"There will be others who hire you to build their dreams, if you can not build your own dream,\" says Tony Gaskins.<br />There is a paradox that always exists: What is more free, the less people pay attention. Nobody pays his dream tax, so there\'s no reason for us to worry about it.</p>\r\n<p>Every morning we wake up, we go to work, work out, time out. At the end of the month receiving a salary level, naturally live a \"enough\" life. In the end, true happiness is not you, but the one who hired you to be as successful as you are.</p>\r\n<p>In this life, we have only two choices: Become a nail builder, build a house for their own dream, or become a \"brick\" reluctantly build a dream for others.</p>\r\n<p>Many people choose the first, but most end up with a second choice. Cause comes from not being able to, but dreaming too high, leading to depression, and then decide to give up everything.</p>\r\n<p>Others will by default become wage earners as soon as they enter the world. They are afraid of facing difficult challenges. They are afraid to trade and fear failure.</p>\r\n<p>No matter where you are, the end result will never be yours.</p>\r\n<p>Is the investment of energy, youth, time into your dream there is a telescope? Or are you lacking confidence in yourself in the face of social and environmental pressures?</p>\r\n<p>All of us are capable of building the great dream of life. The problem lies in yourself. By breaking down barriers to thinking, leaving the path of thought and vision, you will realize how big your potential is.</p>\r\n<p>So how can we break the limits of ourselves and quickly get results?</p>\r\n<p>You can do absolutely this if you apply the following principles of success to Jack Canfield, one of the world\'s leading masters of personal achievement:</p>\r\n<p>1. Develop personal self-esteem</p>\r\n<p>Understand how valuable you are and believe in it. Based on personal ability, thinking and direction, how each person grasped his or her strengths and weaknesses. No one knows better than yourself. As Oprah Winfrey has said, \"If you do not have faith in yourself, you will not believe anyone.\"</p>\r\n<p>Be willing to take responsibility for all your actions</p>\r\n<p>Be prepared to face upcoming failures. But instead of blaming the situation, take responsibility for all your decisions and solve the problem.</p>\r\n<p>3. Think positively</p>\r\n<p>The Law of Attraction says you will have what you want. The more you think, the better chance of your success in building your dream.</p>\r\n<p>4. Determine the real goal</p>\r\n<p>Short or long goals, big or small, depend on you. You will be the ultimate decision maker based on your individual capabilities and desires. Once clearly defined, plan in detail and in detail</p>\r\n<p>5. Apply the 80/20 rule</p>\r\n<p>80% of your dreams come from 20% of effort and dedication to you. Choose the most important things and put all your mental energy to achieve the fastest and fastest results.</p>\r\n<p>&nbsp;</p>\r\n<p>Source:&nbsp;<a href=\"http://ttvn.vn/kinh-doanh/cuoc-song-co-2-lua-chon-tu-tay-xay-dung-can-nha-mo-uoc-cua-minh-hoac-tro-thanh-tho-ho-di-xay-uoc-mo-cho-nguoi-khac-52017283151215933.htm\" target=\"_blank\">Vĩ Quang (Tr&iacute; Thức Trẻ)</a></p>', 'en'),
(7, 4, 'Bill Gates và Elon Musk chia sẻ bí quyết để đánh bại sự trì hoãn mỗi ngày', '', '', '', '', '<p>Bill Gates v&agrave; Elon Musk chia sẻ b&iacute; quyết để đ&aacute;nh bại sự tr&igrave; ho&atilde;n mỗi ng&agrave;y</p>\r\n<p>Tr&igrave; ho&atilde;n ch&iacute;nh l&agrave; một trong những th&oacute;i quen xấu lớn nhất g&acirc;y ra sự gi&aacute;n đoạn tr&ecirc;n con đường ph&aacute;t triển c&aacute; nh&acirc;n của mỗi người. V&igrave; vậy, theo Bill Gates v&agrave; Elon Musk, phương ph&aacute;p duy nhất gi&uacute;p bạn đ&aacute;nh bại sự tr&igrave; ho&atilde;n ch&iacute;nh l&agrave; việc lập ra một bản kế hoạch ho&agrave;n chỉnh mỗi ng&agrave;y.</p>\r\n<p>Bill Gates v&agrave; Elon Musk l&agrave; hai trong số những t&ecirc;n tuổi lớn v&agrave; c&oacute; sức ảnh hưởng lớn nhất trong l&agrave;ng c&ocirc;ng nghệ thế giới.</p>\r\n<p>Năm 1975, tỷ ph&uacute; Bill Gates v&agrave; những người cộng sự của m&igrave;nh đ&atilde; s&aacute;ng lập ra phần mềm Microsoft v&agrave; khởi động cuộc c&aacute;ch mạng m&aacute;y t&iacute;nh tr&ecirc;n to&agrave;n nh&acirc;n loại. Hiện tại, &ocirc;ng đ&atilde; tập trung hầu hết quỹ thời gian của m&igrave;nh v&agrave;o c&aacute;c c&ocirc;ng việc thiện nguyện tr&ecirc;n khắp thế giới.</p>\r\n<p>B&ecirc;n cạnh đ&oacute;, Elon Musk được v&iacute; như thi&ecirc;n t&agrave;i trong l&agrave;ng c&ocirc;ng nghệ thế giới bởi những ph&aacute;t minh của &ocirc;ng đ&atilde; gi&uacute;p thay đổi to&agrave;n diện trong lĩnh vực c&ocirc;ng nghệ như PayPal (Hỗ trợ dịch vụ thanh to&aacute;n v&agrave; chuyển tiền qua mạng Internet) hay c&ocirc;ng ty Tesla v&agrave; SpaceX (C&ocirc;ng ty chuy&ecirc;n thiết kế v&agrave; x&acirc;y dựng t&ecirc;n lửa).</p>\r\n<p>Tỷ ph&uacute; Bill Gates v&agrave; Elon Musk khẳng định lập kế hoạch cụ thể ch&iacute;nh l&agrave; phương ph&aacute;p hiệu quả nhất gi&uacute;p bạn đ&aacute;nh bại sự tr&igrave; ho&atilde;n.</p>\r\n<p>Tỷ ph&uacute; Bill Gates v&agrave; Elon Musk khẳng định lập kế hoạch cụ thể ch&iacute;nh l&agrave; phương ph&aacute;p hiệu quả nhất gi&uacute;p bạn đ&aacute;nh bại sự tr&igrave; ho&atilde;n.</p>\r\n<p>Khi được hỏi về c&aacute;ch quản l&yacute; thời gian v&agrave; phương ph&aacute;p để giải quyết rất nhiều c&ocirc;ng việc mỗi ng&agrave;y, cả 2 người đ&agrave;n &ocirc;ng th&agrave;nh c&ocirc;ng n&agrave;y đều khẳng định th&oacute;i quen duy nhất gi&uacute;p họ sắp xếp được c&ocirc;ng việc ch&iacute;nh l&agrave; x&acirc;y dựng một kế hoạch cụ thể trong ng&agrave;y hay thậm ch&iacute; l&agrave; bất k&igrave; thời điểm n&agrave;o cần thiết. V&igrave; vậy, tỷ ph&uacute; Bill Gates v&agrave; Elon Musk lu&ocirc;n buộc bản th&acirc;n phải tu&acirc;n theo thời gian biểu trong từng 5 ph&uacute;t mỗi giờ.</p>\r\n<p>Tại sao lại phải lập một bản kế hoạch qu&aacute; chi tiết v&agrave; phức tạp mỗi ng&agrave;y? Bởi theo c&aacute;c nh&agrave; nghi&ecirc;n cứu v&agrave; kinh nghiệm l&agrave;m việc của c&aacute;c tỷ ph&uacute;, việc chia kế hoạch với c&aacute;c khoảng thời gian nhỏ sẽ gi&uacute;p bạn cải thiện năng suất hiệu quả v&agrave; mang lại sự bứt ph&aacute; hơn trong c&ocirc;ng việc.</p>\r\n<p>Đặc biệt, việc lập kế hoạch cụ thể v&agrave; chuy&ecirc;n s&acirc;u sẽ gi&uacute;p bạn c&oacute; tr&aacute;ch nhiệm hơn trong mỗi c&ocirc;ng việc. Bạn chỉ c&oacute; 5 ph&uacute;t, 10 ph&uacute;t hay 15 ph&uacute;t cho mỗi c&ocirc;ng việc, v&igrave; vậy bạn sẽ phải cố gắng hết sức để suy nghĩ v&agrave; ho&agrave;n th&agrave;nh ch&uacute;ng trong thời gian quy định. Điều n&agrave;y c&oacute; thể khiến bạn cảm thấy &aacute;p lực v&agrave; kh&oacute; chịu khi l&agrave;m việc. Tuy nhi&ecirc;n, ch&iacute;nh sự &aacute;p lực đ&oacute; sẽ buộc bản th&acirc;n bạn phải bước ra khỏi v&ugrave;ng thoải m&aacute;i của bản th&acirc;n v&agrave; l&agrave;m việc một c&aacute;ch thực sự v&agrave; hết m&igrave;nh.</p>\r\n<p>Đặc biệt, sau khi nh&igrave;n thấy th&agrave;nh quả sau 1 ng&agrave;y l&agrave;m việc, bạn sẽ hứng th&uacute; hơn với việc lập kế hoạch n&agrave;y bởi bạn đ&atilde; l&agrave;m được nhiều việc hơn ngo&agrave;i sự mong đợi của bản th&acirc;n.</p>\r\n<p>B&ecirc;n cạnh đ&oacute;, trước khi lập ra một kế hoạch d&agrave;y đặc những c&ocirc;ng việc phải l&agrave;m mỗi ng&agrave;y, bạn n&ecirc;n d&agrave;nh thời gian để t&igrave;m hiểu về c&aacute;c c&aacute;ch l&agrave;m việc hiệu quả hoặc thay đổi th&oacute;i quen l&agrave;m việc để ph&ugrave; hợp hơn với thời gian biểu của bản th&acirc;n. Từ đ&oacute;, bạn c&oacute; thể điều chỉnh cũng như sắp xếp hợp l&yacute; c&aacute;c c&ocirc;ng việc để gi&uacute;p bản th&acirc;n tr&aacute;nh được sự mệt mỏi hay qu&aacute; stress khi l&agrave;m việc.</p>\r\n<p>Đồng thời, bạn cũng n&ecirc;n bố tr&iacute; thời gian nghỉ ngơi giữa c&aacute;c khoảng thời gian l&agrave;m việc li&ecirc;n tục để gi&uacute;p n&atilde;o bộ thư gi&atilde;n v&agrave; s&aacute;ng tạo hiệu quả hơn.</p>', 'vi'),
(8, 4, 'Bill Gates and Elon Musk share the secret to beating the delay every day', '', '', '', '', '<p>Bill Gates and Elon Musk share the secret to beating the delay every day</p>\r\n<p>Delay is one of the biggest bad habits that causes disruption in the way people develop. So, according to Bill Gates and Elon Musk, the only way to defeat procrastination is to create a complete plan every day.</p>\r\n<p>Bill Gates and Elon Musk are two of the big names and influencers in the tech world.</p>\r\n<p>In 1975, billionaire Bill Gates and his associates founded Microsoft software and launched the computer revolution across the human race. At present, he has devoted most of his time to charity work around the world.</p>\r\n<p>In addition, Elon Musk is such a genius in the technology world because his invention has changed the whole technology in the field such as PayPal (Support payment services and transfer money through the Internet) or Tesla and SpaceX (Rocket Design and Construction Company).</p>\r\n<p>Billionaire Bill Gates and Elon Musk insist that the specific plan is the most effective way to beat the delay.</p>\r\n<p>Billionaire Bill Gates and Elon Musk insist that the specific plan is the most effective way to beat the delay.</p>\r\n<p>When asked about how to manage time and methods to solve a lot of tasks every day, both successful men claim that the only habit that helps them sort out the job is to build a succession plan. Be specific in the day or even at any time needed. So billionaires Bill Gates and Elon Musk always force themselves to follow the schedule every 5 minutes every hour.</p>\r\n<p>Why make a plan too detailed and complicated every day? According to researchers and the working experience of billionaires, dividing the plan with small periods of time will help you to improve productivity and bring more breakthrough in the work.</p>\r\n<p>In particular, specific and in-depth planning will help you be more responsible in every job. You only have 5 minutes, 10 minutes or 15 minutes for each job, so you will have to try your best to think and complete them within the specified time. This can make you feel pressure and discomfort when working. However, it is the pressure that forces you to step out of your comfort zone and work your way up and down.</p>\r\n<p>Especially, after seeing the results after a day of work, you will be more interested in this planning because you have done more work beyond your expectations.</p>\r\n<p>In addition, before setting up a dense work-out plan every day, you should take the time to learn how to work effectively or to change your work habits to match your time. expression of self. From there, you can adjust and streamline your workflow to help you avoid fatigue or stress when working.</p>\r\n<p>At the same time, you should also arrange rest periods between periods of continuous work to help the brain relax and create more effective.</p>', 'en'),
(9, 5, 'ac', 'ac', 'ac', 'ac', 'âcc', '<p>&acirc;cca</p>', 'vi'),
(10, 5, 'cac', 'cac', 'ac', 'ac', 'ac', '<p>ac</p>', 'en'),
(11, 6, 'cac', 'cac', 'ac', 'ac', 'ac', '<p>ac</p>', 'vi'),
(12, 6, 'ac', 'ac', 'ac', 'ac', 'ac', '<p>ac</p>', 'en'),
(13, 7, '[Sách hay] Tôi tự học - Nguyễn Duy Cần', 'sach-hay-toi-tu-hoc---nguyen-duy-can', '', '', '', '<p style=\"text-align: justify;\">&nbsp;</p>\r\n<p style=\"text-align: justify;\">Nếu bạn đang muốn x&acirc;y dựng m&igrave;nh th&agrave;nh một người &ldquo;c&oacute; văn h&oacute;a&rdquo; th&igrave; \"T&ocirc;i tự học\" của Thu Giang Nguyễn Duy Cần l&agrave; một khởi đầu tốt cho bạn.</p>\r\n<p style=\"text-align: justify;\">&nbsp;</p>\r\n<p style=\"text-align: justify;\">Cuốn \"T&ocirc;i tự học\" đặt c&acirc;u hỏi v&agrave; giải th&iacute;ch cho bạn như thế n&agrave;o mới đ&uacute;ng l&agrave; học vấn, c&oacute; những kiểu học vấn n&agrave;o, bạn đang thuộc kiểu n&agrave;o trong đấy. S&aacute;ch cũng đề cập đến những kỹ năng, phẩm chất bạn cần để con đường ấy. L&agrave;m sao để ch&uacute;ng ta sắp xếp học tập cho th&ocirc;ng minh v&agrave; hiệu quả nhất, gạt bỏ đi những chướng ngại hay những lối m&ograve;n lẩn quẩn. &ldquo;Văn h&oacute;a l&agrave; một c&aacute;i g&igrave; kh&ocirc;ng thể truyền, m&agrave; cũng kh&ocirc;ng thể t&oacute;m tắt được&rdquo;-ch&iacute;nh bạn phải đi tr&ecirc;n con đường đấy, bạn phải r&egrave;n luyện lấy, c&ocirc;ng phu của bạn c&oacute; được ch&iacute;nh l&agrave; nhờ c&ocirc;ng sức của bạn chứ kh&ocirc;ng l&agrave; của ai kh&aacute;c. Cuốn s&aacute;ch l&agrave; lời chỉ dẫn ở đầu con đường, cũng như c&oacute; thể người bạn đồng h&agrave;nh tr&ecirc;n suốt con đường g&acirc;y dựng một vấn đề thuộc &ldquo;phẩm&rdquo;, chứ kh&ocirc;ng thuộc &ldquo;lượng&rdquo;.<img src=\"https://www.google.com.vn/url?sa=i&amp;rct=j&amp;q=&amp;esrc=s&amp;source=images&amp;cd=&amp;cad=rja&amp;uact=8&amp;ved=0ahUKEwj33Kqqu4vXAhUJp5QKHauLBa0QjRwIBw&amp;url=https%3A%2F%2Fwww.goodreads.com%2Fbook%2Fshow%2F13638804-t-i-t-h-c&amp;psig=AOvVaw3I2pDAMzkHUtqxmudIlVBp&amp;ust=1509010231286987\" alt=\"\" /><img src=\"https://www.google.com.vn/url?sa=i&amp;rct=j&amp;q=&amp;esrc=s&amp;source=images&amp;cd=&amp;cad=rja&amp;uact=8&amp;ved=0ahUKEwj33Kqqu4vXAhUJp5QKHauLBa0QjRwIBw&amp;url=https%3A%2F%2Fwww.goodreads.com%2Fbook%2Fshow%2F13638804-t-i-t-h-c&amp;psig=AOvVaw3I2pDAMzkHUtqxmudIlVBp&amp;ust=1509010231286987\" alt=\"\" /></p>\r\n<p style=\"text-align: justify;\">&nbsp;</p>\r\n<p style=\"text-align: center;\"><img src=\"http://eagleele.vn//source/13638804.jpg?1508924048184\" width=\"340\" height=\"518\" /></p>\r\n<p style=\"text-align: justify;\">&nbsp;</p>\r\n<p style=\"text-align: justify;\">Văn phong c&oacute; thể &ldquo;cũ&rdquo; với một số người nhưng đối với m&igrave;nh như thế kh&aacute; l&agrave; gần gũi. T&aacute;c giả c&oacute; sử dụng một số từ &ldquo;lạ&rdquo; so với h&agrave;nh văn hiện nay, nhưng nếu cố gắng tra cứu hay chỉ cần &ldquo;đo&aacute;n&rdquo; &yacute; t&aacute;c giả th&ocirc;i l&agrave; bạn c&oacute; thể hiểu được. T&ocirc;i tự học l&agrave; một cuốn s&aacute;ch m&agrave; ắt hẳn bạn sẽ muốn đọc đi đọc lại nhiều lần, để thấm nhuần những lời khuy&ecirc;n trong đ&oacute;, thực hiện n&oacute;. Đ&acirc;y lại c&agrave;ng kh&ocirc;ng phải l&agrave; cuốn s&aacute;ch dễ t&oacute;m tắt, bởi v&igrave; đằng sau c&acirc;u chữ ấy, lời khuy&ecirc;n ấy, l&agrave; một &ldquo;văn h&oacute;a&rdquo; m&agrave; Nguyễn Duy Cần muốn người đọc nắm bắt lấy. Thiết nghĩ, cuốn s&aacute;ch cũng chỉ l&agrave; một tham khảo về phương ph&aacute;p học tập, tu dưỡng bản th&acirc;n, mỗi người cần lựa phương ph&aacute;p c&aacute;ch thức ph&ugrave; hợp với bản th&acirc;n tr&aacute;nh m&aacute;y m&oacute;c, rập khu&ocirc;n.</p>\r\n<p style=\"text-align: justify;\">&nbsp;</p>\r\n<p style=\"text-align: justify;\">(Theo Kim Anh/imotsach)</p>', 'vi'),
(14, 7, '[Good book] Toi tu hoc - Nguyen Duy Can', 'good-book-toi-tu-hoc---nguyen-duy-can', '', '', '', '<p>If you are looking to build yourself into a \"cultured\" person, then self learning from Thu Giang Nguyen Duy Can is a good start for you.</p>\r\n<p>&nbsp;</p>\r\n<p>The book \"I self-study\" question and explain to you what kind of education you are, what kind of education you are in. The book also mentions the skills and qualities you need to make that path. How do we arrange for learning the smartest and most effective way, removing obstacles or paths? \"Culture is something that can not be transmitted, but it can not be summed up\" - you have to go on the road, you have to train, your elaborate is thanks to your efforts and not. is anyone else\'s The book is a guide at the beginning of the road, as well as a companion on the road to creating a problem of \"quality,\" not of \"quality.\"</p>\r\n<p>&nbsp;</p>\r\n<p style=\"text-align: center;\"><img src=\"http://eagleele.vn//source/13638804.jpg?1508924048184\" width=\"340\" height=\"518\" /></p>\r\n<p>&nbsp;</p>\r\n<p>The style may be \"old\" with some people but for me that is quite close. The author uses some words \"strange\" compared to the current text, but if you try to look up or just \"guess\" is only you can understand. Self-study is a book that you will want to read over and over again, to instill in the advice in it, to do it. This is not a book that is easy to summarize, because behind that sentence, advice is a \"culture\" that Nguyen Duy Can wants readers to grasp. Thought, the book is also a reference to learning methods, self-cultivation, each person needs to choose the method suitable for themselves to avoid machinery, stereotypes.</p>', 'en'),
(15, 8, '[Sách hay] Đắc nhân tâm - Dale Carnegie', 'sach-hay-dac-nhan-tam---dale-carnegie', '', '', '', '<p>&nbsp;</p>\r\n<p>Đắc nh&acirc;n t&acirc;m &ndash; How to Win Friends &amp; Influence People của Dale Carnegie l&agrave; một cuốn s&aacute;ch nổi tiếng c&oacute; tầm ảnh hưởng nhất mọi thời đại. Gần 80 năm kể từ khi ra đời, Đắc Nh&acirc;n T&acirc;m l&agrave; cuốn s&aacute;ch gối đầu giường của nhiều thế hệ lu&ocirc;n muốn ho&agrave;n thiện ch&iacute;nh m&igrave;nh để vươn tới một cuộc sống th&agrave;nh c&ocirc;ng v&agrave; tốt đẹp.</p>\r\n<p>&nbsp;</p>\r\n<p>Cuốn s&aacute;ch n&agrave;y đ&atilde; được dịch ra hầu hết c&aacute;c thứ tiếng tr&ecirc;n thế giới v&agrave; tiếp cận với h&agrave;ng triệu độc giả. Đ&acirc;y l&agrave; cuốn s&aacute;ch li&ecirc;n tục đứng đầu danh mục s&aacute;ch b&aacute;n chạy nhất do thời b&aacute;o NewYork Times b&igrave;nh chọn suốt 10 năm liền.</p>\r\n<p>&nbsp;</p>\r\n<p>Đắc Nh&acirc;n T&acirc;m l&agrave; nghệ thuật thu phục l&ograve;ng người, l&agrave; l&agrave;m cho tất cả mọi người y&ecirc;u mến m&igrave;nh. &ldquo;Đắc Nh&acirc;n T&acirc;m&rdquo; cần được cảm nhận bằng sự hiểu r&otilde; bản th&acirc;n, th&agrave;nh thật với ch&iacute;nh m&igrave;nh, hiểu biết v&agrave; quan t&acirc;m đến những người xung quanh để nh&igrave;n ra, khơi gợi những tiềm năng ẩn khuất nơi họ v&agrave; gi&uacute;p họ ph&aacute;t triển l&ecirc;n một tầm cao mới.</p>\r\n<p>&nbsp;</p>\r\n<p>Người ta c&oacute; thể đọc Đắc nh&acirc;n t&acirc;m rất nhiều lần nhưng nếu họ kh&ocirc;ng hiểu r&otilde; về bản th&acirc;n, th&agrave;nh thật với ch&iacute;nh m&igrave;nh, c&oacute; hiểu biết về x&atilde; hội v&agrave; quan t&acirc;m tới những người xung quanh để nh&igrave;n nh&acirc;n v&agrave; khơi gợi những kỹ năng giao tiếp tiềm ẩn trong họ th&igrave; kh&ocirc;ng ai c&oacute; thể gi&uacute;p họ tự khai ph&aacute; bản th&acirc;n, n&acirc;ng tầm cuộc sống. Đ&acirc;y ch&iacute;nh l&agrave; nghệ thuật cao nhất về con người l&agrave; &yacute; nghĩa s&acirc;u xa nhất kết tinh từ ba mươi nguy&ecirc;n tắc v&agrave;ng của Dale Carnegie.</p>\r\n<p>Ba mươi nguy&ecirc;n tắc l&agrave; ba mươi c&acirc;u chuyện, ba mươi b&agrave;i học đạo l&yacute;. Mỗi một nguy&ecirc;n tắc l&agrave; một triết l&yacute; nh&acirc;n sinh s&acirc;u sắc. Gặp nhau l&agrave; v&igrave; chữ &ldquo;duy&ecirc;n&rdquo; m&agrave; th&agrave;nh, mỗi người ch&uacute;ng ta gặp nhau l&agrave; một duy&ecirc;n, mỗi người bạn gặp sẽ ảnh hưởng tới cuộc sống của m&igrave;nh.</p>\r\n<p>&nbsp;</p>\r\n<p>D&ugrave; tốt hay xấu, họ đều dạy cho ch&uacute;ng ta những b&agrave;i học nhất định, những kinh nghiệm sống v&ocirc; c&ugrave;ng tuyệt vời. Ch&iacute;nh v&igrave; vậy, đừng l&ecirc;n &aacute;n, chỉ tr&iacute;ch hay than phiền bất kỳ ai. Kể cả họ c&oacute; l&agrave;m tổn thương, phản bội hay lợi dụng bạn th&igrave; cũng h&atilde;y tha thứ cho họ.</p>\r\n<p>&nbsp;</p>\r\n<p>Bởi v&igrave; c&oacute; thể nhờ bạn m&agrave; họ học được c&aacute;ch khoan dung. Đ&oacute;ng một chiếc đinh v&agrave;o tấm v&aacute;n rất dễ nhưng khi nhổ chiếc đinh ra l&agrave;m sao để tấm v&aacute;n c&ograve;n nguy&ecirc;n vẹn lại l&agrave; một điều kh&ocirc;ng tưởng. V&igrave; vậy, đừng chỉ tr&aacute;ch, o&aacute;n tr&aacute;ch hay than phiền về bất cứ ai, bất cứ điều g&igrave; cả &ndash; đ&oacute; cũng l&agrave; nguy&ecirc;n tắc v&agrave;ng số 1 của Dale Carnegie.</p>\r\n<p>&nbsp;</p>\r\n<p style=\"text-align: center;\"><img src=\"http://eagleele.vn//source/c%20nh%C3%A2n%20t%C3%A2m.jpg?1508981086969\" width=\"420\" height=\"223\" />&nbsp;</p>\r\n<p>&nbsp;</p>\r\n<p>Xuy&ecirc;n suốt cuốn s&aacute;ch, ch&uacute;ng ta đ&uacute;c r&uacute;t cho m&igrave;nh được những b&agrave;i học nhẹ nh&agrave;ng m&agrave; s&acirc;u lắng. Ch&uacute;ng ta học được rằng th&aacute;i độ dịu d&agrave;ng, th&acirc;n thiện v&agrave; những lời khen ngợi ch&acirc;n th&agrave;nh c&oacute; thể khiến người ta thay đổi &yacute; kiến dễ d&agrave;ng hơn l&agrave; g&acirc;y căng thẳng kh&oacute; chịu; Nếu được y&ecirc;u thương, con người sẽ biết y&ecirc;u thương v&agrave; trở n&ecirc;n đ&aacute;ng y&ecirc;u hơn&hellip;</p>\r\n<p>Đắc Nh&acirc;n T&acirc;m ch&iacute;nh l&agrave; một nghệ thuật sống của cả đời người. S&aacute;ch dạy ch&uacute;ng ta c&aacute;ch đối nh&acirc;n xử thế, c&aacute;ch thu phục l&ograve;ng người v&agrave; sống tử tế. &Yacute; nghĩa lớn nhất ch&iacute;nh l&agrave; tự bản th&acirc;n mỗi người th&agrave;nh thật với ch&iacute;nh m&igrave;nh. Hiểu biết nhiều hơn, biết quan t&acirc;m đến người xung quanh, khơi gợi những khả năng từ s&acirc;u b&ecirc;n trong.</p>\r\n<p>&nbsp;</p>\r\n<p>Để n&oacute;i một lời về t&aacute;c phẩm n&agrave;y, bản th&acirc;n t&ocirc;i chỉ biết đ&oacute; l&agrave; một đỉnh cao nghệ thuật l&agrave;m người. Đắc Nh&acirc;n T&acirc;m c&oacute; sức lan tỏa v&ocirc; c&ugrave;ng rộng lớn, cho d&ugrave; đi đến đ&acirc;u tr&ecirc;n thế giới đều c&oacute; thể nh&igrave;n thấy t&aacute;c phẩm n&agrave;y. Tr&ecirc;n hết cuốn s&aacute;ch c&oacute; tầm ảnh hưởng l&agrave;m thay đổi cuộc đời của h&agrave;ng triệu người.</p>\r\n<p>&nbsp;</p>\r\n<p>(Theo Tiểu Bọ Ch&eacute;t/ghiensach)</p>', 'vi'),
(16, 8, '[Good book] How to Win Friends &amp;amp;amp;amp;amp;amp;amp;amp;amp;amp;amp;amp; Influence People - Dale Carnegie', 'good-book-how-to-win-friends-influence-people---dale-carnegie', '', '', '', '<p>Dale Carnegie\'s How to Win Friends &amp; Influence People is one of the most influential books of all time. About 80 years since its inception, How to Win Friends &amp; Influence People is a bedside book of many generations who want to perfect themselves to reach a successful and good life.</p>\r\n<p>This book has been translated into almost every language in the world and accessible to millions of readers. This is the book that continues to be the top-selling New York Times bestseller list for 10 years.</p>\r\n<p>How to Win Friends &amp; Influence People is the art of capturing the heart, is to make everyone love you. \"How to Win Friends &amp; Influence People\" should be felt by understanding yourself, being honest with yourself, knowing and caring for the people around you to see, evoking the hidden potential in them and Help them develop to a new height.</p>\r\n<p>People can read How to Win Friends &amp; Influence People many times, but if they do not understand themselves, be honest with themselves, have a social understanding and care about the people around them to look at the sea and the sea. As for their potential communication skills, no one can help them develop themselves, improve their lives. This is the highest art of man is the deepest meaning crystallized from Dale Carnegie\'s thirty golden principles.<br />Thirty principles are thirty stories, thirty moral lessons. Each principle is a deep human philosophy. Meet each other because the word \"grace\" that, each of us meet is a charm, each person you meet will affect his life.</p>\r\n<p>Good or bad, they teach us certain lessons, wonderful experiences. So do not condemn, criticize or complain to anyone. Even if they hurt, betrayed or exploited you, please forgive them.</p>\r\n<p>Because they can learn to tolerate you. It\'s easy to put a nail on a plank, but when you pull up a nail it\'s impossible to keep the plank intact. So do not just blame, complain or complain about anyone, anything - it\'s also Dale Carnegie\'s No. 1 gold rule.</p>\r\n<p>&nbsp;</p>\r\n<p style=\"text-align: center;\"><img src=\"http://eagleele.vn//source/c%20nh%C3%A2n%20t%C3%A2m.jpg?1508981086969\" width=\"420\" height=\"222\" /></p>\r\n<p>&nbsp;</p>\r\n<p>Throughout the book, we draw lessons that are subtle and deep. We learn that a gentle, friendly and heartfelt attitude can make people change their mind more easily than to cause unpleasant stress; If loved, people will love and become more lovely ...<br />How to Win Friends &amp; Influence People is a lifelong art of living. It teaches us how to deal with people, how to win hearts and live nicely. The biggest meaning is that each person is honest with himself. Knowing more, taking care of people around, evoking the ability from deep inside.</p>\r\n<p>To say a word about this work, I myself know it is a culmination of the art of being human. How to Win Friends &amp; Influence People has great power spread, no matter where in the world can see this work. Above all, the book has the potential to change the lives of millions.</p>', 'en'),
(17, 9, '[Sách hay] 7 thói quen để thành đạt - Stephen R. Covey', 'sach-hay-7-thoi-quen-de-thanh-dat---stephen-r-covey', '', '', '', '<p style=\"text-align: center;\">&nbsp;</p>\r\n<p style=\"text-align: center;\"><img src=\"http://eagleele.vn//source/7ThoiQuen_3D_b.jpg?1508987664585\" alt=\"\" width=\"270\" height=\"360\" />&nbsp;</p>\r\n<p style=\"text-align: center;\">&nbsp;</p>\r\n<p style=\"text-align: justify;\">Đ&uacute;c kết từ trải nghiệm của bản th&acirc;n v&agrave; những nh&agrave; l&atilde;nh đạo lớn tr&ecirc;n thế giới m&agrave; Stephen R.Covey đưa ra &ldquo;bảy th&oacute;i quen để th&agrave;nh đạt&rdquo;:</p>\r\n<p style=\"text-align: justify;\">&nbsp;</p>\r\n<p style=\"text-align: justify;\">Lu&ocirc;n chủ động.</p>\r\n<p style=\"text-align: justify;\">Bắt đầu từ những mục ti&ecirc;u đ&atilde; được x&aacute;c định.</p>\r\n<p style=\"text-align: justify;\">Ưu ti&ecirc;n cho điều quan trọng nhất.</p>\r\n<p style=\"text-align: justify;\">Tư duy c&ugrave;ng thắng.</p>\r\n<p style=\"text-align: justify;\">Lắng nghe v&agrave; thấu hiểu.</p>\r\n<p style=\"text-align: justify;\">Đồng t&acirc;m hiệp lực.</p>\r\n<p style=\"text-align: justify;\">R&egrave;n giũa bản th&acirc;n.</p>\r\n<p style=\"text-align: justify;\">&nbsp;</p>\r\n<p style=\"text-align: justify;\">Nhưng ch&iacute;nh từ lời khuy&ecirc;n của Stephen R.Covey, từ tư tưởng xuy&ecirc;n suốt cuốn s&aacute;ch m&agrave; t&aacute;c giả đưa ra trong cuốn s&aacute;ch, t&ocirc;i muốn b&igrave;nh về một cuốn s&aacute;ch để c&aacute;c bạn tham khảo, chứ kh&ocirc;ng phải l&agrave; để tu&acirc;n theo. V&agrave; hiển nhi&ecirc;n, những lời b&igrave;nh n&agrave;y, cũng l&agrave; để tham khảo, chứ kh&ocirc;ng n&ecirc;n tin l&agrave; nhận định đ&uacute;ng ho&agrave;n to&agrave;n.</p>\r\n<p style=\"text-align: justify;\">&nbsp;</p>\r\n<p style=\"text-align: justify;\">Cuốn s&aacute;ch viết về 7 th&oacute;i quen của người th&agrave;nh đạt v&agrave; rất hay nhắc tới c&aacute;c nguy&ecirc;n l&yacute;, c&aacute;c nguy&ecirc;n tắc, c&aacute;c hiệu ứng&hellip; nhưng kh&ocirc;ng phải l&agrave; một cuốn s&aacute;ch &ldquo;cứng nhắc&rdquo;. D&ugrave; &ldquo;ch&uacute;ng ta phải tu&acirc;n theo c&aacute;c quy luật đ&atilde; đặt ra, nếu chống lại những quy luật ấy, c&oacute; nghĩa l&agrave; ch&uacute;ng ta đang chống lại ch&iacute;nh m&igrave;nh&rdquo;&nbsp; th&igrave; cũng phải nhận định những điều m&agrave; t&aacute;c giả đưa ra c&oacute; ph&ugrave; hợp với con người v&agrave; ho&agrave;n cảnh của bạn kh&ocirc;ng, bởi &ldquo;c&aacute;c quy luật đ&atilde; đặt ra&rdquo; m&agrave; t&aacute;c giả n&oacute;i đến, l&agrave; do ch&iacute;nh bạn, ch&iacute;nh tự bản th&acirc;n bạn đặt ra, cho ch&iacute;nh cuộc đời bạn, chứ kh&ocirc;ng một ai hết c&oacute; thể đem ra c&aacute;c quy luật, hay &ldquo;th&oacute;i quen&rdquo; cho bạn tu&acirc;n theo.</p>\r\n<p style=\"text-align: justify;\">&nbsp;</p>\r\n<p style=\"text-align: justify;\">&nbsp;Tư tưởng m&agrave; Stephen R.Covey đưa ra trong cuốn s&aacute;ch kh&ocirc;ng qu&aacute; lạ, bởi những tư tưởng n&agrave;y đ&uacute;ng, v&agrave; đ&atilde; được &aacute;p dụng rất nhiều, từ trước thời Copernicus với c&acirc;u n&oacute;i &ldquo;kh&ocirc;ng c&oacute; điều g&igrave; l&agrave; bất biến&rdquo; cho tới ng&agrave;y nay. C&aacute;i hay của cuốn s&aacute;ch l&agrave; tư tưởng đ&uacute;ng m&agrave; t&aacute;c giả chuyển tải, chứ kh&ocirc;ng hẳn nằm ở 7 th&oacute;i quen đ&uacute;ng.</p>\r\n<p style=\"text-align: justify;\">&nbsp;</p>\r\n<p style=\"text-align: justify;\">Tu&acirc;n theo một c&aacute;ch bất di bất dịch c&aacute;c th&oacute;i quen t&aacute;c giả đưa ra, bạn sẽ thấy, lời khuy&ecirc;n đầu ti&ecirc;n, bạn phải &ldquo;lu&ocirc;n chủ động&rdquo;, phải biết &ldquo;thay đổi m&ocirc; thức&rdquo;&hellip; Điều đ&oacute; cho thấy tư tưởng t&aacute;c giả cũng muốn bạn tham khảo những th&oacute;i quen đ&uacute;ng, một m&ocirc; thức tốt để thiết lập n&ecirc;n một m&ocirc; thức tốt hơn cho m&igrave;nh, chứ kh&ocirc;ng hẳn l&agrave; tu&acirc;n theo ho&agrave;n to&agrave;n. Kẻ th&ugrave; của &ldquo;tốt hơn&rdquo; chẳng phải l&agrave; &ldquo;tốt&rdquo; đ&oacute; sao? Nếu con người kh&ocirc;ng biết chủ động thay đổi m&ocirc; thức m&agrave; cứ lu&ocirc;n đi theo con đường vạch sẵn, th&igrave; l&agrave;m sao c&oacute; sự tiến bộ, ph&aacute;t triển v&agrave; đột ph&aacute; trong mọi lĩnh vực? Nếu lu&ocirc;n chấp nhận những g&igrave; đương thời cho l&agrave; đ&uacute;ng th&igrave; chuyện g&igrave; sẽ xảy ra?</p>\r\n<p style=\"text-align: justify;\">&nbsp;</p>\r\n<p style=\"text-align: justify;\">C&oacute; lẽ l&agrave; con người sẽ m&atilde;i m&atilde;i tin rằng tr&aacute;i đất l&agrave; trung t&acirc;m của vũ trụ trong khi khoa học b&acirc;y giờ đ&atilde; chứng minh được rằng ngay cả mặt trời cũng chẳng phải l&agrave; trung t&acirc;m, điều đ&oacute; cho thấy c&aacute;i đ&uacute;ng của Copernicus cũng để ch&uacute;ng ta tham khảo, &ocirc;ng đ&uacute;ng trong tư tưởng &ldquo;kh&ocirc;ng c&oacute; điều g&igrave; l&agrave; bất biến&rdquo;, chứ thuyết Nhật t&acirc;m cũng đang mờ nhạt dần khi kiến thức về thi&ecirc;n văn học ng&agrave;y c&agrave;ng s&acirc;u rộng hơn.&nbsp;</p>\r\n<p style=\"text-align: justify;\">&nbsp;</p>\r\n<p style=\"text-align: justify;\">Nếu kh&ocirc;ng đặt nghi vấn về sự chưa ho&agrave;n hảo trong m&ocirc; h&igrave;nh vật l&yacute; của Newton th&igrave; l&agrave;m sao Einstein c&oacute; thể đưa ra được Thuyết Tương Đối - một cuộc c&aacute;ch mạng trong giới khoa học v&igrave; c&oacute; gi&aacute; trị ti&ecirc;n đo&aacute;n v&agrave; giải th&iacute;ch cao hơn. V&agrave; nếu kh&ocirc;ng c&oacute; nghi vấn, thay đổi m&ocirc; thức, kh&ocirc;ng c&oacute; những người chủ động tu&acirc;n theo quy luật của ch&iacute;nh m&igrave;nh&hellip; th&igrave; sẽ c&oacute; kh&ocirc;ng c&oacute; ph&aacute;t triển x&atilde; hội.</p>\r\n<p style=\"text-align: justify;\">&nbsp;</p>\r\n<p style=\"text-align: justify;\">&nbsp;Stephen R.Covey đưa ra cho ch&uacute;ng ta một cuốn s&aacute;ch viết về 7 th&oacute;i quen, v&agrave; thường nhắc đến kh&aacute; nhiều quy luật, đồng thời với những tr&iacute;ch dẫn như:</p>\r\n<p style=\"text-align: justify;\">&ldquo;Kh&ocirc;ng c&oacute; sự xuất sắc n&agrave;o tr&ecirc;n đời m&agrave; t&aacute;ch biệt với lối sống đ&uacute;ng đắn&rdquo; - David Starr Jordan</p>\r\n<p style=\"text-align: justify;\">&ldquo;L&atilde;nh đạo lấy nguy&ecirc;n tắc l&agrave;m trọng t&acirc;m&rdquo;.</p>\r\n<p style=\"text-align: justify;\">&hellip;</p>\r\n<p style=\"text-align: justify;\">&nbsp;</p>\r\n<p style=\"text-align: justify;\">Nhưng c&aacute;i m&agrave; t&aacute;c giả muốn chuyển tải, kh&ocirc;ng hẳn chỉ l&agrave; 7 b&agrave;i học đ&atilde; được đ&uacute;c kết, m&agrave; l&agrave; tầm tư tưởng, những vấn đề đ&uacute;ng về r&egrave;n luyện bản th&acirc;n, những vấn đề đ&uacute;ng về chữ &ldquo;T&acirc;m&rdquo;, chữ &ldquo;T&agrave;i&rdquo; để đạt được chữ &ldquo;Tầm&rdquo;, th&igrave; d&ugrave; bạn l&agrave; ai, bạn sống ở thời n&agrave;o, tầm tư tưởng đ&oacute; vẫn đ&uacute;ng. V&agrave; ch&iacute;nh từ tư tưởng của t&aacute;c giả, ch&uacute;ng ta coi m&ocirc; thức của t&aacute;c giả đưa ra l&agrave; một m&ocirc; thức tốt để tham khảo, để ứng dụng n&oacute; một c&aacute;ch linh hoạt v&agrave;o bản thể m&igrave;nh chứ kh&ocirc;ng phải l&agrave; tu&acirc;n theo, cho d&ugrave; đ&oacute; l&agrave; &ldquo;7 th&oacute;i quen của người th&agrave;nh đạt&rdquo;.</p>\r\n<p style=\"text-align: justify;\">&nbsp;</p>\r\n<p style=\"text-align: justify;\">Người th&agrave;nh đạt, kh&ocirc;ng c&oacute; một quy chuẩn n&agrave;o để n&oacute;i về kh&aacute;i niệm n&agrave;y. Nhưng ở thể loại s&aacute;ch Self Help v&agrave; đối với đa phần độc giả lựa chọn cuốn s&aacute;ch n&agrave;y, t&ocirc;i nghĩ c&aacute;c bạn kh&aacute; quan t&acirc;m để trở th&agrave;nh một l&atilde;nh đạo giỏi. Thực ra, t&ocirc;i l&agrave;m trong lab, n&ecirc;n x&eacute;t thấy cuốn s&aacute;ch n&agrave;y ph&ugrave; hợp cho bất cứ ai, bởi c&oacute; kh&aacute; nhiều tư tưởng m&agrave; t&aacute;c giả muốn chuyển tải l&agrave; vấn đề chung Con Người. Những tư tưởng đ&uacute;ng đ&oacute; tồn tại trong văn h&oacute;a của nhiều con người, nhiều doanh nghiệp, v&agrave; ngay cả nền văn h&oacute;a của một đất nước.</p>\r\n<p style=\"text-align: justify;\">&nbsp;</p>\r\n<p style=\"text-align: justify;\">C&oacute; một c&acirc;u n&oacute;i của người Trung Quốc, đại &yacute; l&agrave; &ldquo;trước khi muốn trị thi&ecirc;n hạ, th&igrave; phải biết tự trị m&igrave;nh&rdquo;, th&igrave; ở cuốn s&aacute;ch n&agrave;y, tư tưởng của Stephen R.Covey cũng hướng bạn đến l&atilde;nh đạo bản th&acirc;n, r&egrave;n giũa bản th&acirc;n. Th&aacute;i độ của ch&iacute;nh bạn quyết định tầm nh&igrave;n của ch&iacute;nh bạn, những g&igrave; bạn cảm nhận được v&agrave; tin, bạn sẽ l&agrave;m được, cho d&ugrave; bạn l&agrave; ai. Hạnh ph&uacute;c hay thất bại đều xuất ph&aacute;t từ lựa chọn của ch&iacute;nh ch&uacute;ng ta, v&agrave; để cải thiện t&igrave;nh h&igrave;nh, ch&uacute;ng ta phải tập trung v&agrave;o c&aacute;i m&agrave; ch&uacute;ng ta c&oacute; thể kiểm so&aacute;t được, đ&oacute; ch&iacute;nh l&agrave; bản th&acirc;n ch&uacute;ng ta.</p>\r\n<p style=\"text-align: justify;\">&nbsp;</p>\r\n<p style=\"text-align: justify;\">&nbsp;&ldquo;7 th&oacute;i quen để th&agrave;nh đạt&rdquo; của Stephen R.Covey tưởng chừng l&agrave; một cuốn s&aacute;ch &ldquo;kh&aacute; quy tắc&rdquo; đem ra một m&ocirc; thức để th&agrave;nh đạt, nhưng lại l&agrave; một cuốn s&aacute;ch linh hoạt với một m&ocirc; thức tốt để bạn tham khảo từ đ&oacute; vận dụng v&agrave;o ch&iacute;nh bản th&acirc;n bạn. T&aacute;c giả rất đề cao năng lực, sự quyết đo&aacute;n, v&agrave; lựa chọn của ch&iacute;nh bản th&acirc;n b&ecirc;n trong độc giả, từ đ&oacute; m&agrave; tạo n&ecirc;n sự ảnh hưởng đến b&ecirc;n ngo&agrave;i.</p>\r\n<p style=\"text-align: justify;\">&nbsp;</p>\r\n<p style=\"text-align: justify;\">&nbsp;Để kết lại phần b&igrave;nh s&aacute;ch n&agrave;y, t&ocirc;i xin gửi tặng c&aacute;c bạn lời khuy&ecirc;n của Thầy t&ocirc;i, tr&iacute;ch trong một bức mail Thầy viết cho t&ocirc;i c&aacute;ch đ&acirc;y 1 năm, khi t&ocirc;i gặp thất bại.</p>\r\n<p style=\"text-align: justify;\">&nbsp;</p>\r\n<p style=\"text-align: justify;\">&ldquo;N&oacute;i chung th&igrave; bất cứ th&agrave;nh c&ocirc;ng n&agrave;o cũng cần nỗ lực. L&agrave;m trung b&igrave;nh th&igrave; kh&ocirc;ng bao giờ đứng l&ecirc;n hay nổi trội được. Điều n&agrave;y đ&uacute;ng, nhất l&agrave; ở nước ngo&agrave;i, muốn bằng người ta th&igrave; phải hơn người ta hai c&aacute;i đầu (bởi v&igrave; đ&acirc;u phải qu&ecirc; m&igrave;nh). M&agrave; muốn đạt được mục đ&iacute;ch th&igrave; phải l&agrave;m việc c&oacute; commitment, tức l&agrave; dấn th&acirc;n, v&agrave; kh&ocirc;ng được sao l&atilde;ng mục ti&ecirc;u. Cũng như người đi đường vậy, người biết m&igrave;nh đi đ&acirc;u th&igrave; cứ đi thẳng mặc cho những kh&oacute; khăn b&ecirc;n lề; c&ograve;n người kh&ocirc;ng c&oacute; mục ti&ecirc;u th&igrave; sẽ đi lạc hay bị c&aacute;m dỗ l&agrave;m cho lạc hướng. X&acirc;y dựng sự nghiệp cũng thế th&ocirc;i.&rdquo;</p>\r\n<p style=\"text-align: justify;\">&nbsp;</p>\r\n<p style=\"text-align: justify;\">Thật th&uacute; vị l&agrave; khi đọc cuốn s&aacute;ch của Stephen R.Covey, t&ocirc;i nhận ra tư tưởng của Thầy cũng xuy&ecirc;n suốt cuốn s&aacute;ch, c&oacute; lẽ những người giỏi, những người th&agrave;nh đạt&hellip; đều c&oacute; một m&ocirc; thức chung, một m&ocirc; thức của tư tưởng.</p>\r\n<p style=\"text-align: justify;\">&nbsp;</p>\r\n<p style=\"text-align: justify;\">(Theo Ho&agrave;ng Anh/S&aacute;ch Hay)</p>', 'vi'),
(18, 9, '[Good book] The 7 habits of highly effective people - Stephen R. Covey', 'good-book-the-7-habits-of-highly-effective-people---stephen-r-covey', '', '', '', '<p style=\"text-align: center;\"><img src=\"http://eagleele.vn//source/7ThoiQuen_3D_b.jpg?1508987723296\" alt=\"\" width=\"270\" height=\"360\" /></p>\r\n<p>&nbsp;</p>\r\n<p>Drawing from the experience of myself and the great leaders of the world, Stephen R. Covey made \"seven habits to succeed\":</p>\r\n<p>Stay active.<br />Starting from defined goals.<br />Give priority to the most important thing.<br />Thinking together wins.<br />Listen and understand.<br />Work together.<br />Forgive yourself.<br />&nbsp;<br />But it is from the advice of Stephen R.Covey, from the thought throughout the book that the author puts forth in the book, I would like to comment on a book for your reference, not to obey. And, of course, these comments, as well as references, should not be taken for granted.</p>\r\n<p>The book is about the seven habits of successful people, and is very much about principles, principles, effects ... but not a \"rigid\" book. Although \"we have to obey the rules set forth, it is against our rules to mean that we are against ourselves.\" You and your situation do not, because the \"rules set\" that the author refers to, is that you yourself, yourself, for your own life, no one else can bring. The rules, or \"habits\" for you to follow.</p>\r\n<p>&nbsp;The idea that Stephen R.Covey put forward in the book is not too strange, because these ideas are true, and have been applied a lot, before Copernicus with the saying \"nothing is permanent\" until the day present. The good thing about the book is that it is the right idea that the author has conveyed, not the 7 correct habits.</p>\r\n<p>Observe the habits of the author, you will see, the first advice, you have to \"always take the initiative\", to know \"change the pattern\" ... That shows the author\'s thinking Also, you want to refer to the right habits, a good model for establishing a better pattern for you, not necessarily following it completely. The enemy of \"better\" is not \"good\" it? If people do not know how to actively change the paradigm and always follow the path, then how can there be progress, development and breakthrough in every field? If you always accept what is right now, what will happen?</p>\r\n<p>It is likely that humans will forever believe that the earth is at the center of the universe while science now demonstrates that even the sun is not centered, which suggests that Copernicus\' We refer, he right in the thought \"nothing is permanent\", the Japanese mind is also fading as knowledge of astronomy deeper and deeper.</p>\r\n<p>If there is no question of imperfection in Newton\'s physical model, how could Einstein be able to come up with the theory of relativity - a revolution in science for a higher predictive value and explanation. And if there is no question, paradigm shift, there are no people who actively follow their own laws ... there will be no social development.</p>\r\n<p>&nbsp;Stephen R.Covey gives us a book about seven habits, and often refers to quite a few rules, along with citations like:<br />\"There is no excellence in life that is separate from the right way of life.\" - David Starr Jordan<br />\"Leadership is central.\"<br />...</p>\r\n<p>But what the author wants to convey, not just the seven lessons that have been drawn, but the ideology, the right issues of self-training, the right problems with the word \"mind\", the word \"Tai \"To achieve the word\" Range, \"no matter who you are, when you live, the thought is still true. And it is from the author\'s mind that we consider the author\'s model to be a good model for reference, in order to apply it flexibly to his being, not to follow it. is \"7 habits of the successful\".</p>\r\n<p>Success, there is no standard to talk about this concept. But in the book category Self Help and for most readers to choose this book, I think you are interested in becoming a good leader. Actually, I do in the lab, so I find this book suitable for anyone, because there are quite many ideas that the author wants to convey is a common problem for humans. The right ideas exist in the culture of many people, businesses, and even the culture of a country.</p>\r\n<p>There is a Chinese saying, \"Before you want to rule the world, you must know how to self-rule,\" in this book, Stephen\'s thought.Covey also directed you to lead yourself, Forging myself. Your own attitude determines your own vision, what you feel and believe, you will do, no matter who you are. Happiness or failure comes from our own choices, and to improve the situation, we have to focus on what we can control, which is ourselves.</p>\r\n<p>&nbsp;\"The 7 Habits of Success\" by Stephen R.Covey seems to be a \"pretty rules\" book that provides a model for success, but is a flexible book with a good model for you to reference. Then apply to yourself.&nbsp;The author emphasizes the power, the assertiveness, and the choice of the self within the reader, thereby creating external influence. To summarize this review, I would like to send you my teacher\'s advice, quoted in a letter he wrote to me a year ago, when I failed. \"In general, any success need effort. On average, never stand up or stand out. This is true, especially in foreign countries, want to be equal to two people than the head (because of where his home). To achieve the goal, work must be committed, that is, commitment, and do not neglect the goal. Like people on the road, who know where to go, go straight to wear the difficulties on the sidelines; And people without goals will stray or be tempted to mislead. It is interesting to read Stephen C. Cook\'s book, and I realize that the thought of the Master throughout the book, perhaps the good ones, the successful ones, all have one. common pattern, a pattern of thought.</p>\r\n<p>&nbsp;</p>\r\n<p>(Hoang Anh/Sach Hay)</p>', 'en');
INSERT INTO `library_lang` (`id`, `library_id`, `title`, `slug`, `meta_description`, `meta_keywords`, `description`, `content`, `language`) VALUES
(19, 10, '[Sách hay] Quẳng gánh lo đi & vui sống - Dale Carnegie', 'sach-hay-quang-ganh-lo-di-vui-song---dale-carnegie', '', '', '', '<p style=\"text-align: center;\">&nbsp;</p>\r\n<p style=\"text-align: center;\"><img src=\"http://eagleele.vn//source/Qu%E1%BA%A3ng%20g%C3%A1nh%20lo%20%C4%91i%20v%C3%A0%20vui%20s%E1%BB%91ng.jpg?1508988356397\" alt=\"\" width=\"347\" height=\"503\" /></p>\r\n<p>&nbsp;</p>\r\n<p style=\"text-align: justify;\">Quẳng G&aacute;nh Lo Đi V&agrave; Vui Sống được viết bởi Dale Carnegie (1888 &ndash; 1955), t&aacute;c giả nổi tiếng với nhiều cuốn s&aacute;ch self-help bestsellers, trong đ&oacute; c&oacute; cuốn Đắc nh&acirc;n t&acirc;m&nbsp; m&agrave; đa số ch&uacute;ng ta đều đ&atilde; từng nghe n&oacute;i.</p>\r\n<p style=\"text-align: justify;\">&nbsp;</p>\r\n<p style=\"text-align: justify;\">Mục đ&iacute;ch của cuốn s&aacute;ch, như ch&iacute;nh t&ecirc;n của t&aacute;c phẩm, l&agrave; nhằm gi&uacute;p người đọc c&oacute; thể giống như &ocirc;ng, loại bỏ được những lo lắng kh&ocirc;ng cần thiết v&agrave; nhờ thế, c&oacute; thể c&oacute; một cuộc đời đ&aacute;ng sống v&agrave; hạnh ph&uacute;c hơn.</p>\r\n<p style=\"text-align: justify;\">&nbsp;</p>\r\n<p style=\"text-align: justify;\">Từ l&uacute;c đầu t&ocirc;i đ&atilde; ấn tượng với t&ecirc;n của quyển s&aacute;ch n&ecirc;n đ&atilde; mua ngay m&agrave; kh&ocirc;ng chần chừ. Nh&igrave;n chung th&igrave; quyển s&aacute;ch n&agrave;y kh&aacute; l&agrave; hay, t&aacute;c giả chia sẻ những kinh nghiệm, những b&iacute; k&iacute;p nhằm để gi&uacute;p người đọc c&oacute; thể tự giải quyết những nỗi lo &acirc;u, chế ngự ch&uacute;ng v&agrave; tận hưởng cuộc sống.&nbsp; Cuộc sống kh&ocirc;ng dễ d&agrave;ng giải tho&aacute;t bạn khỏi căng thẳng, ngược lại, nếu qu&aacute; lo lắng, bạn c&oacute; thể mắc bệnh trầm cảm. Quẳng G&aacute;nh Lo Đi V&agrave; Vui Sống khuy&ecirc;n bạn h&atilde;y kh&oacute;a chặt dĩ v&atilde;ng v&agrave; tương lai lại để sống trong c&aacute;i ph&ograve;ng k&iacute;n m&iacute;t của ng&agrave;y h&ocirc;m nay. Mọi vấn đề đều c&oacute; thể được giải quyết, chỉ cần bạn b&igrave;nh tĩnh v&agrave; x&aacute;c định đ&uacute;ng h&agrave;nh động cần l&agrave;m v&agrave;o đ&uacute;ng thời điểm.</p>\r\n<p style=\"text-align: justify;\">&nbsp;</p>\r\n<p style=\"text-align: justify;\">Quẳng G&aacute;nh Lo Đi V&agrave; Vui Sống l&agrave; một quyển s&aacute;ch rất hay v&agrave; rất lạ! Rất lạ bởi d&ugrave; chỉ vỏn vẹn 300 trang nhưng lại l&agrave; một cẩm nang tuyệt đối d&agrave;y, mỗi mục trong s&aacute;ch giống như những c&acirc;u truyện rất k&igrave; c&ocirc;ng v&agrave; được tỉ mỉ quan s&aacute;t, to&agrave;n bộ cuốn s&aacute;ch l&agrave; lược sử cho những phương ph&aacute;p th&agrave;nh c&ocirc;ng của nhiều con người. Th&agrave;nh c&ocirc;ng l&agrave; kh&aacute;i niệm rất bao qu&aacute;t về tương lai tươi s&aacute;ng, do đ&oacute; bao gồm cả th&agrave;nh c&ocirc;ng về tinh thần v&agrave; vật chất. Để th&agrave;nh c&ocirc;ng, bạn cần h&agrave;nh động. &ldquo; Bạn sẽ nhận ra nhiều điều đ&atilde; bị ch&uacute;ng ta bỏ qu&ecirc;n. Vấn đề kh&ocirc;ng phải l&agrave; ch&uacute;ng ta kh&ocirc;ng biết hay kh&ocirc;ng hiểu, m&agrave; l&agrave; ch&uacute;ng ta kh&ocirc;ng h&agrave;nh động. Mục đ&iacute;ch của cuốn s&aacute;ch n&agrave;y l&agrave; kể lại, l&agrave;m s&aacute;ng tỏ, t&ocirc;n vinh v&agrave; ph&acirc;n t&iacute;ch dưới g&oacute;c nh&igrave;n mới của thời đại về những ch&acirc;n l&yacute; căn bản đ&atilde; c&oacute; từ xa xưa, nhằm x&acirc;y dựng niềm tin nơi bạn v&agrave; gi&uacute;p bạn tự tin &aacute;p dụng ch&uacute;ng.&rdquo;</p>\r\n<p style=\"text-align: justify;\">Trong cuộc sống hiện đại hối hả ng&agrave;y nay, t&ocirc;i vấp phải biết bao nhi&ecirc;u nỗi lo lắng, kh&oacute; khăn. Nhưng đến khi t&igrave;m được quyển s&aacute;ch n&agrave;y, t&ocirc;i đ&atilde; học c&aacute;ch c&acirc;n bằng cuộc sống hơn. Kh&ocirc;ng c&ograve;n những nỗi lo th&igrave; kh&ocirc;ng phải nhưng học c&aacute;ch vượt qua v&agrave; coi đ&oacute; l&agrave; động lực trong cuộc sống l&agrave; c&aacute;ch m&agrave; t&ocirc;i học được. Mỗi khi c&oacute; những trở ngại kh&oacute; khăn, t&ocirc;i lại t&igrave;m đến trang s&aacute;ch n&agrave;y. C&agrave;ng đọc t&ocirc;i c&agrave;ng nhận ra rằng cuộc sống lu&ocirc;n dễ d&agrave;ng hơn khi ta nhẹ nh&agrave;ng, b&igrave;nh tĩnh đối mặt với n&oacute;.</p>\r\n<p style=\"text-align: justify;\">&nbsp;</p>\r\n<p style=\"text-align: justify;\">(Theo Mai Li&ecirc;n/BookReview)</p>', 'vi'),
(20, 10, '[Good book] How to stop worrying and start living - Dale Carnegie', 'good-book-how-to-stop-worrying-and-start-living---dale-carnegie', '', '', '', '<p style=\"text-align: center;\"><img src=\"http://eagleele.vn//source/Qu%E1%BA%A3ng%20g%C3%A1nh%20lo%20%C4%91i%20v%C3%A0%20vui%20s%E1%BB%91ng.jpg?1508988356397\" alt=\"\" width=\"347\" height=\"503\" /></p>\r\n<p>&nbsp;</p>\r\n<p>How To Stop Worrying and Start Living&nbsp;was written by Dale Carnegie (1888 - 1955), best known for his self-help bestsellers, including The Mindless Mind that most of us have ever heard.</p>\r\n<p>&nbsp;</p>\r\n<p>The purpose of the book, as the very name of the work, is to help the reader to be like him, to eliminate unnecessary worries and thereby to have a life worth living and being happier.</p>\r\n<p>&nbsp;</p>\r\n<p>From the beginning I was impressed with the name of the book so I bought it without hesitation. In general, this book is quite good, the author shares his experiences, tips to help readers solve their own worries, control them and enjoy life. Life does not easily free you from stress, otherwise, if you are too anxious, you can suffer from depression. Stop worrying and cheerfully recommend that you lock the past and future to live in the room today. All problems can be solved, just calm down and determine the right action at the right time.</p>\r\n<p>&nbsp;</p>\r\n<p>Thundering Lovelorn and Fun is a wonderful book and very strange! Strangely enough, even with just 300 pages, the book is a thoroughly hands-on book, with every book in the series as a very elaborate and meticulous story. The whole book is a history of methods. work of many people. Success is a very broad concept of a bright future, thus including spiritual and material success. To succeed, you need to act. \"You will recognize many things we have forgotten. The problem is not that we do not know or understand, but we do not act. The purpose of this book is to recount, clarify, honor and analyze the new view of the age of the ancient truths, to build trust in you and to help you be confident. apply them. \"</p>\r\n<p>In today\'s hustle and bustle of modern life, I have faced so many worries and difficulties. But until I found this book, I learned to balance my life. No worries are not, but learning to overcome and consider it motivation in life is the way I learned. Whenever there are difficult obstacles, I go to this page. The more I read, the more I realize that life is always easier when we are gentle, calm face to it.</p>\r\n<p>&nbsp;</p>\r\n<p>(Mai Lien / BookReview)</p>', 'en'),
(21, 11, '[Sách hay] Nếu tôi biết được khi còn 20 - Tina Seelig', 'sach-hay-neu-toi-biet-duoc-khi-con-20---tina-seelig', '', '', '', '<p style=\"text-align: center;\">&nbsp;</p>\r\n<p style=\"text-align: center;\"><img src=\"http://eagleele.vn//source/N%E1%BA%BFu%20t%C3%B4i%20bi%E1%BA%BFt%20%C4%91%C6%B0%E1%BB%A3c%20khi%20c%C3%B2n%2020.jpg?1508989027059\" width=\"400\" height=\"250\" /></p>\r\n<p>&nbsp;</p>\r\n<p style=\"text-align: justify;\">T&ocirc;i đ&atilde; đọc cuốn s&aacute;ch n&agrave;y giữa những năm th&aacute;ng 20 của cuộc đời, những ng&agrave;y th&aacute;ng tươi đẹp nhất. C&oacute; thể n&oacute;i cuốn s&aacute;ch n&agrave;y đ&atilde; ảnh hưởng kh&aacute; s&acirc;u sắc đến t&ocirc;i. N&oacute; gi&uacute;p t&ocirc;i định hướng lại con đường m&igrave;nh m&igrave;nh đang đi, giải đ&aacute;p gi&uacute;p t&ocirc;i những băn khoăn, trăn trở m&agrave; bấy l&acirc;u nay vẫn chưa t&igrave;m thấy lời giải. Nếu bạn c&ograve;n m&ocirc;ng lung giữa những ng&atilde; rẽ cuộc đời th&igrave; h&atilde;y cầm v&agrave; đọc cuốn s&aacute;ch n&agrave;y, biết đ&acirc;u sẽ c&oacute; con đường đi cho c&aacute;c bạn trong đ&oacute;.</p>\r\n<p style=\"text-align: justify;\">&nbsp;</p>\r\n<p style=\"text-align: justify;\">&ldquo;Nếu t&ocirc;i biết được khi c&ograve;n 20&rdquo; l&agrave; quyển s&aacute;ch kh&ocirc;ng chỉ hướng đến độc giả ở lứa tuổi 20, m&agrave; đ&oacute; c&ograve;n l&agrave; những chia sẻ cho bất k&igrave; ai muốn ho&agrave;n thiện bản th&acirc;n m&igrave;nh.</p>\r\n<p style=\"text-align: justify;\">&nbsp;</p>\r\n<p style=\"text-align: justify;\">Cuốn s&aacute;ch được chấp b&uacute;t bởi Tina Seelig- một chuy&ecirc;n gia huấn luyện cũng l&agrave; một gi&aacute;o sư đại học Stanford. Cuốn s&aacute;ch đ&atilde; chỉ ra rằng một người khi sinh ra kh&ocirc;ng phải đ&atilde; c&oacute; sẵn khả năng s&aacute;ng tạo, m&agrave; n&oacute; c&oacute; được l&agrave; nhờ v&agrave;o qu&aacute; tr&igrave;nh r&egrave;n luyện.&nbsp; Mỗi một chương s&aacute;ch l&agrave; một c&acirc;u chuyện trong đ&oacute; chứa đựng cả t&igrave;nh huống v&agrave; kinh nghiệm được đ&uacute;c kết. Những triết l&yacute; kinh doanh được minh họa bằng những v&iacute; dụ cụ thể, sống động. Những t&igrave;nh huống kinh doanh được đặt ra c&oacute; cả th&agrave;nh c&ocirc;ng v&agrave; thất bại. Nhưng vấn đề quan trọng l&agrave; c&aacute;ch ch&uacute;ng ta đối mặt với n&oacute;. T&aacute;c giả cũng đề cập đến vấn đềnắm bắt cơ hội v&agrave; c&aacute;ch giải quyết vấn đề &rdquo; Cơ hội c&oacute; rất nhiều trong cuộc sống. ở bất k&igrave; thời điểm n&agrave;o v&agrave; ở bất k&igrave; nơi đ&acirc;u bạn cũng t&igrave;m ra được vấn đề cần giải quyết&rdquo;. Cơ hội chỉ đến với những người nỗ lực t&igrave;m kiếm m&agrave; th&ocirc;i.</p>\r\n<p style=\"text-align: justify;\">&nbsp;</p>\r\n<p style=\"text-align: justify;\">Tina Seelig cũng cho độc giả trẻ thấy được nguy&ecirc;n tắc trong cuộc sống kh&aacute;c biệt ho&agrave;n to&agrave;n với những nguy&ecirc;n tắc khi c&ograve;n ngồi tr&ecirc;n ghế nh&agrave; trường. Để giải quyết một vấn đề trong cuộc sống, c&aacute;c bạn c&oacute; nhiều hơn một c&aacute;ch l&agrave;m v&agrave; c&oacute; nhiều hơn một đ&aacute;p &aacute;n v&agrave; thất bại l&agrave; điều kh&ocirc;ng tr&aacute;nh khỏi &ldquo; Ch&igrave;a kh&oacute;a của th&agrave;nh c&ocirc;ng l&agrave; khả năng r&uacute;t ra được những b&agrave;i học từ mỗi kinh nghiệm v&agrave; tiếp tục bước tới với những kiến thức mới m&agrave; ta đ&atilde; học được&rdquo;.</p>\r\n<p style=\"text-align: justify;\">&nbsp;</p>\r\n<p style=\"text-align: justify;\">Những năm th&aacute;ng 20 của cuộc đời l&agrave; qu&atilde;ng thời gian xảy ra những bước ngoặt lớn trong cuộc đời của mỗi con người Khi rời khỏi ghế nh&agrave; trường, xa v&ograve;ng tay &acirc;u yếm của cha mẹ, t&igrave;m kiếm con đường đi cho tương lai của m&igrave;nh, c&oacute; đ&ocirc;i l&uacute;c t&ocirc;i cảm thấy nhụt ch&iacute;, muốn từ bỏ. Nhưng cuộc đời n&agrave;y chẳng c&oacute; con đường viết sẵn hay c&ocirc;ng thức lập sẵn cho sự th&agrave;nh c&ocirc;ng. &ldquo;Con đường truyền thống chỉ l&agrave; sự lựa chọn c&oacute; sẵn cho bạn. bạn lu&ocirc;n kh&ocirc;ng thể l&agrave;m theo một c&ocirc;ng thức, l&aacute;i tr&ecirc;n con đường ch&iacute;nh v&agrave; bước những dấu ch&acirc;n của người đi trước. Nhưng thật ra th&igrave; c&oacute; v&ocirc; số c&aacute;c lựa chọn kh&aacute;c đang chờ bạn kh&aacute;m ph&aacute; nế như bạn sẵn s&agrave;ng nhận dạng v&agrave; th&aacute;ch thức c&aacute;c giả định truyền thống&rdquo;.</p>\r\n<p style=\"text-align: justify;\">&nbsp;</p>\r\n<p style=\"text-align: justify;\">Gấp cuốn s&aacute;ch lại, bản th&acirc;n mỗi độc giả sẽ r&uacute;t được cho m&igrave;nh những b&agrave;i học bổ &iacute;ch. C&ograve;n t&ocirc;i, những điều t&ocirc;i canh c&aacute;nh trong l&ograve;ng l&acirc;u nay như t&ocirc;i đ&atilde; trang bị cho bản th&acirc;n được c&aacute;i g&igrave;? L&agrave;m sao m&agrave; những người đ&oacute; lại l&agrave;m được như thế?&hellip; đ&atilde; c&oacute; lời giải. Quả thực những điều tưởng chừng như nhỏ b&eacute; lại c&oacute; t&aacute;c động rất lớn đến cuộc đời mỗi ch&uacute;ng ta.</p>\r\n<p style=\"text-align: justify;\">&nbsp;</p>\r\n<p style=\"text-align: justify;\">(Theo Mai Li&ecirc;n/BookReview)</p>', 'vi'),
(22, 11, '[Good book] What I wish I knew when I was 20 - Tina Seelig', 'good-book-what-i-wish-i-knew-when-i-was-20---tina-seelig', '', '', '', '<p style=\"text-align: center;\"><img src=\"http://eagleele.vn//source/N%E1%BA%BFu%20t%C3%B4i%20bi%E1%BA%BFt%20%C4%91%C6%B0%E1%BB%A3c%20khi%20c%C3%B2n%2020.jpg?1508989027059\" width=\"400\" height=\"250\" /></p>\r\n<p>&nbsp;</p>\r\n<p>I read this book in the mid-20s of my life, the most beautiful days. It can be said that this book has had a profound effect on me. It helped me to redirect my way to go, answering to help me with anxiety, concern that has not found solutions yet. If you are still living in the midst of life\'s turn, take this book and read it, and there will be a path for you in it.</p>\r\n<p>\"If I Knew at 20,\" is not only directed towards readers in their 20s, but also to those who want to improve themselves.</p>\r\n<p>The book was written by Tina Seelig - a training expert who is also a Stanford University professor. The book has shown that a person at birth is not equipped with the ability to create, which is due to the training process. Each book chapter is a story that contains both the situation and the experience. Business philosophies are illustrated by specific, living examples. Business situations are set up with success and failure. But what matters is how we face it. The author also mentions the problem of opportunity and problem solving. \"Opportunities have a lot in life. at any time and anywhere you find the problem to solve. Opportunities come only to those who seek it out.</p>\r\n<p>Tina Seelig also shows young readers the principles of life that are completely different from the rules of school. To solve a problem in life, you have more than one way of doing and more than one answer and failure is inevitable. \"The key to success is the ability to draw lessons from each. experience and continue to move on with the new knowledge we have learned. \"</p>\r\n<p>The twentieth year of life is the time of great turning points in the lives of each person. When leaving the school chair, away from the loving arms of parents, looking for the path to their future. , sometimes I feel discouraged, want to give up. But this life has no written path or formula for success. \"The traditional route is only the choice available to you. You can not always follow a formula, drive on the main road, and walk the front footprints. But there are innumerable alternatives waiting for you to explore as you are willing to identify and challenge traditional assumptions. \"</p>\r\n<p>Grabbing the book, each reader himself will learn useful lessons. For me, what I have seen in my heart as long as I have equipped myself for what? How did those people do that? ... there was a solution. Indeed, the seemingly small things have a great impact on our lives.</p>\r\n<p>&nbsp;</p>\r\n<p>(Mai Lien/BookReview)</p>', 'en'),
(23, 12, '[Sách hay] Đừng bao giờ đi ăn một mình - Keith Ferrazzi và Tahl Raz', 'sach-hay-dung-bao-gio-di-an-mot-minh---keith-ferrazzi-va-tahl-raz', '', '', '', '<p>&nbsp;</p>\r\n<p style=\"text-align: center;\"><img src=\"http://eagleele.vn//source/ng%20bao%20gi%E1%BB%9D%20%C4%91i%20%C4%83n%20m%E1%BB%99t%20m%C3%ACnh.jpg?1508990978978\" alt=\"\" width=\"480\" height=\"320\" /></p>\r\n<p>&nbsp;</p>\r\n<p style=\"text-align: justify;\">Một mạng lưới c&aacute;c mối quan hệ c&ocirc;ng việc l&agrave; hết sức cần thiết đối với bất kỳ c&aacute; nh&acirc;n n&agrave;o d&ugrave; l&agrave; một người c&ocirc;ng nh&acirc;n mỏ hay &ocirc;ng chủ một h&atilde;ng h&agrave;ng kh&ocirc;ng lớn. Tuy vậy, x&acirc;y dựng mạng lưới c&aacute;c mối quan hệ c&ocirc;ng việc l&agrave; kỹ năng kh&ocirc;ng hề được dạy trong bất cứ trường lớp n&agrave;o. Cuốn s&aacute;ch n&agrave;y &ndash; như t&ecirc;n của n&oacute; - chỉ ra c&aacute;ch đặt nền m&oacute;ng, mở rộng v&agrave; duy tr&igrave; mạng lưới c&aacute;c mối quan hệ c&ocirc;ng việc cho mỗi c&aacute; nh&acirc;n. Ngo&agrave;i những kiến thức bổ &iacute;ch, một số &ldquo;tip&rdquo; của ri&ecirc;ng t&aacute;c giả cũng sẽ hiệu quả nếu được &aacute;p dụng ph&ugrave; hợp.</p>\r\n<p style=\"text-align: justify;\">&nbsp;</p>\r\n<p style=\"text-align: justify;\">Đối với rất nhiều nghề nghiệp, đơn vị tiền tệ phổ biến nhất ch&iacute;nh l&agrave; th&ocirc;ng tin. Một mạng lưới c&aacute;c mối quan hệ rộng khắp ch&iacute;nh l&agrave; c&aacute;ch chắc chắn nhất để trở th&agrave;nh người ti&ecirc;n phong v&agrave; duy tr&igrave; vị thế n&agrave;y trong lĩnh vực của m&igrave;nh.</p>\r\n<p style=\"text-align: justify;\">&nbsp;</p>\r\n<p style=\"text-align: justify;\">Đối với một số nghề nghiệp kh&aacute;c, khi bạn gặp kh&oacute; khăn th&igrave; kh&ocirc;ng phải kinh nghiệm l&agrave;m việc, năng lực hay sự chăm chỉ l&agrave; cứu c&aacute;nh cho bạn. Một mạng lưới c&aacute;c mối quan hệ hiệu quả sẽ gi&uacute;p bạn thực hiện một v&agrave;i cuộc điện thoại v&agrave; được ch&agrave;o mừng ở một văn ph&ograve;ng mới thay v&igrave; cắm c&uacute;i tr&ecirc;n c&aacute;c trang web t&igrave;m việc l&agrave;m v&agrave; mải miết thử vận may qua từng cuộc phỏng vấn.</p>\r\n<p style=\"text-align: justify;\">&nbsp;</p>\r\n<p style=\"text-align: justify;\">&ldquo;Never eat alone&rdquo; mang lối kể chuyện sinh động để dẫn dắt người đọc từ chỗ đặt vi&ecirc;n gạch đầu ti&ecirc;n cho mạng lưới của m&igrave;nh đến chỗ duy tr&igrave; mạng lưới, sử dụng mạng lưới hiệu quả v&agrave; kết th&uacute;c bằng triết l&yacute; cho - nhận hết sức nh&acirc;n văn.</p>\r\n<p style=\"text-align: justify;\">&nbsp;</p>\r\n<p style=\"text-align: justify;\">X&acirc;y dựng mạng lưới của bạn</p>\r\n<p style=\"text-align: justify;\">&nbsp;</p>\r\n<p style=\"text-align: justify;\">Thật may nếu bạn bắt đầu c&oacute; kh&aacute;i niệm về tầm quan trọng của mạng lưới mối quan hệ c&ocirc;ng việc th&ocirc;ng qua cuốn s&aacute;ch n&agrave;y. H&atilde;y bắt đầu việc x&acirc;y dựng mạng lưới của bạn ngay từ b&acirc;y giờ. Một nh&acirc;n vi&ecirc;n b&igrave;nh thường ng&agrave;y h&ocirc;m nay c&oacute; thể trở th&agrave;nh một nh&acirc;n vật quyền lực trong năm hay mười năm tới. V&igrave; vậy, đừng nghĩ rằng t&ocirc;i kh&ocirc;ng c&oacute; bất kỳ một mối quan hệ quyền lực n&agrave;o để bắt đầu cả. H&atilde;y cứ x&acirc;y dựng v&agrave; mạng lưới của bạn sẽ lớn dần l&ecirc;n. Nếu c&oacute; thể, h&atilde;y t&igrave;m một &ldquo;người đỡ đầu&rdquo; cho bạn v&agrave; h&atilde;y lu&ocirc;n chủ động trong việc mở rộng mạng lưới của m&igrave;nh.</p>\r\n<p style=\"text-align: justify;\">&nbsp;</p>\r\n<p style=\"text-align: justify;\">Khi cảm thấy kh&oacute; khăn để bắt đầu một mối quan hệ, h&atilde;y cậy nhờ những người c&oacute; thể trở th&agrave;nh người kết nối trong mạng lưới của bạn v&agrave; đừng bao giờ đi ăn một m&igrave;nh. Ẩm thực l&agrave; một c&aacute;ch tuyệt với để đi v&agrave;o c&acirc;u chuyện v&agrave; c&aacute;c bữa ăn l&agrave; khoảng thời gian tuyệt với để bạn h&acirc;m n&oacute;ng hay đặt nền m&oacute;ng cho một mối quan hệ mới.</p>\r\n<p style=\"text-align: justify;\">&nbsp;</p>\r\n<p style=\"text-align: justify;\">Duy tr&igrave; mạng lưới của bạn</p>\r\n<p style=\"text-align: justify;\">&nbsp;</p>\r\n<p style=\"text-align: justify;\">Một mạng lưới bền vững kh&ocirc;ng chỉ cần được mở rộng h&agrave;ng ng&agrave;y m&agrave; cần phải h&acirc;m n&oacute;ng thường xuy&ecirc;n. C&oacute; một sự thật rằng kh&ocirc;ng phải c&aacute; nh&acirc;n n&agrave;o cũng c&oacute; đủ thời gian để h&acirc;m n&oacute;ng mạng lưới của m&igrave;nh tuy nhi&ecirc;n bạn phải lu&ocirc;n biết c&aacute;ch sắp xếp thời gian một c&aacute;ch hợp l&yacute; nhất c&oacute; thể. Đ&oacute; c&oacute; thể l&agrave; một tin nhắn hỏi thăm, một email, một c&uacute; điện thoại, một cuộc caf&eacute; hay một bữa ăn tối. Khi đi đến một nơi n&agrave;o đ&oacute;, h&atilde;y cố gắng sắp xếp cuộc gặp với những người trong mạng lưới của m&igrave;nh tại đ&oacute;. Bản chất của c&aacute;c mối quan hệ l&agrave; phải lu&ocirc;n được h&acirc;m n&oacute;ng. Lời khuy&ecirc;n của Keith Ferrazzi l&agrave; h&atilde;y lu&ocirc;n giữ c&aacute;c mối quan hệ của m&igrave;nh được ấm n&oacute;ng trước khi cần đến ch&uacute;ng. V&agrave; v&igrave; bạn kh&ocirc;ng bao giờ biết khi n&agrave;o cần sử dụng đến mối quan hệ n&agrave;o, cho n&ecirc;n, h&atilde;y lu&ocirc;n cố gắng h&acirc;m n&oacute;ng của mạng lưới của m&igrave;nh tối đa c&oacute; thể.</p>\r\n<p style=\"text-align: justify;\">&nbsp;</p>\r\n<p style=\"text-align: justify;\">Sử dụng mạng lưới hiệu quả</p>\r\n<p style=\"text-align: justify;\">&nbsp;</p>\r\n<p style=\"text-align: justify;\">&ldquo;Một mạng lưới lu&ocirc;n cần x&acirc;y dựng sẵn trước khi ch&uacute;ng ta cần đền ch&uacute;ng&rdquo;. Đừng đợi đến khi thất nghiệp hay l&agrave;m ăn ri&ecirc;ng mới bắt đầu t&igrave;m kiếm c&aacute;c mối quan hệ v&agrave; x&acirc;y dựng mạng lưới. Bạn phải tạo ra một cộng đồng của m&igrave;nh bao gồm bạn v&egrave; v&agrave; đồng nghiệp trước khi bạn cần đến họ. Những người xung quanh bạn sẽ sẵn l&ograve;ng gi&uacute;p đỡ nếu họ quen biết v&agrave; qu&yacute; mến bạn. \"H&atilde;y bắt đầu gieo hạt ngay từ h&ocirc;m nay v&agrave; bạn sẽ kh&ocirc;ng ngờ đến những kho b&aacute;u ngay trong s&acirc;n sau nh&agrave; m&igrave;nh\". V&agrave; c&ograve;n g&igrave; tuyện vời hơn khi chỉ với một v&agrave;i c&uacute; điện thoại, bạn sẽ được ch&agrave;o đ&oacute;n ở một văn ph&ograve;ng mới khi gặp kh&oacute; khăn với c&ocirc;ng việc hiện tại của m&igrave;nh.</p>\r\n<p style=\"text-align: justify;\">&nbsp;</p>\r\n<p style=\"text-align: justify;\">Biết c&aacute;ch x&acirc;y dựng thương hiệu c&aacute; nh&acirc;n</p>\r\n<p style=\"text-align: justify;\">&nbsp;</p>\r\n<p style=\"text-align: justify;\">C&oacute; nhiều người n&oacute;i rằng, thương hiệu c&aacute; nh&acirc;n của họ tỷ lệ thuận với số lượng những người sẵn s&agrave;ng nghe điện thoại của họ khi cần thiết, nhưng cũng c&oacute; một sự thật kh&aacute;c họ kh&ocirc;ng n&oacute;i với bạn l&agrave; người ta chỉ muốn l&agrave;m quen với những người m&agrave; họ cảm thấy ngưỡng mộ hoặc họ cảm thấy hữu &iacute;ch cho mạng lưới của họ. V&igrave; vậy, mỗi người phải lu&ocirc;n biết c&aacute;ch x&acirc;y dựng thương hiệu c&aacute; nh&acirc;n v&agrave; quảng b&aacute; thương hiệu của m&igrave;nh. Ng&agrave;y nay, c&oacute; rất nhiều k&ecirc;nh hiệu quả để x&acirc;y dựng thương hiệu cho mỗi c&aacute; nh&acirc;n: Facebook, Twitter cũng l&agrave; một phần trong số đ&oacute;. C&oacute; một c&aacute;ch kh&aacute; hay để kiểm tra ngay độ &ldquo;hot&rdquo; thương hiệu c&aacute; nh&acirc;n của bạn: h&atilde;y g&otilde; t&ecirc;n m&igrave;nh tr&ecirc;n Google v&agrave; kiểm tra xem m&igrave;nh c&oacute; mặt trong trang kết quả đầu ti&ecirc;n của Google hay kh&ocirc;ng?</p>\r\n<p style=\"text-align: justify;\">&nbsp;</p>\r\n<p style=\"text-align: justify;\">H&atilde;y lu&ocirc;n cho v&agrave; nhận</p>\r\n<p style=\"text-align: justify;\">&nbsp;</p>\r\n<p style=\"text-align: justify;\">C&oacute; một điều r&otilde; r&agrave;ng rằng trong cuộc sống ch&uacute;ng ta kh&ocirc;ng thể tồn tại đơn độc. V&igrave; vậy, lời khuy&ecirc;n đưa ra l&agrave; h&atilde;y lu&ocirc;n cho v&agrave; nhận. Đừng bao giờ ki&ecirc;u căng khi bạn đ&atilde; trở th&agrave;nh một thương hiệu lớn v&igrave; bạn lu&ocirc;n bắt đầu từ một vi&ecirc;n sỏi nhỏ b&eacute;. V&agrave; h&atilde;y lu&ocirc;n nhớ rằng bạn cần rất nhiều sự gi&uacute;p đỡ để trở th&agrave;nh một thương hiệu lớn, v&igrave; vậy, cuốn s&aacute;ch khuy&ecirc;n ch&uacute;ng ta h&atilde;y lu&ocirc;n gi&uacute;p đỡ những người kh&aacute;c nếu c&oacute; thể.</p>\r\n<p style=\"text-align: justify;\">&nbsp;</p>\r\n<p style=\"text-align: justify;\">(Trương Ho&agrave;ng Hải/Blacasa)</p>', 'vi'),
(24, 12, '[Good book] Never eat alone - Keith Ferrazzi &amp;amp;amp;amp;amp; Tahl Raz', 'good-book-never-eat-alone---keith-ferrazzi-tahl-raz', '', '', '', '<p><img src=\"http://eagleele.vn//source/ng%20bao%20gi%E1%BB%9D%20%C4%91i%20%C4%83n%20m%E1%BB%99t%20m%C3%ACnh.jpg?1508990978978\" alt=\"\" width=\"480\" height=\"320\" /></p>\r\n<p>&nbsp;</p>\r\n<p>A network of work relationships is essential to any individual who is a mining worker or a major airline owner. However, building a network of work relationships is not taught in any classroom. This book - as its name - shows how to lay the foundation, expand and maintain a network of working relationships for each individual. In addition to useful knowledge, some of the \"tip\" of the author will also be effective if applied accordingly.</p>\r\n<p>For many jobs, the most common currency is the information. A wide network of relationships is the surest way to be a pioneer and maintain this position in your field.</p>\r\n<p>For some other careers, when you\'re having trouble, it\'s not work experience, energy, or hard work that is the end for you. An effective network of contacts will help you make a few phone calls and be welcomed into a new office instead of plugging into the job search site and try to fortune each interview. .</p>\r\n<p>\"Never eat alone\" is a lively storytelling that leads the reader from placing the first brick for his network to maintaining the network, using effective networks, and ending with the philosophy of giving utmost humanity</p>\r\n<p>Build your network</p>\r\n<p>Fortunately, if you start to have a sense of the importance of networking work relationships through this book. Start building your network right now. An ordinary employee today can become a power figure in the next five or ten years. So do not think I do not have any power relationship to start with. Keep building and your network will grow. If possible, look for a \"mentor\" for you and be proactive in expanding your network.</p>\r\n<p>When it is difficult to start a relationship, rely on people who can become connected in your network and never go out to eat alone. Food is a great way to get into the story and meals are a great time to warm up or lay the groundwork for a new relationship.</p>\r\n<p>Maintain your network</p>\r\n<p>A sustainable network not only needs to be expanded every day, but it needs to be warmed up regularly. There is a truth that not every individual has enough time to warm up his network, but you must always know how to arrange the time as reasonable as possible. It could be a text message, an email, a phone call, a coffee or a dinner. When going somewhere, try to arrange a meeting with the people in your network there. The nature of relationships is to always be warmed up. Keith Ferrazzi\'s advice is to keep your relationships warm before you need them. And since you never know when to use a relationship, so always try to warm up your network as much as possible.</p>\r\n<p>Use network efficiency</p>\r\n<p>\"A network needs to be built before we need them.\" Do not wait until your unemployment or business start to look for relationships and networking. You have to create a community of your own that includes you and your co-workers before you need them. People around you will be happy to help if they know you and love you. \"Start sowing today and you will not expect treasures in your backyard.\" And what\'s even better is that with just a few phone calls, you will be welcomed into a new office when having trouble with your current job.</p>\r\n<p>Know how to build a personal brand</p>\r\n<p>There are many who say that their personal brand is proportional to the number of people who are willing to listen to their phone when needed, but there is another truth they do not tell you that people just want to get acquainted. with people they feel admirable or they feel useful for their network. Therefore, each person must always know how to build a personal brand and advertise his brand. Nowadays, there are many effective channels to brand each individual: Facebook, Twitter is also part of that. There is a good way to check out the \"hot\" of your personal brand: type your name on Google and check to see if you\'re in the first Google results page.</p>\r\n<p>Always give and receive</p>\r\n<p>It is clear that in life we ​​can not exist alone. So the advice is always to give and receive. Never be arrogant when you have become a big brand because you always start with a small pebble. And keep in mind that you need a lot of help to become a big brand, so the book recommends always helping others if possible.</p>', 'en'),
(25, 13, '[Sách hay] Cà phê cùng Tony - Tony Buổi Sáng', 'sach-hay-ca-phe-cung-tony---tony-buoi-sang', '', '', '', '<p>&nbsp;</p>\r\n<p style=\"text-align: center;\"><img src=\"http://eagleele.vn//source/C%C3%A0%20ph%C3%AA%20c%C3%B9ng%20Tony.jpg?1508991722939\" alt=\"\" width=\"350\" height=\"426\" /></p>\r\n<p>&nbsp;</p>\r\n<p style=\"text-align: justify;\">Kh&ocirc;ng cần phải n&oacute;i nhiều, chắc hẳn những bạn m&ecirc; đọc s&aacute;ch đều biết đến cuốn &ldquo;C&agrave; ph&ecirc; c&ugrave;ng Tony&rdquo;. Một khi đ&atilde; cầm tr&ecirc;n tay cuốn s&aacute;ch n&agrave;y, t&ocirc;i c&aacute; rằng bạn cũng sẽ ngấu nghiến n&oacute; đến cũng giống như t&ocirc;i vậy. Xuy&ecirc;n suốt cuốn s&aacute;ch l&agrave; c&acirc;u chuyện được kể bằng giọng điệu tr&agrave;o ph&uacute;ng, h&agrave;i hước, được thể hiện bằng ng&ocirc;n ngữ của giới trẻ để tạo n&ecirc;n sự gần gũi của c&acirc;u chuyện với bạn đọc.</p>\r\n<p style=\"text-align: justify;\">&nbsp;</p>\r\n<p style=\"text-align: justify;\">Vậy Tony viết g&igrave; trong cuốn: &ldquo;C&agrave; ph&ecirc; c&ugrave;ng Tony&rdquo;? Đ&oacute; l&agrave; những note ngắn của anh tr&ecirc;n Mạng x&atilde; hội v&agrave;o mỗi buổi s&aacute;ng. Đ&oacute; l&agrave; c&acirc;u chuyện thủa b&eacute;, c&ugrave;ng với sự hiện diện của những miền qu&ecirc; đơn sơ, nơi ấm &aacute;p của t&igrave;nh cảm gia đ&igrave;nh cũng c&oacute; ch&uacute;t nanh &aacute;c của những người được gọi l&agrave; họ h&agrave;ng, ruột thịt. Cho đến những c&acirc;u chuyện khi anh chập chững bước ch&acirc;n v&agrave;o đời, lăn lộn với đủ thứ nghề để kiếm sống, nếm trải đủ những m&ugrave;i vị của cuộc sống cho đến khi đ&atilde; c&oacute; đủ bản lĩnh để đứng l&ecirc;n kinh doanh.</p>\r\n<p style=\"text-align: justify;\">&nbsp;</p>\r\n<p style=\"text-align: justify;\">C&agrave;ng nh&acirc;m nhi &ldquo;Ly cafe Tony&rdquo; trong tay bạn c&agrave;ng thấy r&otilde; n&eacute;t b&oacute;ng h&igrave;nh m&igrave;nh phản chiếu trong đ&oacute;. Đ&oacute; l&agrave; thời sinh vi&ecirc;n ngơ ng&aacute;c đi t&igrave;m việc để th&ecirc;m tiền trang trải, đ&oacute; l&agrave; th&oacute;i hư tật xấu chưa được k&igrave;m chế, đ&oacute; l&agrave; chuyện vệ sinh c&aacute; nh&acirc;n, giao tiếp, ứng xử&hellip;</p>\r\n<p style=\"text-align: justify;\">&nbsp;</p>\r\n<p style=\"text-align: justify;\">Ngo&agrave;i ra, trong cuốn s&aacute;ch ấy, t&aacute;c giả muốn gửi đến bạn đọc những b&agrave;i học ở chốn c&ocirc;ng sở, c&aacute;ch giao tiếp, đối nh&acirc;n xử thế&hellip;. Cũng c&oacute; rất nhiều điều cần b&agrave;n luận nếu như đi s&acirc;u v&agrave;o những vấn đề đang c&oacute; t&iacute;nh thời sự hiện nay như chuyện ti&ecirc;u thụ động vật qu&yacute; hiếm, t&aacute;c phong l&agrave;m việc nơi c&ocirc;ng sở hay những gi&aacute; trị tinh thần tốt đẹp đang ng&agrave;y bị mai một&hellip;</p>\r\n<p style=\"text-align: justify;\">&nbsp;</p>\r\n<p style=\"text-align: justify;\">Cuốn s&aacute;ch l&agrave; những c&acirc;u chuyện được tập hợp, những cảm x&uacute;c bất chợt, những khung cảnh, t&igrave;nh huống m&agrave; t&aacute;c giả thấy ấn tượng. Lật từng trang s&aacute;ch ta như thấy từng bước vượt qua nghị lực để đi l&ecirc;n v&agrave; trở th&agrave;nh một doanh nh&acirc;n th&agrave;nh đạt của Tony.</p>\r\n<p style=\"text-align: justify;\">&nbsp;</p>\r\n<p style=\"text-align: justify;\">Đọc &ldquo;C&agrave; ph&ecirc; c&ugrave;ng Tony&ldquo;, c&oacute; lẽ bạn cũng sẽ trải qua &ldquo;hỉ, nộ, &aacute;i, ố&rdquo; như t&ocirc;i. C&oacute; thể bạn sẽ kh&oacute;c v&igrave; thương cậu b&eacute; Tony, rồi cười v&igrave; những sự lố bịch, kệch cỡm, v&agrave; tự chi&ecirc;m nghiệm bản th&acirc;n ở những chương cuối.</p>\r\n<p style=\"text-align: justify;\">&nbsp;</p>\r\n<p style=\"text-align: justify;\">C&acirc;u n&oacute;i m&agrave; t&ocirc;i t&acirc;m đắc nhất khi đọc xong cuốn s&aacute;ch n&agrave;y ch&iacute;nh l&agrave; &ldquo;Người c&oacute; t&acirc;m, kh&ocirc;ng &iacute;ch kỉ, nghĩ về người kh&aacute;c thế n&agrave;o cũng hạnh ph&uacute;c.&rdquo;</p>\r\n<p>&nbsp;</p>\r\n<p>(Theo Mai Li&ecirc;n/BookReview)</p>\r\n<p>&nbsp;</p>', 'vi'),
(26, 13, '[Good book] Coffee with Tony', 'good-book-coffee-with-tony', '', '', '', '<p style=\"text-align: center;\"><img src=\"http://eagleele.vn//source/C%C3%A0%20ph%C3%AA%20c%C3%B9ng%20Tony.jpg?1508991722939\" alt=\"\" width=\"350\" height=\"426\" /></p>\r\n<p>No need to say much, sure readers interested in reading the book \"Coffee with Tony\". Once I got hold of this book, I bet you would devour it just as much as I did. Throughout the book, the story is told in satirical, humorous tone, expressed in the language of the young people to create the intimacy of the story with readers.</p>\r\n<p>&nbsp;</p>\r\n<p>What Tony wrote in \"Coffee with Tony\"? These are my short notes on the Social Network every morning. This is the story of the baby, along with the presence of simple countryside, the warmth of family sentiment is also a little evil of the so-called kinsmen. To the stories when he toddled into his life, rolling all the way to earn a living, taste enough of the taste of life until he had enough brains to stand up business.</p>\r\n<p>&nbsp;</p>\r\n<p>The \"Ly cafe Tony\" in your hand the more clearly see the ball reflected in it. It is a school of dreamy looking for work to add money to cover, that is bad habit has not been restrained, that is personal hygiene, communication, behavior ...</p>\r\n<p>&nbsp;</p>\r\n<p>In addition, in this book, the author wants to send readers to the lessons in the office, the way of communication, the audience to handle .... There are also a lot of things to be discussed if you go into the current issues such as the consumption of rare animals, the working style of the workplace or the spiritual values ​​that are on the way. lost gradually&hellip;</p>\r\n<p>&nbsp;</p>\r\n<p>The book is a collection of stories, sudden emotions, scenes, situations that the author is impressed. Flipping through every page of the book, we see step by step through the power to go up and become a successful entrepreneur Tony.</p>\r\n<p>&nbsp;</p>\r\n<p>Read \"Coffee with Tony\", you will probably also experience \"blues, anger, flutter\" like me. You may cry because you love Tony, laugh at ridiculous things, and contemplate yourself in the last chapter.</p>\r\n<p>&nbsp;</p>\r\n<p>The words that I most enjoy when reading this book is \"The person with the mind, not selfish, think about other people are happy too.\"</p>\r\n<p>&nbsp;</p>\r\n<p>(Mai Lien/Bookreview)</p>', 'en'),
(27, 14, 'Ma trận Eisenhower - Phương pháp quản lý thời gian hiệu quả của vị Tổng thống Mỹ', 'ma-tran-eisenhower---phuong-phap-quan-ly-thoi-gian-hieu-qua-cua-vi-tong-thong-my', '', '', '', '<p style=\"text-align: justify;\">&nbsp;</p>\r\n<p style=\"text-align: justify;\">Bạn nghĩ m&igrave;nh rất bận rộn, nhưng liệu c&oacute; thực sự như vậy? H&atilde;y thử &aacute;p dụng phương ph&aacute;p sắp xếp thời gian dưới đ&acirc;y của Cố Tổng thống Mỹ Eisenhower.</p>\r\n<p style=\"text-align: justify;\">Eisenhower l&agrave; Tổng thống thứ 34 của Hoa Kỳ, &ocirc;ng phục vụ hai nhiệm kỳ li&ecirc;n tiếp từ năm 1953 đến năm 1961.</p>\r\n<p style=\"text-align: justify;\">&nbsp;</p>\r\n<p style=\"text-align: justify;\">Trước khi trở th&agrave;nh Tổng thống, Eisenhower l&agrave; vị tướng 5 sao trong qu&acirc;n đội Hoa Kỳ, từng l&agrave; Tư lệnh tối cao của lực lượng đồng minh ch&acirc;u &Acirc;u trong Thế chiến II, v&agrave; chịu tr&aacute;ch nhiệm lập kế hoạch v&agrave; tham gia chiến trường tại Bắc Phi, Ph&aacute;p, v&agrave; Đức.</p>\r\n<p style=\"text-align: justify;\">&nbsp;</p>\r\n<p style=\"text-align: justify;\">Ngo&agrave;i ra, &ocirc;ng c&ograve;n giữ chức Hiệu trưởng của Đại học Columbia, trở th&agrave;nh Tư lệnh tối cao đầu ti&ecirc;n của NATO, v&agrave; bằng c&aacute;ch n&agrave;o đ&oacute; &ocirc;ng vẫn sắp xếp được thời gian để theo đuổi sở th&iacute;ch chơi golf v&agrave; vẽ tranh sơn dầu của m&igrave;nh.</p>\r\n<p style=\"text-align: justify;\">&nbsp;</p>\r\n<p style=\"text-align: justify;\">Eisenhower c&oacute; một khả năng phi thường trong việc duy tr&igrave; năng suất l&agrave;m việc của m&igrave;nh kh&ocirc;ng phải chỉ trong nhiều tuần hoặc nhiều th&aacute;ng, m&agrave; l&agrave; trong nhiều thập kỷ. V&igrave; l&yacute; do đ&oacute;, kh&ocirc;ng ngạc nhi&ecirc;n khi m&agrave; c&aacute;c phương ph&aacute;p quản l&yacute; thời gian, c&ocirc;ng việc v&agrave; năng suất l&agrave;m việc của &ocirc;ng đ&atilde; được nhiều người bỏ c&ocirc;ng để nghi&ecirc;n cứu.</p>\r\n<p style=\"text-align: justify;\">&nbsp;</p>\r\n<p style=\"text-align: justify;\">Chiến lược l&agrave;m việc hiệu quả nổi tiếng nhất của &ocirc;ng đ&atilde; được đặt t&ecirc;n l&agrave; Eisenhower Box (Ma trận Eisenhower) v&agrave; đ&oacute; l&agrave; một c&ocirc;ng cụ ra quyết định đơn giản m&agrave; bạn c&oacute; thể &aacute;p dụng ngay từ b&acirc;y giờ.</p>\r\n<p style=\"text-align: justify;\">&nbsp;</p>\r\n<p style=\"text-align: justify;\">Ma trận Eisenhower: Phương ph&aacute;p để trở n&ecirc;n năng suất hơn</p>\r\n<p style=\"text-align: justify;\">&nbsp;</p>\r\n<p style=\"text-align: justify;\">&Aacute;p dụng chiến lược của Eisenhower thực ra rất đơn giản. H&atilde;y liệt k&ecirc; những hoạt động v&agrave; dự &aacute;n bạn phải l&agrave;m, kể cả những hoạt động kh&ocirc;ng quan trọng nhưng l&agrave;m mất thời gian của bạn tại nơi l&agrave;m việc. Sau đ&oacute; sắp xếp c&aacute;c hoạt động dựa tr&ecirc;n tầm quan trọng v&agrave; t&iacute;nh cấp thiết của ch&uacute;ng</p>\r\n<p style=\"text-align: justify;\">&nbsp;</p>\r\n<ol style=\"text-align: justify;\">\r\n<li>Khẩn cấp v&agrave; quan trọng (nhiệm vụ cần phải l&agrave;m ngay lập tức).</li>\r\n</ol>\r\n<p style=\"text-align: justify;\">&nbsp;</p>\r\n<ol style=\"text-align: justify;\" start=\"2\">\r\n<li>Quan trọng nhưng kh&ocirc;ng phải khẩn cấp (nhiệm vụ được l&ecirc;n kế hoạch để l&agrave;m sau).</li>\r\n</ol>\r\n<p style=\"text-align: justify;\">&nbsp;</p>\r\n<ol style=\"text-align: justify;\" start=\"3\">\r\n<li>Khẩn cấp nhưng kh&ocirc;ng quan trọng (nhiệm vụ n&ecirc;n b&agrave;n giao cho người kh&aacute;c).</li>\r\n</ol>\r\n<p style=\"text-align: justify;\">&nbsp;</p>\r\n<ol style=\"text-align: justify;\" start=\"4\">\r\n<li>Kh&ocirc;ng khẩn cấp cũng kh&ocirc;ng quan trọng (nhiệm vụ phải được loại bỏ).</li>\r\n</ol>\r\n<p style=\"text-align: justify;\">&nbsp;</p>\r\n<p style=\"text-align: justify;\">Điều tuyệt vời về ma trận n&agrave;y đ&oacute; l&agrave; n&oacute; c&oacute; thể được sử dụng cho cả những kế hoạch lớn (kế hoạch cho cả tuần) cũng như những kế hoạch nhỏ hơn (kế hoạch trong ng&agrave;y).</p>\r\n<p style=\"text-align: justify;\">&nbsp;</p>\r\n<p style=\"text-align: justify;\">Dưới đ&acirc;y l&agrave; một v&iacute; dụ về Eisenhower Box cho một ng&agrave;y:</p>\r\n<p style=\"text-align: justify;\">&nbsp;</p>\r\n<p style=\"text-align: center;\"><img src=\"http://eagleele.vn//source/Eisenhower%20matrix.jpg?1509068345837\" alt=\"\" width=\"524\" height=\"423\" /></p>\r\n<p style=\"text-align: justify;\">&nbsp;</p>\r\n<p style=\"text-align: justify;\">Ph&acirc;n biệt Khẩn cấp v&agrave; Quan trọng</p>\r\n<p style=\"text-align: justify;\">&nbsp;</p>\r\n<p style=\"text-align: justify;\">\"Việc quan trọng thường kh&ocirc;ng khẩn cấp v&agrave; việc khẩn cấp thường kh&ocirc;ng quan trọng\" &ndash; Dwight Eisenhower.</p>\r\n<p style=\"text-align: justify;\">&nbsp;</p>\r\n<p style=\"text-align: justify;\">Quan trọng l&agrave; những hoạt động c&oacute; kết quả sẽ dẫn ch&uacute;ng ta đạt được mục ti&ecirc;u, cho d&ugrave; đ&oacute; l&agrave; những hoạt động của c&aacute; nh&acirc;n hoặc trong c&ocirc;ng việc</p>\r\n<p style=\"text-align: justify;\">&nbsp;</p>\r\n<p style=\"text-align: justify;\">Khẩn cấp l&agrave; những hoạt động ch&uacute;ng ta thường tập trung v&igrave; ch&uacute;ng đ&ograve;i hỏi sự ch&uacute; &yacute; đến những hậu quả của việc kh&ocirc;ng c&oacute; h&agrave;nh động đối ph&oacute; ngay lập tức.</p>\r\n<p style=\"text-align: justify;\">&nbsp;</p>\r\n<p style=\"text-align: justify;\">Nếu t&aacute;ch biệt sự kh&aacute;c nhau giữa ch&uacute;ng một lần th&igrave; kh&aacute; đơn giản, nhưng tiến h&agrave;nh một c&aacute;ch li&ecirc;n tục c&oacute; thể gặp kh&oacute; khăn. Điều tuyệt vời của ma trận Eisenhower l&agrave; n&oacute; cung cấp một bộ khung r&otilde; r&agrave;ng cho c&aacute;c quyết định lặp đi lặp lại li&ecirc;n tục. V&agrave; cũng giống như bất cứ điều g&igrave; kh&aacute;c trong cuộc sống, ki&ecirc;n định l&agrave; điều tối quan trọng.</p>\r\n<p style=\"text-align: justify;\">&nbsp;</p>\r\n<p style=\"text-align: justify;\">Dưới đ&acirc;y l&agrave; một số điểm được r&uacute;t ra từ việc sử dụng phương ph&aacute;p n&agrave;y:</p>\r\n<p style=\"text-align: justify;\">&nbsp;</p>\r\n<p style=\"text-align: justify;\">Loại bỏ trước khi tối ưu h&oacute;a</p>\r\n<p style=\"text-align: justify;\">&nbsp;</p>\r\n<p style=\"text-align: justify;\">Kh&ocirc;ng c&oacute; c&aacute;ch n&agrave;o l&agrave;m một c&ocirc;ng việc nhanh bằng việc kh&ocirc;ng l&agrave;m g&igrave; cả. Đ&oacute; kh&ocirc;ng phải l&agrave; l&yacute; do khiến ta trở n&ecirc;n lười biếng m&agrave; l&agrave; một gợi &yacute; th&uacute;c đẩy ch&uacute;ng ta đưa ra quyết định kh&oacute; khăn v&agrave; loại bỏ bất kỳ nhiệm vụ n&agrave;o kh&ocirc;ng gi&uacute;p bạn ho&agrave;n th&agrave;nh nhiệm vụ v&agrave; mục ti&ecirc;u của m&igrave;nh.</p>\r\n<p style=\"text-align: justify;\">&nbsp;</p>\r\n<p style=\"text-align: justify;\">Th&ocirc;ng thường, ch&uacute;ng ta lấy năng suất c&ocirc;ng việc, quản l&yacute; thời gian v&agrave; sự tối ưu h&oacute;a như một l&yacute; do để lảng tr&aacute;nh những c&acirc;u hỏi h&oacute;c b&uacute;a: \"Liệu t&ocirc;i thực sự cần l&agrave;m việc n&agrave;y?\".</p>\r\n<p style=\"text-align: justify;\">&nbsp;</p>\r\n<p style=\"text-align: justify;\">Quả l&agrave; dễ d&agrave;ng hơn rất nhiều khi duy tr&igrave; sự bận rộn v&agrave; tự nhủ bản th&acirc;n rằng ta chỉ cần l&agrave;m việc hiệu quả hơn một ch&uacute;t hoặc \"Ở lại l&agrave;m việc muộn hơn một ch&uacute;t\" hơn l&agrave; phải chịu đựng sự bứt rứt khi bỏ đi c&ocirc;ng việc dễ chịu m&agrave; bạn đang l&agrave;m, nhưng đ&oacute; kh&ocirc;ng phải l&agrave; c&aacute;ch sử dụng hiệu quả nhất thời gian của bạn.</p>\r\n<p style=\"text-align: justify;\">&nbsp;</p>\r\n<p style=\"text-align: justify;\">Như Tim Ferriss từng n&oacute;i: \"Bận rộn l&agrave; một h&igrave;nh th&aacute;i của sự lười biếng &ndash; Lười suy nghĩ v&agrave; h&agrave;nh động bừa b&atilde;i\"</p>\r\n<p style=\"text-align: justify;\">&nbsp;</p>\r\n<p style=\"text-align: justify;\">Phương ph&aacute;p của Eisenhower đặc biệt hữu &iacute;ch v&igrave; n&oacute; buộc ch&uacute;ng ta đặt ra c&acirc;u hỏi liệu một h&agrave;nh động c&oacute; thật sự cần thiết, từ đ&oacute; dần dần ch&uacute;ng ta tiến tới \"Bỏ đi\" nhiệm vụ đ&oacute; chứ kh&ocirc;ng phải c&ograve;n lặp lại n&oacute; một c&aacute;ch v&ocirc; thức. Th&agrave;nh thật m&agrave; n&oacute;i, nếu ta cứ đơn giản loại bỏ tất cả những điều khiến ta l&atilde;ng ph&iacute; thời gian mỗi ng&agrave;y th&igrave; c&oacute; lẽ sẽ kh&ocirc;ng cần bất kỳ lời khuy&ecirc;n n&agrave;o n&agrave;o nữa.</p>\r\n<p style=\"text-align: justify;\">&nbsp;</p>\r\n<p style=\"text-align: justify;\">Liệu phương ph&aacute;p n&agrave;y c&oacute; gi&uacute;p ch&uacute;ng ta ho&agrave;n th&agrave;nh mục ti&ecirc;u</p>\r\n<p style=\"text-align: justify;\">&nbsp;</p>\r\n<p style=\"text-align: justify;\">Một lưu &yacute; cuối c&ugrave;ng: Sẽ rất kh&oacute; để loại bỏ những c&ocirc;ng việc khiến bạn l&atilde;ng ph&iacute; thời gian nếu bạn kh&ocirc;ng chắc chắn bạn đang muốn l&agrave;m điều g&igrave;.</p>\r\n<p style=\"text-align: justify;\">&nbsp;</p>\r\n<p style=\"text-align: justify;\">C&oacute; hai c&acirc;u hỏi sau đ&acirc;y c&oacute; thể gi&uacute;p l&agrave;m r&otilde; to&agrave;n bộ qu&aacute; tr&igrave;nh đằng sau phương ph&aacute;p của Eisenhower:</p>\r\n<p style=\"text-align: justify;\">&nbsp;</p>\r\n<ol style=\"text-align: justify;\">\r\n<li>T&ocirc;i đang l&agrave;m việc v&igrave; c&aacute;i g&igrave;?</li>\r\n</ol>\r\n<p style=\"text-align: justify;\">&nbsp;</p>\r\n<ol style=\"text-align: justify;\" start=\"2\">\r\n<li>C&aacute;c gi&aacute; trị cốt l&otilde;i định hướng cuộc sống của t&ocirc;i l&agrave; g&igrave;?</li>\r\n</ol>\r\n<p style=\"text-align: justify;\">&nbsp;</p>\r\n<p style=\"text-align: justify;\">Trả lời những c&acirc;u hỏi n&agrave;y sẽ gi&uacute;p ch&uacute;ng ta ph&acirc;n loại r&otilde; từng nhiệm vụ trong cuộc sống th&agrave;nh c&aacute;c nh&oacute;m kh&aacute;c nhau. Quyết định những việc phải l&agrave;m v&agrave; những việc phải bỏ đi sẽ trở n&ecirc;n dễ d&agrave;ng hơn nhiều khi bạn hiểu r&otilde; đ&acirc;u l&agrave; thứ quan trọng nhất đối với bạn.</p>\r\n<p style=\"text-align: justify;\">&nbsp;</p>\r\n<p style=\"text-align: justify;\">Ma trận Eisenhower kh&ocirc;ng phải l&agrave; một chiến lược ho&agrave;n hảo, nhưng c&oacute; thể n&oacute; l&agrave; một c&ocirc;ng cụ ra quyết định hữu &iacute;ch, gi&uacute;p tăng hiệu quả c&ocirc;ng việc v&agrave; loại bỏ những hoạt động g&acirc;y l&atilde;ng ph&iacute; thời gian v&agrave; kh&ocirc;ng gi&uacute;p ch&uacute;ng ta ho&agrave;n th&agrave;nh mục ti&ecirc;u của m&igrave;nh.</p>\r\n<p style=\"text-align: justify;\">&nbsp;</p>\r\n<p style=\"text-align: justify;\">(Theo Diệu Bảo/Tr&iacute; Thức Trẻ)</p>', 'vi');
INSERT INTO `library_lang` (`id`, `library_id`, `title`, `slug`, `meta_description`, `meta_keywords`, `description`, `content`, `language`) VALUES
(28, 14, 'Eisenhower Matrix - Effective Time Management Method of the President of the United States', 'eisenhower-matrix---effective-time-management-method-of-the-president-of-the-united-states', '', '', '', '<p>You think you are very busy, but is that really true? Try the following method of dating the late President Eisenhower.<br />Eisenhower was the 34th president of the United States, serving two consecutive terms from 1953 to 1961.</p>\r\n<p>Before becoming president, Eisenhower was a five-star general in the US Army, served as Supreme Commander of European Allied Forces during World War II, and was responsible for planning and participating in the battlefield. North Africa, France, and Germany.</p>\r\n<p>In addition, he was the president of Columbia University, becoming NATO\'s first supreme commander, and somehow he managed to find time to pursue golfing and oil painting. myself.</p>\r\n<p>Eisenhower has an extraordinary ability to maintain its productivity not just for weeks or months, but for decades. For that reason, it is not surprising that the methods of managing his time, work and productivity were widely ignored.</p>\r\n<p>His most famous performance strategy was named the Eisenhower Box and it is a simple decision-making tool that you can apply right now.</p>\r\n<p>Matrix Eisenhower: The method to become more productive</p>\r\n<p>Applying Eisenhower\'s strategy is very simple indeed. List the activities and projects you have to do, including those that are not important but take your time at work. Then arrange activities based on their importance and urgency</p>\r\n<p>1. Urgent and important (tasks need to be done immediately).</p>\r\n<p>2. Important but not urgent (tasks planned for later).</p>\r\n<p>3. Urgent but not important (tasks should be handed over to others).</p>\r\n<p>4. Not urgent nor important (tasks must be eliminated).</p>\r\n<p>&nbsp;<br />The great thing about this matrix is ​​that it can be used for both big plans (plans for the week) as well as smaller plans (plans of the day).</p>\r\n<p>Here is an example of Eisenhower Box for a day:<br />&nbsp;</p>\r\n<p>Difficult and Important</p>\r\n<p>\"The importance is often not urgent and urgency is often unimportant,\" says Dwight Eisenhower.</p>\r\n<p>It is important that successful activities lead us to the goal, whether it is individual or work activities.</p>\r\n<p>Urgent is the activity we usually focus on because they require attention to the consequences of not taking immediate action.</p>\r\n<p>It is easy to separate the differences between them, but doing so may be difficult. The great thing about the Eisenhower matrix is ​​that it provides a clear framework for repeated decisions. And just like anything else in life, consistency is paramount.</p>\r\n<p>Here are some points drawn from the use of this approach:</p>\r\n<p>Remove before optimization</p>\r\n<p>There is no way to do a quick job by not doing anything. This is not a reason to become lazy but a suggestion that motivates us to make difficult decisions and removes any task that does not help you complete your task and goal.</p>\r\n<p>Often, we take productivity, time management, and optimization as a reason to avoid tough questions: \"Do I really need to do this?\"</p>\r\n<p>It\'s a lot easier to keep busy and tell yourself that you need to work a little bit more or \"stay up a little late\" rather than take a break from giving up. Take the pleasant work that you are doing, but that is not the most efficient use of your time.</p>\r\n<p>As Tim Ferriss once said, \"Busy is a form of lazyness - Lazy thinking and acting indiscriminately\"</p>\r\n<p>Eisenhower\'s method is particularly useful because it forces us to question whether an action is really necessary, from which we gradually move on to \"take off\" that task rather than repeat it. unconscious. To be honest, if we simply get rid of all the things that waste our time each day, we probably will not need any more advice.</p>\r\n<p>Does this method help us to achieve our goal?</p>\r\n<p>One last note: It\'s very difficult to get rid of the work that wastes your time if you\'re not sure what you want to do.</p>\r\n<p>The following two questions can help clarify the whole process behind Eisenhower\'s approach:</p>\r\n<p>1. What am I working for?</p>\r\n<p>2. What are the core values ​​that drive my life?</p>\r\n<p>Answering these questions will help us to categorize each task in life into different groups. Deciding what to do and what to leave will be much easier when you understand what is most important to you.</p>\r\n<p>The Eisenhower Matrix is ​​not a perfect strategy, but it can be a useful decision-making tool, increasing productivity and eliminating time-wasting activities.</p>', 'en'),
(29, 15, 'Phân tích - Kỹ năng quan trọng trong cuộc sống chỉ được dạy ở trường \"đời\"', 'phan-tich---ky-nang-quan-trong-trong-cuoc-song-chi-duoc-day-o-truong-doi', '', '', '', '<p style=\"text-align: justify;\">&nbsp;</p>\r\n<p style=\"text-align: justify;\">Được nhắc tới trong qu&aacute; tr&igrave;nh học, thế nhưng để th&agrave;nh thục được kỹ năng n&agrave;y lại cần trau dồi rất nhiều trong cuộc sống thật, thực h&agrave;nh... nhưng n&oacute; sẽ đem lại cho bạn nhiều thứ hơn những g&igrave; bạn đầu tư cho n&oacute;.</p>\r\n<p style=\"text-align: justify;\">Ai trong ch&uacute;ng ta cũng c&oacute; những l&uacute;c đưa ra những quyết định tồi tệ. Tuy nhi&ecirc;n, số kh&aacute;c lại c&oacute; thể đưa ra nhũng quyết định đ&uacute;ng đắn gi&uacute;p họ tiến gần hơn với th&agrave;nh c&ocirc;ng. Những c&aacute; nh&acirc;n n&agrave;y kh&ocirc;ng bị chi phối bởi cảm x&uacute;c, những ham muốn nhất thời , hoặc cảm t&iacute;nh. Thay v&agrave;o đ&oacute;, họ biết c&aacute;ch vận dụng những kỹ năng ph&acirc;n t&iacute;ch để vượt qua được những th&aacute;ch thức d&ugrave; c&oacute; phức tạp hay cấp thiết đến đ&acirc;u.</p>\r\n<p style=\"text-align: justify;\">&nbsp;</p>\r\n<p style=\"text-align: center;\"><img src=\"http://eagleele.vn//source/analysis.jpg?1509075605188\" alt=\"\" width=\"554\" height=\"391\" />&nbsp;</p>\r\n<p style=\"text-align: justify;\">&nbsp;</p>\r\n<p style=\"text-align: justify;\">Kỹ năng ph&acirc;n t&iacute;ch l&agrave; g&igrave;?</p>\r\n<p style=\"text-align: justify;\">&nbsp;</p>\r\n<p style=\"text-align: justify;\">Theo Richards J. Heuer Jr., cựu th&agrave;nh vi&ecirc;n của CIA, \"Kỹ năng ph&acirc;n t&iacute;ch l&agrave; một kỹ năng đ&ograve;i hỏi trong nghề mộc hoặc l&aacute;i xe. Kỹ năng n&agrave;y c&oacute; được qua qu&aacute; tr&igrave;nh dạy v&agrave; học nhưng muốn cải thiện được n&oacute; th&igrave; phải th&ocirc;ng qua qu&aacute; tr&igrave;nh thực h&agrave;nh. Tuy nhi&ecirc;n, kh&ocirc;ng giống như nhưng kỹ năng kh&aacute;c được đ&agrave;o tạo ở trường lớp th&ocirc;ng qua những b&agrave;i giảng l&yacute; thuyết. kỹ năng ph&acirc;n t&iacute;ch cần phải được lĩnh hội th&ocirc;ng qua qu&aacute; tr&igrave;nh thực h&agrave;nh.&rdquo;</p>\r\n<p style=\"text-align: justify;\">&nbsp;</p>\r\n<p style=\"text-align: justify;\">Kỹ năng ph&acirc;n t&iacute;ch c&oacute; thể được coi l&agrave; một trong những kỹ năng quan trọng m&agrave; bạn kh&ocirc;ng được dạy qua bất kỳ một trường lớp n&agrave;o cả. Kỹ năng n&agrave;y bao gồm: tư duy về trực quan, tư duy phản biện v&agrave; khả năng thu thập v&agrave; xử l&yacute; th&ocirc;ng tin.</p>\r\n<p style=\"text-align: justify;\">&nbsp;</p>\r\n<p style=\"text-align: justify;\">Tư duy trực quan &ndash; Gắn với khả năng s&aacute;ng tạo của con người, tư duy trực quan l&agrave; khả năng dự đo&aacute;n c&aacute;c kết quả c&oacute; thể xảy ra đối với c&aacute;c chiến lược v&agrave; h&agrave;nh động. Đối với một lĩnh vực chuy&ecirc;n nghiệp,tư duy trực quan li&ecirc;n quan đến ph&acirc;n t&iacute;ch dữ liệu th&ocirc;ng qua c&aacute;c minh họa như biểu đồ, đồ thị v&agrave; danh s&aacute;ch chi tiết.</p>\r\n<p style=\"text-align: justify;\">&nbsp;</p>\r\n<p style=\"text-align: justify;\">Tư duy phản biện &ndash; Tư duy phản biện của một người c&oacute; thể được đ&aacute;nh gi&aacute; th&ocirc;ng qua t&iacute;nh nhất qu&aacute;n của họ trong việc đưa ra c&aacute;c quyết định hợp l&yacute;. N&oacute; li&ecirc;n quan đến khả năng đ&aacute;nh gi&aacute; th&ocirc;ng tin v&agrave; đưa ra kết luận m&agrave; kh&ocirc;ng bị cảm x&uacute;c chi phối. L&agrave; một chuy&ecirc;n gia phản biện bạn sẽ t&igrave;m thấy ở ch&iacute;nh m&igrave;nh những khẳng định đầy th&aacute;ch thức v&agrave; t&igrave;m thấy những kẽ hở trong những giải ph&aacute;p được đề xuất.</p>\r\n<p style=\"text-align: justify;\">&nbsp;</p>\r\n<p style=\"text-align: justify;\">Khả năng t&iacute;nh to&aacute;n - Cho d&ugrave; bạn c&oacute; th&iacute;ch hay kh&ocirc;ng, bạn cần cảm thấy thoải m&aacute;i khi l&agrave;m việc với những con số nếu bạn muốn n&acirc;ng cao kỹ năng ph&acirc;n t&iacute;ch. H&atilde;y nhớ rằng khả năng t&iacute;nh to&aacute;n bao gồm c&aacute;c kỹ năng kh&aacute;c như ph&acirc;n t&iacute;ch chi ph&iacute;, lập ng&acirc;n s&aacute;ch v&agrave; thực hiện c&aacute;c t&iacute;nh to&aacute;n chung. Trong lĩnh vực kinh doanh, bạn cần sử dụng kỹ năng t&iacute;nh to&aacute;n khi c&acirc;n nhắc những rủi ro v&agrave; lợi &iacute;ch của bất kỳ chiến lược kinh doanh n&agrave;o.</p>\r\n<p style=\"text-align: justify;\">&nbsp;</p>\r\n<p style=\"text-align: justify;\">Kỹ năng giải quyết vấn đề - Kỹ năng ph&acirc;n t&iacute;ch được sử dụng kh&ocirc;ng chỉ để hiểu c&aacute;c vấn đề, m&agrave; c&ograve;n để ph&aacute;t triển những hướng đi v&agrave; h&agrave;nh động ph&ugrave; hợp. Điều n&agrave;y li&ecirc;n quan đến kỹ năng thiết lập mục ti&ecirc;u bao gồm việc ph&aacute; vỡ v&agrave; ph&acirc;n loại ưu ti&ecirc;n giữa c&aacute;c mục ti&ecirc;u.</p>\r\n<p style=\"text-align: justify;\">&nbsp;</p>\r\n<p style=\"text-align: justify;\">Quản l&yacute; t&agrave;i nguy&ecirc;n - Cuối c&ugrave;ng, kỹ năng ph&acirc;n t&iacute;ch li&ecirc;n quan đến mức độ quản l&yacute; t&agrave;i nguy&ecirc;n t&ugrave;y thuộc v&agrave;o nhiệm vụ đang cần thực hiện. V&iacute; dụ, c&aacute;c chuy&ecirc;n gia với lịch tr&igrave;nh d&agrave;y đặc phải biết l&agrave;m thế n&agrave;o để quản l&yacute; hiệu quả thời gian của m&igrave;nh - một trong những nguồn lực quan trọng nhất thế giới. Mặt kh&aacute;c, những người đứng đầu doanh nghiệp cũng cần phải biết c&aacute;ch quản l&yacute; t&agrave;i nguy&ecirc;n của c&ocirc;ng ty bao gồm t&agrave;i ch&iacute;nh v&agrave; nguồn nh&acirc;n lực.</p>\r\n<p style=\"text-align: justify;\">&nbsp;</p>\r\n<p style=\"text-align: justify;\">Ph&aacute;t triển c&aacute;c kỹ năng ph&acirc;n t&iacute;ch gia tăng cơ hội tăng trưởng</p>\r\n<p style=\"text-align: justify;\">&nbsp;</p>\r\n<p style=\"text-align: justify;\">Một điều hiển nhi&ecirc;n rằng những quyết định đ&uacute;ng đắn sẽ dẫn đến kết quả t&iacute;ch cực. D&ugrave; bạn đang điều h&agrave;nh một doanh nghiệp hoặc chỉ đơn giản l&agrave; đang cố gắng đạt được những thăng tiến trong c&ocirc;ng việc th&igrave; bằng c&aacute;ch lu&ocirc;n trau dồi kỹ năng ph&acirc;n t&iacute;ch bạn sẽ tạo cho m&igrave;nh nhiều cơ hội ph&aacute;t triển thậm ch&iacute; c&oacute; thể tr&aacute;nh được những h&agrave;nh động khiến bạn phải hối tiếc.</p>\r\n<p style=\"text-align: justify;\">&nbsp;</p>\r\n<p style=\"text-align: justify;\">Khi c&oacute; được kỹ năng ph&acirc;n t&iacute;ch sắc n&eacute;t, bạn sẽ thấy kế hoạch của m&igrave;nh thay đổi theo hướng ho&agrave;n to&agrave;n mới. Kết quả cuối c&ugrave;ng c&oacute; thể đạt được của dự &aacute;n n&agrave;y l&agrave; g&igrave;? Thị trường địa phương c&oacute; nhu cầu về một cửa h&agrave;ng tiện &iacute;ch mới hay kh&ocirc;ng? Số vốn t&ocirc;i cần đầu tư v&agrave;o dự &aacute;n n&agrave;y l&agrave; bao nhi&ecirc;u v&agrave; n&ecirc;n b&aacute;n bao nhi&ecirc;u sản phẩm để thu lại lợi nhuận? T&ugrave;y thuộc v&agrave;o những cơ sở ph&acirc;n t&iacute;ch của m&igrave;nh , bạn c&oacute; thể x&aacute;c định t&iacute;nh khả thi của &yacute; tưởng kinh doanh m&agrave; kh&ocirc;ng để cho cảm x&uacute;c chi phối.</p>\r\n<p style=\"text-align: justify;\">&nbsp;</p>\r\n<p style=\"text-align: justify;\">6 phương ph&aacute;p tăng cường khả năng ph&acirc;n t&iacute;ch</p>\r\n<p style=\"text-align: justify;\">&nbsp;</p>\r\n<p style=\"text-align: justify;\">C&oacute; kh&ocirc;ng &iacute;t phương ph&aacute;p để tăng khả năng ph&acirc;n t&iacute;ch. C&aacute;c nh&agrave; t&acirc;m l&yacute; học cũng thừa nhận rằng đọc những c&acirc;u truyện tưởng tượng khi c&ograve;n nhỏ c&oacute; thể gi&uacute;p tư duy phản biện th&ecirc;m sắc n&eacute;t. C&aacute;c nghi&ecirc;n cứu cũng cho thấy nền gi&aacute;o dục truyền thống c&oacute; ảnh hưởng t&iacute;ch cực đến chỉ số IQ v&agrave; kỹ năng ph&acirc;n t&iacute;ch.</p>\r\n<p style=\"text-align: justify;\">&nbsp;</p>\r\n<p style=\"text-align: justify;\">Tuy nhi&ecirc;n, khi ch&uacute;ng ta trưởng th&agrave;nh, những cơ hội để trau dồi kỹ năng ph&acirc;n t&iacute;ch như trước kia kh&ocirc;ng c&ograve;n nữa. Đ&oacute; l&agrave; l&yacute; do tại sao bạn cần phải chủ động t&igrave;m kiếm cho m&igrave;nh một c&aacute;ch tiếp cận kỹ năng ph&acirc;n t&iacute;ch linh hoạt, t&iacute;ch cực hơn. Dưới đ&acirc;y l&agrave; một v&agrave;i gợi &yacute;:</p>\r\n<p style=\"text-align: justify;\">&nbsp;</p>\r\n<ol style=\"text-align: justify;\">\r\n<li>Tự nghĩ ra một &yacute; tưởng kinh doanh &ndash; Ph&aacute;t triển một &yacute; tưởng kinh doanh c&oacute; thể mang lại lợi nhuận, cho d&ugrave; bạn c&oacute; theo đuổi n&oacute; đến c&ugrave;ng hay kh&ocirc;ng v&agrave; c&oacute; nhiều th&aacute;ch thức như n&agrave;o đi chăng nữa. Khi ấy bạn sẽ cần đến v&ocirc; v&agrave;n c&aacute;c nghi&ecirc;n cứu t&iacute;nh to&aacute;n, v&agrave; giải quyết vấn đề để tạo ra một kế hoạch kinh doanh hữu h&igrave;nh.</li>\r\n</ol>\r\n<p style=\"text-align: justify;\">&nbsp;</p>\r\n<ol style=\"text-align: justify;\" start=\"2\">\r\n<li>C&ocirc;ng cụ ph&acirc;n t&iacute;ch đ&ograve;n bẩy - B&ecirc;n cạnh c&aacute;c c&ocirc;ng cụ ghi ch&uacute;, bạn cũng c&oacute; thể tận dụng c&aacute;c phần mềm kh&aacute;c để hỗ trợ cho việc ph&acirc;n t&iacute;ch. V&iacute; dụ như ứng dụng quản l&yacute; tiền: Mint gi&uacute;p bạn dễ d&agrave;ng theo d&otilde;i th&oacute;i quen ti&ecirc;u d&ugrave;ng cũng như quản l&yacute; ng&acirc;n s&aacute;ch bằng c&aacute;c c&ocirc;ng cụ trực quan. Khi đề cập đến mục ti&ecirc;u ưu ti&ecirc;n, bạn c&oacute; thể sử dụng c&aacute;c ứng dụng quản l&yacute; t&aacute;c vụ đơn giản như Trello hoặc Wunderlist.</li>\r\n</ol>\r\n<p style=\"text-align: justify;\">&nbsp;</p>\r\n<ol style=\"text-align: justify;\" start=\"3\">\r\n<li>Thư viện học tập c&aacute; nh&acirc;n &ndash; Th&ocirc;ng qua Internet, c&oacute; rất nhiều nguồn lực bạn c&oacute; thể sử dụng để học c&aacute;c kỹ năng mới, mở rộng vốn từ vựng v&agrave; ph&aacute;t triển khả năng trực quan. Đối với thư viện học tập được c&aacute; nh&acirc;n h&oacute;a, bạn c&oacute; thể tải xuống c&aacute;c video hoặc GIF tr&ecirc;n Instagram của c&aacute;c k&ecirc;nh gi&aacute;o dục kh&aacute;c như NASA Goddard v&agrave; American Mathematical Society. Tuy nhi&ecirc;n, nếu bạn th&iacute;ch c&aacute;c kỹ năng chuy&ecirc;n m&ocirc;n cụ thể, th&igrave; một số k&ecirc;nh gi&aacute;o dục trực tuyến như Coursera, edX v&agrave; Alison l&agrave; lựa chọn h&agrave;ng đầu.</li>\r\n</ol>\r\n<p style=\"text-align: justify;\">&nbsp;</p>\r\n<ol style=\"text-align: justify;\" start=\"4\">\r\n<li>Tham gia v&agrave;o c&aacute;c cộng đồng trực tuyến - Internet l&agrave; nơi tuyệt vời để chia sẻ kinh nghiệm, &yacute; kiến, v&agrave; thảo luận với những c&aacute; nh&acirc;n c&oacute; c&ugrave;ng quan điểm. Reddit, l&agrave; một v&iacute; dụ hay \"subreddit\" d&agrave;nh ri&ecirc;ng cho mọi chủ đề - từ c&ocirc;ng nghệ đến kinh doanh.</li>\r\n</ol>\r\n<p style=\"text-align: justify;\">&nbsp;</p>\r\n<ol style=\"text-align: justify;\" start=\"5\">\r\n<li>C&aacute;c hoạt động k&iacute;ch th&iacute;ch tinh thần - Để giữ cho tinh thần minh mẫn, h&atilde;y tạo cho m&igrave;nh th&oacute;i quen tham gia v&agrave;o c&aacute;c hoạt động k&iacute;ch th&iacute;ch tinh thần như cờ vua, puzzles, v&agrave; c&aacute;c ứng dụng k&iacute;ch th&iacute;ch n&atilde;o bộ kh&aacute;c. Một ứng dụng tuyệt vời kh&aacute;c l&agrave; Lumosity, gồm h&agrave;ng chục tr&ograve; chơi nhận thức được thiết kế bởi c&aacute;c nh&oacute;m c&aacute;c nh&agrave; khoa học v&agrave; nh&agrave; thiết kế tr&ograve; chơi.</li>\r\n</ol>\r\n<p style=\"text-align: justify;\">&nbsp;</p>\r\n<ol style=\"text-align: justify;\" start=\"6\">\r\n<li>Lưu giữ những ghi ch&eacute;p của ri&ecirc;ng m&igrave;nh - Cuối c&ugrave;ng, tạo dựng th&oacute;i quen ghi ch&eacute;p để gi&uacute;p bạn c&oacute; c&aacute;i nh&igrave;n tổng qu&aacute;t tất cả những g&igrave; xảy ra trong ng&agrave;y. H&atilde;y nhớ rằng viết lại những những kinh nghiệm đ&atilde; học được gi&uacute;p bạn tập trung hơn . Điều n&agrave;y sẽ gi&uacute;p bạn ph&acirc;n t&iacute;ch để đưa ra quyết định đ&uacute;ng đắn nhất.</li>\r\n</ol>\r\n<p style=\"text-align: justify;\">&nbsp;</p>\r\n<p style=\"text-align: justify;\">Khi trưởng th&agrave;nh bạn phải đối mặt với v&ocirc; số th&aacute;ch thức h&agrave;ng ng&agrave;y: C&ocirc;ng việc, trường học, c&aacute;c mối quan hệ. C&oacute; được kỹ năng ph&acirc;n t&iacute;ch, bạn c&oacute; thể đối ph&oacute; v&agrave; vượt qua mọi trở ngại để đạt được mục ti&ecirc;u.</p>\r\n<p style=\"text-align: justify;\">&nbsp;</p>\r\n<p style=\"text-align: justify;\">(Theo An Chi/Tr&iacute; Thức Trẻ)</p>', 'vi'),
(30, 15, 'Analysis - important skills in life are only taught in the \"life\"', 'analysis---important-skills-in-life-are-only-taught-in-the-life', '', '', '', '<p>As mentioned in the learning process, but to master this skill need to cultivate a lot in real life, practice ... but it will bring you more than what you invest in it. .<br />Which of us is also at times making bad decisions. Others, however, can make the right decisions to help them move closer to success. These individuals are not influenced by emotions, passions, or feelings. Instead, they know how to use the analytical skills to overcome the challenges, no matter how complex or critical.</p>\r\n<p>What is analytical skills?</p>\r\n<p>According to Richards J. Heuer Jr., a former CIA member, \"Analytical skills are a skill required in carpentry or driving, and this skill is acquired through teaching and learning but improving. However, unlike other skills that are taught at school through theoretical lectures, analytical skills need to be understood through practice. \"</p>\r\n<p>Analytical skills can be considered as one of the important skills that you are not taught in any school. This skill includes: visual thinking, critical thinking and the ability to collect and process information.</p>\r\n<p>Visual thinking - Linked to the creative capacity of people, intuitive thinking is the ability to predict the possible outcomes for strategies and actions. For a professional field, visual thinking involves analyzing data through illustrations such as histograms, graphs and detailed lists.</p>\r\n<p>Critical Thinking - A person\'s critical thinking can be judged by their consistency in making rational decisions. It relates to the ability to evaluate information and to make conclusions without emotion. As a peer reviewer, you will find yourself with challenging claims and finding loopholes in the proposed solutions.</p>\r\n<p>Computability - Whether you like it or not, you need to be comfortable working with numbers if you want to improve your analytical skills. Remember that computing power includes other skills such as cost analysis, budgeting, and general computing. In the field of business, you need to use the calculation skill when considering the risks and benefits of any business strategy.</p>\r\n<p>Problem solving skills - Analytical skills are used not only to understand problems but also to develop appropriate paths and actions. This involves skill setting goals including breaking and prioritizing priorities among goals.</p>\r\n<p>Resource Management - Finally, analytical skills related to the level of resource management depend on the task that needs to be performed. For example, experts with dense schedules must know how to effectively manage their time - one of the most important resources in the world. On the other hand, business leaders also need to know how to manage the company\'s resources including finance and human resources.</p>\r\n<p>Develop analytical skills to increase growth opportunities</p>\r\n<p>It is obvious that the right decisions will lead to positive results. Whether you are running a business or are simply trying to gain promotion at work, by constantly cultivating your analytical skills you will be creating more opportunities for growth that can even be avoided. Actions that make you regret.</p>\r\n<p>When you have sharp analytical skills, you will see your plans change in a whole new way. What is the end result of this project? Does the local market need a new convenience store? How much capital do I need to invest in this project and how many products should I sell to make a profit? Depending on your analytical foundation, you can determine the feasibility of business ideas without letting emotions dominate.</p>\r\n<p>6 methods of enhancing analysis capabilities</p>\r\n<p>There are a number of methods to increase the ability to analyze. Psychologists also acknowledge that reading imaginary stories as children can help sharpen critical thinking. Studies have also shown that traditional education has a positive effect on IQ and analytical skills.</p>\r\n<p>However, as we mature, the opportunities to cultivate analytical skills like before are no longer available. That is why you need to proactively seek for yourself a more aggressive, active analytical skill approach. Here are some suggestions:</p>\r\n<p>1. Think of a Business Idea - Develop a business idea that can be profitable, whether you pursue it to the end or not and how much of a challenge. Then you will need countless computational studies, and solve the problem to create a tangible business plan.</p>\r\n<p>2. Leverage Analyzer - In addition to the note taking tools, you can also take advantage of other software to support the analysis. For example, the Money Management application: Mint makes it easy to keep track of your spending habits as well as budget management with intuitive tools. When it comes to priority objectives, you can use simple task management applications such as Trello or Wunderlist.3. Personal Learning Library - Through the Internet, there are plenty of resources you can use to learn new skills, expand vocabulary and develop visual abilities. For a personalized learning library, you can download Instagram videos or GIFs on other educational channels such as NASA Goddard and the American Mathematical Society. However, if you prefer specific professional skills, some online education channels such as Coursera, edX and Alison are top choices.4. Participate in online communities - The Internet is a great place to share experiences, ideas, and discussions with individuals who share the same opinion. Reddit, for example, is a subreddit for every topic - from technology to business. Mentally stimulating activities - To keep your mind steady, give yourself the habit of participating in mental stimulation activities such as chess, puzzles, and other brain stimulating applications. Another great application is Lumosity, consisting of dozens of cognitive games designed by teams of scientists and game designers. Keep your own records - Finally, create a habit of taking notes to give you a glimpse of what\'s going on in the day. Remember to rewrite the learned experience to help you focus. This will help you analyze to make the right decision. When you mature you face countless daily challenges: work, school, relationships. Get analytical skills, you can cope and overcome all obstacles to achieve the goal.</p>', 'en'),
(31, 16, '3 kỹ năng sống quan trọng trong cuộc đời nhưng không ai dạy bạn', '3-ky-nang-song-quan-trong-trong-cuoc-doi-nhung-khong-ai-day-ban', '', '', '', '<p style=\"text-align: justify;\">&nbsp;</p>\r\n<p style=\"text-align: center;\"><img src=\"http://eagleele.vn//source/3%20k%E1%BB%B9%20n%C4%83ng.jpg?1509327133849\" alt=\"\" width=\"510\" height=\"340\" /></p>\r\n<p style=\"text-align: justify;\">&nbsp;</p>\r\n<p style=\"text-align: justify;\">C&oacute; nhiều thứ trường học kh&ocirc;ng dạy bạn. Nhưng nếu thiếu ch&uacute;ng bạn sẽ kh&ocirc;ng bao giờ th&agrave;nh c&ocirc;ng được. Kiến thức chỉ l&agrave; một phần, kỹ năng sống mới l&agrave; thứ quan trọng.</p>\r\n<p style=\"text-align: justify;\">B&agrave;i viết l&agrave; chia sẻ của t&aacute;c giả Mark Manson &ndash; một blogger v&agrave; nh&agrave; khởi nghiệp người Mỹ. C&oacute; 3 kỹ năng sống được Mark Manson cho l&agrave; những kỹ năng cực kỳ quan trọng trong cuộc sống của mỗi người.</p>\r\n<p style=\"text-align: justify;\">&nbsp;</p>\r\n<p style=\"text-align: justify;\"><strong>Kỹ năng 1: Dừng việc suy nghĩ mọi việc đều li&ecirc;n quan đến bản th&acirc;n</strong></p>\r\n<p style=\"text-align: justify;\">&nbsp;</p>\r\n<p style=\"text-align: justify;\">Một phản ứng phụ kh&ocirc;ng mong muốn của &yacute; thức nằm trong n&atilde;o bộ của ch&uacute;ng ta l&agrave; tất cả mọi thứ ch&uacute;ng ta trải nghiệm đều li&ecirc;n quan đến ch&uacute;ng ta - bằng c&aacute;ch n&agrave;o đ&oacute;. Đi ngo&agrave;i đường th&igrave; bị kẹt xe. Chương tr&igrave;nh truyền h&igrave;nh c&aacute;p tối qua th&igrave; khiến bạn bực m&igrave;nh. C&ocirc;ng ty c&oacute; đ&agrave; tăng trưởng tốt trong năm nay n&ecirc;n bạn nhận được nhiều tiền hơn.</p>\r\n<p style=\"text-align: justify;\">&nbsp;</p>\r\n<p style=\"text-align: justify;\">Kết quả l&agrave;, ch&uacute;ng ta c&oacute; khuynh hướng coi mọi thứ xảy ra đều d&iacute;nh d&aacute;ng đến m&igrave;nh.</p>\r\n<p style=\"text-align: justify;\">&nbsp;</p>\r\n<p style=\"text-align: justify;\">Nhưng thực tế th&igrave;: Chỉ v&igrave; bạn trải nghiệm một điều g&igrave; đ&oacute;, chỉ v&igrave; một điều g&igrave; đ&oacute; khiến bạn bận t&acirc;m kh&ocirc;ng đồng nghĩa với việc n&oacute; li&ecirc;n quan đến bạn.</p>\r\n<p style=\"text-align: justify;\">&nbsp;</p>\r\n<p style=\"text-align: justify;\">Điều n&agrave;y thực sự rất kh&oacute; để l&agrave;m được. Kh&ocirc;ng chỉ bởi v&igrave; n&oacute; gắn chặt với cấu tr&uacute;c n&atilde;o bộ v&agrave; cơ thể m&agrave; c&ograve;n bởi v&igrave; khiến mọi việc li&ecirc;n quan đến bản th&acirc;n, bằng c&aacute;ch n&agrave;o đ&oacute; khiến ch&uacute;ng ta cảm thấy tốt hơn trong một khoảng thời gian ngắn.</p>\r\n<p style=\"text-align: justify;\">&nbsp;</p>\r\n<p style=\"text-align: justify;\">Thật tuyệt khi nghĩ rằng những g&igrave; tốt đẹp xảy ra trong cuộc sống đều xảy ra với bạn nếu bạn l&agrave; một người tốt nhưng c&aacute;i gi&aacute; phải trả l&agrave; bạn cũng phải nhận lấy những trải nghiệm tồi tệ xuất ph&aacute;t từ những mặt xấu trong bản th&acirc;n bạn.</p>\r\n<p style=\"text-align: justify;\">&nbsp;</p>\r\n<p style=\"text-align: justify;\">&nbsp;</p>\r\n<p style=\"text-align: justify;\">Th&agrave;nh ra, bạn tự đạt l&ograve;ng tự t&ocirc;n của m&igrave;nh l&ecirc;n tr&ecirc;n một chiếc t&agrave;u lượn, nơi m&agrave; gi&aacute; trị của bạn bị n&acirc;ng l&ecirc;n, hạ xuống, phải trải qua những cơn cao độ ch&oacute;ng mặt v&agrave; những lần hụt hẫng khi lao xuống qu&aacute; nhanh. Khi mọi việc tốt đẹp, bạn tự cho m&igrave;nh l&agrave; m&oacute;n qu&agrave; của thượng đế trao cho tr&aacute;i đất n&ecirc;n xứng đ&aacute;ng được c&ocirc;ng nhận v&agrave; hoan ngh&ecirc;nh. Nhưng khi mọi việc xấu đi, bạn trở th&agrave;nh nạn nh&acirc;n của th&oacute;i tự m&atilde;n, bạn nghĩ m&igrave;nh đ&atilde; bị đối xử bất c&ocirc;ng v&agrave; xứng đ&aacute;ng được trao cho cơ hội tốt hơn.</p>\r\n<p style=\"text-align: justify;\">&nbsp;</p>\r\n<p style=\"text-align: justify;\">Điều mấu chốt ở đ&acirc;y l&agrave; cảm gi&aacute;c \"xứng đ&aacute;ng\". Ch&iacute;nh cảm gi&aacute;c n&agrave;y đ&atilde; biến bạn th&agrave;nh một con ma c&agrave; rồng cảm x&uacute;c, một hố đen chỉ chực h&uacute;t hết năng lượng v&agrave; t&igrave;nh y&ecirc;u của những người xung quanh m&agrave; kh&ocirc;ng th&egrave;m đền đ&aacute;p g&igrave;.</p>\r\n<p style=\"text-align: justify;\">&nbsp;</p>\r\n<p style=\"text-align: justify;\">Khi người kh&aacute;c chỉ tr&iacute;ch bạn, từ chối bạn, thực ra điều đ&oacute; li&ecirc;n quan nhiều nhất đến ch&iacute;nh bản th&acirc;n người đ&oacute; &ndash; gi&aacute; trị của họ, những sự ưu ti&ecirc;n của họ v&agrave; t&igrave;nh h&igrave;nh cuộc sống của họ - hơn l&agrave; li&ecirc;n quan đến bạn. Khi bạn mắc sai l&agrave;m, n&oacute; kh&ocirc;ng đồng nghĩa với việc bạn l&agrave; một kể thất bại, chỉ đơn giản bạn l&agrave; một con người với những l&uacute;c th&agrave;nh bại trong cuộc sống.</p>\r\n<p style=\"text-align: justify;\">&nbsp;</p>\r\n<p style=\"text-align: justify;\">Khi một việc g&igrave; đ&oacute; v&ocirc; c&ugrave;ng tệ xảy ra khi bạn v&ocirc; c&ugrave;ng đau đớn, đến mức bạn tin rằng mọi việc tất cả l&agrave; lỗi của m&igrave;nh th&igrave; h&atilde;y nhớ rằng kh&oacute; khăn l&agrave; một phần của cuộc sống v&agrave; c&aacute;i chết l&agrave; thứ tạo n&ecirc;n &yacute; nghĩa cho cuộc đời v&agrave; rằng sự đau khổ kh&ocirc;ng hề phản &aacute;nh định kiến n&agrave;o về bản th&acirc;n cả v&agrave; ch&uacute;ng ta ai cũng phiền l&ograve;ng bởi những nỗi đau.</p>\r\n<p style=\"text-align: justify;\">&nbsp;</p>\r\n<p style=\"text-align: justify;\">Xứng đ&aacute;ng hay kh&ocirc;ng xứng đ&aacute;ng chẳng li&ecirc;n quan g&igrave; đến nỗi buồn hay niềm vui ch&uacute;ng ta trải qua.</p>\r\n<p style=\"text-align: justify;\">&nbsp;</p>\r\n<p style=\"text-align: justify;\"><strong>Kỹ năng 2: Tự thuyết phục v&agrave; thay đổi quan điểm c&aacute; nh&acirc;n</strong></p>\r\n<p style=\"text-align: justify;\">&nbsp;</p>\r\n<p style=\"text-align: justify;\">Hầu hết mọi người, khi niềm tin bị lung lay, ch&uacute;ng ta vẫn thường giữ lấy n&oacute; như thể n&oacute; l&agrave; chiếc phao cứu sinh tr&ecirc;n một chiếc t&agrave;u đang ch&igrave;m dần. Vấn đề l&agrave; niềm tin của ch&uacute;ng ta c&oacute; những lần l&agrave; những con t&agrave;u ch&igrave;m.</p>\r\n<p style=\"text-align: justify;\">&nbsp;</p>\r\n<p style=\"text-align: justify;\">Đối với hầu hết ch&uacute;ng ta, niềm tin kh&ocirc;ng chỉ l&agrave; điều ch&uacute;ng ta cho l&agrave; đ&uacute;ng m&agrave; c&ograve;n l&agrave; thứ tạo n&ecirc;n bản sắc ri&ecirc;ng của mỗi người. V&agrave; việc bị chất vấn niềm tin cũng đồng nghĩa với việc chất vấn ch&uacute;ng ta l&agrave; ai, điều n&agrave;y thực sự rất kh&oacute; chấp nhận.</p>\r\n<p style=\"text-align: justify;\">&nbsp;</p>\r\n<p style=\"text-align: justify;\">H&atilde;y lấy người kh&ocirc;ng tin v&agrave;o biến đổi kh&iacute; hậu l&agrave;m v&iacute; dụ. Rất nhiều người trong số đ&oacute; kh&ocirc;ng hề ngu ngốc. Họ hiểu những g&igrave; khoa học n&oacute;i, họ hiểu những cuộc thảo luận về vấn đề n&agrave;y. Vấn đề ở chỗ, họ kh&ocirc;ng chỉ đ&atilde; quyết định rằng biến đổi kh&iacute; hậu l&agrave; điều họ tin l&agrave; giả dối m&agrave; việc phủ nhận biến đổi kh&iacute; hậu cũng thể hiện họ l&agrave; ai. V&agrave; bạn biết đấy, một khi đi v&agrave;o v&ugrave;ng cấm địa ấy, thật kh&oacute; để đưa họ ra khỏi những suy nghĩ n&agrave;y.</p>\r\n<p style=\"text-align: justify;\">&nbsp;</p>\r\n<p style=\"text-align: justify;\">&nbsp;</p>\r\n<p style=\"text-align: justify;\">Việc &ocirc;m khư khư lấy niềm tin kh&ocirc;ng chỉ g&oacute;i gọn trong phạm vi khoa học v&agrave; ch&iacute;nh trị m&agrave; n&oacute; ảnh hưởng rất nhiều đến cuộc sống hằng ng&agrave;y.</p>\r\n<p style=\"text-align: justify;\">&nbsp;</p>\r\n<p style=\"text-align: justify;\">Bạn sẽ gặp rất nhiều sai lầm trong cuộc sống. V&agrave; trong nhiều c&aacute;ch, khả năng th&agrave;nh c&ocirc;ng v&agrave; học hỏi trong d&agrave;i hạn tỷ lệ thuận trực tiếp với khả năng thay đổi điều bạn tin tưởng để đ&aacute;p ứng sự thiếu hiểu biết v&agrave; sai lầm của bạn.</p>\r\n<p style=\"text-align: justify;\">&nbsp;</p>\r\n<p style=\"text-align: justify;\">Bạn c&oacute; thể hỏi, \"L&agrave;m thế n&agrave;o để l&agrave;m điều n&agrave;y?\"</p>\r\n<p style=\"text-align: justify;\">&nbsp;</p>\r\n<p style=\"text-align: justify;\">Chẳng c&oacute; c&aacute;ch n&agrave;o cả. Tất cả nằm trong ch&iacute;nh bộ n&atilde;o của bạn. Việc bạn phải l&agrave;m l&agrave; cho ph&eacute;p m&igrave;nh được trải nghiệm những g&oacute;c nh&igrave;n mới v&agrave; kh&ocirc;ng ngừng hỏi bản th&acirc;n \"Liệu điều n&agrave;y (đi ngược với niềm tin) c&oacute; đ&uacute;ng kh&ocirc;ng? Điều đ&oacute; c&oacute; nghĩa l&agrave; g&igrave;?\" rồi xem x&eacute;t c&acirc;u trả lời.</p>\r\n<p style=\"text-align: justify;\">&nbsp;</p>\r\n<p style=\"text-align: justify;\">L&uacute;c đầu c&oacute; thể kh&aacute; kh&oacute;, n&atilde;o bộ sẽ kh&ocirc;ng ngừng chối bỏ n&oacute; nhưng qua thời gian r&egrave;n luyện bạn sẽ chinh phục được kỹ năng n&agrave;y.</p>\r\n<p style=\"text-align: justify;\">&nbsp;</p>\r\n<p style=\"text-align: justify;\">H&atilde;y thử điều n&agrave;y: Viết ra 20 điều m&agrave; bạn nghĩ h&ocirc;m nay m&igrave;nh c&oacute; thể đ&atilde; sai, cả về vật chất v&agrave; tinh thần.</p>\r\n<p style=\"text-align: justify;\">&nbsp;</p>\r\n<p style=\"text-align: justify;\">Mấu chốt của vấn đề l&agrave; việc đưa ra những c&acirc;u hỏi chất vấn bản th&acirc;n &ndash; m&igrave;nh kh&ocirc;ng phải người thu h&uacute;t, m&igrave;nh vẫn c&ograve;n lười lắm, m&igrave;nh chưa biết c&aacute;ch n&oacute;i chuyện với người kh&aacute;c, m&igrave;nh sẽ kh&ocirc;ng bao giờ cảm thấy hạnh ph&uacute;c v&igrave; m&igrave;nh vẫn c&ograve;n mắc kẹt trong suy nghĩ của ch&iacute;nh m&igrave;nh,&hellip;</p>\r\n<p style=\"text-align: justify;\">&nbsp;</p>\r\n<p style=\"text-align: justify;\">C&agrave;ng c&oacute; nhiều cảm x&uacute;c với những nhận định đ&oacute; th&igrave; bạn c&agrave;ng phải viết ra những điều đ&oacute; v&agrave; đối mặt với ch&uacute;ng.</p>\r\n<p style=\"text-align: justify;\">&nbsp;</p>\r\n<p style=\"text-align: justify;\">Khi đ&atilde; đạt được con số 20, h&atilde;y đọc lại v&agrave; suy nghĩ nếu nhận định n&agrave;o sai, điều đ&oacute; ảnh hưởng đến cuộc sống của m&igrave;nh như thế n&agrave;o.</p>\r\n<p style=\"text-align: justify;\">&nbsp;</p>\r\n<p style=\"text-align: justify;\">Điều n&agrave;y c&oacute; thể rất đ&aacute;ng sợ. C&oacute; rất nhiều nhận định thậm ch&iacute; bạn c&ograve;n kh&ocirc;ng d&aacute;m đặt c&acirc;u hỏi về n&oacute;. Nhưng h&atilde;y suy nghĩ theo c&aacute;ch n&agrave;y: L&agrave;m sao bạn c&oacute; thể tự tin với ch&iacute;nh niềm tin của bản th&acirc;n nếu bạn kh&ocirc;ng bao giờ d&aacute;m thử th&aacute;ch n&oacute;, v&agrave; cũng kh&ocirc;ng bao giờ nh&igrave;n v&agrave;o mặt tr&aacute;i của nhận định?</p>\r\n<p style=\"text-align: justify;\">&nbsp;</p>\r\n<p style=\"text-align: justify;\"><strong>Kỹ năng 3: L&agrave;m thế n&agrave;o để h&agrave;nh động m&agrave; kh&ocirc;ng mong đợi kết quả</strong></p>\r\n<p style=\"text-align: justify;\">&nbsp;</p>\r\n<p style=\"text-align: justify;\">Trong cuộc đời n&agrave;y, hầu hết mọi việc đều c&oacute; một kết quả gần như r&otilde; r&agrave;ng gắn liền với n&oacute;. Ở trường, bạn viết b&agrave;i luận v&igrave; đ&oacute; l&agrave; những g&igrave; gi&aacute;o vi&ecirc;n y&ecirc;u cầu. Ở nh&agrave; bạn dọn dẹp ph&ograve;ng v&igrave; đ&oacute; l&agrave; điều sẽ c&oacute; thưởng. Ở nơi l&agrave;m việc, bạn l&agrave;m việc sếp giao v&igrave; sẽ được trả lương. Bởi mọi thứ kh&ocirc;ng c&oacute; sự kh&ocirc;ng chắc chắn n&ecirc;n bạn cứ l&agrave;m th&ocirc;i.</p>\r\n<p style=\"text-align: justify;\">&nbsp;</p>\r\n<p style=\"text-align: justify;\">Nhưng trong cuộc sống &ndash; cuộc sống thực &ndash; kh&ocirc;ng hề hoạt động theo nguy&ecirc;n l&yacute; đ&oacute;. Khi quyết định nhảy việc, chẳng c&oacute; ai chắc chắn c&ocirc;ng việc mới sẽ ph&ugrave; hơp với bạn. Khi bạn quyết định gắn b&oacute; c&ugrave;ng ai đ&oacute;, cũng chả ai d&aacute;m chắc mối quan hệ đ&oacute; sẽ khiến bạn hạnh ph&uacute;c.</p>\r\n<p style=\"text-align: justify;\">&nbsp;</p>\r\n<p style=\"text-align: justify;\">V&agrave; vậy l&agrave; con người lẩn tr&aacute;nh việc ra quyết định. Ch&uacute;ng ta trốn tr&aacute;nh những h&agrave;nh động kh&ocirc;ng biết trước kết quả. V&agrave; ch&iacute;nh với những h&agrave;nh động \"kh&ocirc;ng thể\" n&agrave;y, cuộc sống của ch&uacute;ng ta diễn ra một c&aacute;ch lặp lại v&agrave; an to&agrave;n một c&aacute;ch đ&aacute;ng kinh ngạc.</p>\r\n<p style=\"text-align: justify;\">&nbsp;</p>\r\n<p style=\"text-align: justify;\">C&oacute; nhiều người mải m&ecirc; đi t&igrave;m c&acirc;u trả lời từ những người kh&aacute;c nhưng lại qu&ecirc;n đi rằng: kh&ocirc;ng ai c&oacute; thể quyết định được điều g&igrave; đ&uacute;ng, điều g&igrave; sai ngoại trừ ch&iacute;nh họ.</p>\r\n<p style=\"text-align: justify;\">&nbsp;</p>\r\n<p style=\"text-align: justify;\">H&atilde;y th&ecirc;m v&agrave;o cuộc sống của bản th&acirc;n một &iacute;t x&aacute;o động, một &iacute;t hỗn loạn. Điều đ&oacute; sẽ k&iacute;ch th&iacute;ch sự ph&aacute;t triển bản th&acirc;n, sự thay đổi, đam m&ecirc; v&agrave; sự hứng khởi từ s&acirc;u trong con người bạn.</p>\r\n<p style=\"text-align: justify;\">&nbsp;</p>\r\n<p style=\"text-align: justify;\">&nbsp;</p>\r\n<p style=\"text-align: justify;\">H&atilde;y ph&aacute;t triển khả năng l&agrave;m việc đơn giản kh&ocirc;ng v&igrave; l&yacute; do g&igrave; ngo&agrave;i sự t&ograve; m&ograve;, th&iacute;ch th&uacute; hay thậm ch&iacute; l&agrave; do buồn ch&aacute;n. Khả năng l&agrave;m việc m&agrave; kh&ocirc;ng mong đợi kết quả hay sự t&aacute;n dương&hellip; sẽ gi&uacute;p bạn sẵn s&agrave;ng để đưa ra những quyết định lớn trong cuộc đời m&igrave;nh.</p>\r\n<p style=\"text-align: justify;\">&nbsp;</p>\r\n<p style=\"text-align: justify;\">C&oacute; thể việc quyết định kh&ocirc;ng mong đợi kết quả sẽ dẫn đến h&agrave;ng ng&agrave;n những thất bại nho nhỏ trong cuộc sống nhưng đồng thời n&oacute; sẽ dẫn bạn đến th&agrave;nh c&ocirc;ng lớn nhất trong cuộc đời.</p>\r\n<p style=\"text-align: justify;\">&nbsp;</p>\r\n<p style=\"text-align: justify;\">H&atilde;y dừng ngay việc cố gắng l&agrave;m bất cứ mọi điều chỉ để đạt được một mục ti&ecirc;u n&agrave;o đ&oacute;.</p>\r\n<p style=\"text-align: justify;\">&nbsp;</p>\r\n<p style=\"text-align: justify;\">(Theo Diệu Bảo/Tr&iacute; Thức Trẻ)</p>', 'vi'),
(32, 16, '3 important skills in life that no one teaches you', '3-important-skills-in-life-that-no-one-teaches-you', '', '', '', '<p>There are many things school does not teach you. But without them you will never succeed. Knowledge is only a part, new life skills are important.<br />The article is shared by author Mark Manson - an American blogger and entrepreneur. There are 3 life skills that Mark Manson considers to be extremely important skills in every person\'s life.</p>\r\n<p>Skill 1: Stop thinking about things that involve you</p>\r\n<p>An unwanted side-effect of consciousness lies in our brain is that everything we experience is related to us - somehow. Walking in the street, traffic jam. Last night\'s cable show got you bothered. The company has good growth momentum this year so you get more money.</p>\r\n<p>As a result, we tend to treat everything that happens to itself.</p>\r\n<p>But reality: Just because you experience something, just because something bother you does not mean it\'s relevant to you.</p>\r\n<p>This is really hard to do. Not only because it is tied to the structure of the brain and the body, but because of the things that are related to ourselves, it somehow makes us feel better in a short amount of time.</p>\r\n<p>It is great to think that the good things happening in life happen to you if you are a good person but the cost is you also have to take the bad experiences from the bad side in yourself you.</p>\r\n<p><br />In turn, you reach your self-esteem on a roller coaster, where your values ​​are lifted, lowered, experiencing highs and dizziness when you dive too fast. . When all is well, you consider yourself a gift from God to the earth and deserve to be recognized and acclaimed. But when things get worse, you become a victim of complacency, you think you have been treated unfairly and deserve to be given a better chance.</p>\r\n<p>The key here is the feeling of \"worthy\". It is this feeling that makes you an emotional vampire, a black hole that sucks the energy and love of those around you without any response.</p>\r\n<p>When someone criticizes you, refusing you, actually it\'s most relevant to yourself - their value, their priorities and their life situation - rather than the you. When you do wrong, it does not mean that you are a failure, you are simply a person with a failure in life.</p>\r\n<p>When something is extremely bad when you are so hurt that you believe everything is all your fault then remember that difficulty is a part of life and death is the cause of your mind. meaning for life and that suffering does not reflect any prejudice about ourselves and we all suffer from pain.</p>\r\n<p>Valuable or unworthy does not have anything to do with the sadness or joy we experience.</p>\r\n<p>Skill 2: Convincing and changing personal views</p>\r\n<p>Most people, when the faith is shaken, usually hold it as if it were a lifeboat on a sinking ship. The problem is that our beliefs are times of sinking ships.</p>\r\n<p>For most of us, trust is not just what we think is right, but also what makes one\'s identity unique. And being questioned by the faith means asking who we are, which is really hard to accept.</p>\r\n<p>Get people who do not believe in climate change as an example. Many of them are not stupid. They understand what science says, they understand the discussions about the problem. The problem is that not only have they decided that climate change is what they believe to be false but that denouncing climate change also shows who they are. And you know, once you go into the forbidden area, it\'s hard to get them out of this thought.</p>\r\n<p><br />Embracing trust is not just about science and politics, but it also affects the daily life.</p>\r\n<p>You will face many mistakes in life. And in many ways, the ability to succeed and learn in the long run directly proportional to the ability to change what you believe to meet your ignorance and mistakes.</p>\r\n<p>You may ask, \"How to do this?\"</p>\r\n<p>There is no way. It\'s all within your own brain. What you have to do is allow yourself to experience new perspectives and ask yourself \"Is this (against faith) right? What does that mean?\" Then consider the answer.</p>\r\n<p>At first it may be difficult, but the brain will not stop it, but over time you will be able to conquer this skill.</p>\r\n<p>Try this: Write 20 things you think you might be wrong today, both physically and mentally.</p>\r\n<p>The crux of the problem is the questioning myself - I\'m not the person who attracts me, I\'m still lazy, I do not know how to talk to others, I will never be happy The more emotions you have, the more you have to write those things and face them. When you reach the number 20, read again and again. Think about what\'s wrong, how it affects your life. This can be very scary. There are a lot of comments you do not even dare ask about it. But think this way: How can you be confident with your own beliefs if you never dare to challenge it, and never look at the back of your mind?</p>\r\n<p>Skill 3: How to act without expecting results</p>\r\n<p>In this life, almost everything has a near-obvious result attached to it. At school, you write essay because that\'s what the teacher asks. At home you clean the room because that is what will be rewarded. At work, you work as a boss because you will be paid. Because there is no uncertainty you should do it. But in life - real life - does not work according to that principle. When deciding to jump, no one will be sure the new job will work for you. When you decide to stick with someone, no one can be sure that the relationship will make you happy.And so the people shun the decision. We shun unwanted actions in advance. And with these \"impossible\" actions, our lives are repetitive and incredibly safe. Many people are engrossed in seeking answers from others but forget about it. That no one can decide what is right, what is wrong except themselves. Add to your life a little turmoil, a little chaos. That will stimulate your own development, change, passion and inspiration from the depths of your body. Develop the ability to work simply for no reason other than curiosity, enjoyment or is even bored. The ability to work without expecting results or praise ... will help you to be ready to make big decisions in your life. May be the decision to expect unexpected results will result in thousands of failures. It will also lead to the greatest success in life. Stop trying to do anything just to achieve a goal.</p>', 'en');
INSERT INTO `library_lang` (`id`, `library_id`, `title`, `slug`, `meta_description`, `meta_keywords`, `description`, `content`, `language`) VALUES
(33, 17, 'Quan sát, suy luận - hai kỹ năng bậc thầy của Sherlock Holmes và cách để có được chúng', 'quan-sat-suy-luan---hai-ky-nang-bac-thay-cua-sherlock-holmes-va-cach-de-co-duoc-chung', '', '', '', '<p>&nbsp;</p>\r\n<p style=\"text-align: center;\"><img src=\"http://eagleele.vn//source/Sherlock%20Holmes.jpg?1509327698101\" alt=\"\" width=\"540\" height=\"360\" /></p>\r\n<p>&nbsp;</p>\r\n<p>Những kỹ năng n&agrave;y kh&ocirc;ng nhất thiết phải d&ugrave;ng để l&agrave;m th&aacute;m tử, nhưng cũng cực kỳ cần thiết trong x&atilde; hội hiện đại.</p>\r\n<p>Sherlock Holmes l&agrave; một bậc thầy về 2 khả năng quan s&aacute;t v&agrave; suy luận. Nhờ vậy m&agrave; chỉ ngay từ lần đầu gặp mặt, &ocirc;ng đ&atilde; biết người đối diện l&agrave;m việc g&igrave;, sở th&iacute;ch v&agrave; th&oacute;i quen như thế n&agrave;o. Sự tinh tế ấy đ&atilde; g&oacute;p phần tạo n&ecirc;n một vị th&aacute;m tử đỉnh cao của văn học trinh th&aacute;m.</p>\r\n<p>&nbsp;</p>\r\n<p>Nhưng thực chất th&igrave; kh&ocirc;ng chỉ nghề th&aacute;m tử, m&agrave; bất kỳ lĩnh vực n&agrave;o cũng đ&ograve;i hỏi ch&uacute;ng ta &iacute;t nhiều kiểm so&aacute;t v&agrave; sử dụng được 2 kỹ năng n&agrave;y. Nếu sử dụng tốt, bạn ho&agrave;n to&agrave;n c&oacute; thể đi trước người kh&aacute;c một bước, dự đo&aacute;n được phản ứng của đối t&aacute;c v&agrave; đưa ra \"chiến thuật\" hợp l&yacute; để đem lại th&agrave;nh c&ocirc;ng cho bản th&acirc;n.</p>\r\n<p>&nbsp;</p>\r\n<p>Vậy l&agrave;m thế n&agrave;o để sở hữu được 2 kỹ năng n&agrave;y? Dưới đ&acirc;y ch&iacute;nh l&agrave; b&iacute; k&iacute;p.</p>\r\n<p>&nbsp;</p>\r\n<p><strong>1. Đ</strong><strong>ừng qu&aacute; để &yacute; đến bản th&acirc;n</strong></p>\r\n<p>&nbsp;</p>\r\n<p>C&oacute; rất nhiều người thường xuy&ecirc;n d&agrave;nh cả ng&agrave;y để nghĩ xem họ tr&ocirc;ng như thế n&agrave;o, hay sẽ thế n&agrave;o nếu tiến đến v&agrave; bắt chuyện với một ai đ&oacute;.</p>\r\n<p>&nbsp;</p>\r\n<p>Trong trường hợp bạn cũng c&oacute; suy nghĩ như tr&ecirc;n th&igrave; h&atilde;y từ bỏ ngay lập tức, v&igrave; bạn đang nh&igrave;n nhận thế giới theo quan điểm của bản th&acirc;n, m&agrave; như vậy th&igrave; chẳng gi&uacute;p &iacute;ch g&igrave; cho khả năng quan s&aacute;t của bạn cả.</p>\r\n<p>&nbsp;</p>\r\n<p>Thay v&agrave;o đ&oacute;, h&atilde;y tận dụng thời gian v&agrave; năng lượng của m&igrave;nh để tập trung v&agrave;o những thứ hiện hữu xung quanh. Đ&ocirc;i khi dừng lại v&agrave; \"tận hưởng\" những g&igrave; xảy ra, bạn sẽ nh&igrave;n thấy những điều mới mẻ m&agrave; b&igrave;nh thường kh&ocirc;ng thể.</p>\r\n<p>&nbsp;</p>\r\n<p>Sống chậm lại cũng l&agrave; c&aacute;ch để bạn cải thiện khả năng quan s&aacute;t đ&oacute;</p>\r\n<p>&nbsp;</p>\r\n<p><strong>2. Ph&acirc;n t&iacute;ch v&agrave; ch&uacute; &yacute; những sự thay đổi.</strong></p>\r\n<p>&nbsp;</p>\r\n<p>Trong một v&agrave;i trường hợp, mọi chuyện xảy ra kh&ocirc;ng giống theo c&aacute;ch m&agrave; mọi người xung quanh nh&igrave;n nhận, v&igrave; vậy lu&ocirc;n sẵn s&agrave;ng để đặt c&acirc;u hỏi, cũng như thận trọng với bất cứ điều g&igrave; bạn gặp phải.</p>\r\n<p>&nbsp;</p>\r\n<p>Việc l&agrave;m n&agrave;y sẽ gi&uacute;p bạn nhận ra những sự thay đổi d&ugrave; l&agrave; nhỏ nhất. Ch&uacute;ng đều l&agrave; manh mối, để rồi qua đ&oacute; g&oacute;p phần to lớn hơn, n&acirc;ng cao được khả năng suy luận v&agrave; ph&acirc;n t&iacute;ch vấn đề.</p>\r\n<p>&nbsp;</p>\r\n<p><strong>3. Loại trừ để thu hẹp phạm vi t&igrave;m kiếm</strong></p>\r\n<p>&nbsp;</p>\r\n<p>Cũng như một b&agrave;i to&aacute;n, sẽ c&oacute; những th&ocirc;ng tin \"g&acirc;y nhiễu\" tồn tại trong mọi vấn đề đ&ograve;i hỏi đến sự suy luận. Nhiệm vụ của bạn l&agrave; thu hẹp ch&uacute;ng, để t&igrave;m ra một đ&aacute;p &aacute;n ch&iacute;nh x&aacute;c nhất.</p>\r\n<p>&nbsp;</p>\r\n<p>Sherlock Holmes cũng từng n&oacute;i: \"Một khi bạn đ&atilde; loại bỏ những điều kh&ocirc;ng thể, th&igrave; bất cứ điều g&igrave; đang xảy ra, d&ugrave; v&ocirc; l&yacute; đến đ&acirc;u, cũng l&agrave; sự thật\".</p>\r\n<p>&nbsp;</p>\r\n<p>V&igrave; thế bất cứ khi n&agrave;o đứng trước kh&oacute; khăn, bạn h&atilde;y nhớ việc đầu ti&ecirc;n ch&iacute;nh l&agrave; cố gắng thu hẹp phạm vi của n&oacute; nhiều nhất c&oacute; thể nh&eacute;.</p>\r\n<p>&nbsp;</p>\r\n<p><strong>4. Li&ecirc;n kết những điều m&agrave; bạn thấy v&agrave; bạn biết</strong></p>\r\n<p>&nbsp;</p>\r\n<p>Khi bạn đ&atilde; quen với việc quan s&aacute;t m&agrave; chẳng tốn qu&aacute; nhiều c&ocirc;ng sức, h&atilde;y học c&aacute;ch kết nối to&agrave;n bộ những th&ocirc;ng tin m&agrave; m&igrave;nh thu thập được. Bạn c&oacute; thể suy luận ngược lại vấn đề, để qua đ&oacute; nh&igrave;n mọi chuyện bằng một bức tranh đủ đầy hơn.</p>\r\n<p>&nbsp;</p>\r\n<p><strong>5. Ghi ch&eacute;p để nhớ dễ hơn</strong></p>\r\n<p>&nbsp;</p>\r\n<p>D&ugrave; c&oacute; một bộ &oacute;c thi&ecirc;n t&agrave;i, nhưng Sherlock Holmes vẫn lu&ocirc;n tự m&igrave;nh ghi ch&eacute;p lại mọi thứ - manh mối, bằng chứng, suy luận...</p>\r\n<p>&nbsp;</p>\r\n<p>Với ch&uacute;ng ta, c&oacute; thể bạn chẳng mơ cao l&agrave;m th&aacute;m tử, nhưng c&aacute;c kỹ năng n&agrave;y l&agrave; v&ocirc; c&ugrave;ng cần thiết với bất kỳ ng&agrave;nh khoa học n&agrave;o.</p>\r\n<p>&nbsp;</p>\r\n<p>Việc ghi ch&eacute;p gọn g&agrave;ng lại gi&uacute;p bạn ghi nhớ tốt hơn, v&agrave; cũng tr&aacute;nh được trường hợp qu&ecirc;n mất lập luận của m&igrave;nh.</p>\r\n<p>&nbsp;</p>\r\n<p>(Theo Việt Nguyễn/Tr&iacute; Thức Trẻ)</p>', 'vi'),
(34, 17, 'Observation, inference - the two master skills of Sherlock Holmes and how to get them', 'observation-inference---the-two-master-skills-of-sherlock-holmes-and-how-to-get-them', '', '', '', '<p>These skills are not necessarily used as detective, but are also essential in modern society.</p>\r\n<p>Sherlock Holmes is a master of two possibilities of observation and reasoning. Thus, only from the first meeting, he knew what the opposite person doing, hobbies and habits like. That subtlety contributed to the creation of a top detective of detective literature.</p>\r\n<p>&nbsp;</p>\r\n<p>But it\'s not just the detective business, but any field that requires us to control and use these two skills. If you use it well, you can go ahead one step ahead, anticipate the reaction of the partner and give the \"tactics\" to bring success to yourself.</p>\r\n<p>&nbsp;</p>\r\n<p>So how to get these two skills? Here is the secret.</p>\r\n<p>&nbsp;</p>\r\n<p>1. Do not be too self-conscious</p>\r\n<p>&nbsp;</p>\r\n<p>There are a lot of people who spend all day thinking about what they look like, or what they will come up with and talking to someone.</p>\r\n<p>&nbsp;</p>\r\n<p>In case you have the same thoughts then give up immediately because you are seeing the world from your own perspective, which will not help your ability to observe.</p>\r\n<p>&nbsp;</p>\r\n<p>Instead, use your time and energy to focus on the things that are around you. Sometimes stop and \"enjoy\" what happens, you will see new things that normal can not.</p>\r\n<p>&nbsp;</p>\r\n<p>Slowing down is also a way for you to improve that observation</p>\r\n<p>&nbsp;</p>\r\n<p>2. Analyze and pay attention to the changes.</p>\r\n<p>&nbsp;</p>\r\n<p>In some cases, things do not look like the way people around them, so be ready to ask questions, as well as be cautious of anything you encounter.</p>\r\n<p>&nbsp;</p>\r\n<p>This will help you to recognize even the smallest changes. They are all clues, so that they contribute to the greater, enhance the ability to reason and analyze the problem.</p>\r\n<p>&nbsp;</p>\r\n<p>3. Exclusions to narrow down the search</p>\r\n<p>&nbsp;</p>\r\n<p>Just as a math problem, there will be \"jamming\" information that exists in every problem that requires reasoning. Your task is to narrow them down, to find the most accurate answer.</p>\r\n<p>&nbsp;</p>\r\n<p>Sherlock Holmes also said: \"Once you have eliminated the impossible, anything that is happening, no matter how ridiculous, is the truth.\"</p>\r\n<p>&nbsp;</p>\r\n<p>So whenever you are facing difficulties, remember to first try to narrow the scope of it as much as possible.</p>\r\n<p>&nbsp;</p>\r\n<p>4. Link what you see and you know</p>\r\n<p>&nbsp;</p>\r\n<p>When you are accustomed to watching without much effort, learn to connect all the information you collect. You can infer the problem, to see everything through a picture full of more.</p>\r\n<p>&nbsp;</p>\r\n<p>5. Make notes easier to remember</p>\r\n<p>&nbsp;</p>\r\n<p>Despite a genius mind, Sherlock Holmes has always kept a record of everything - clues, evidence, reasoning ...</p>\r\n<p>&nbsp;</p>\r\n<p>For us, you may not dream of being a detective, but these skills are very necessary for any science.</p>\r\n<p>&nbsp;</p>\r\n<p>Tidy writing helps you remember better, and also avoids the case of forgetting your arguments.</p>', 'en'),
(35, 18, 'Steve Jobs cứu cả đế chế Nike chỉ bằng một câu nói có vẻ \"tào lao\" nhưng lại rất thâm thúy', 'steve-jobs-cuu-ca-de-che-nike-chi-bang-mot-cau-noi-co-ve-tao-lao-nhung-lai-rat-tham-thuy', '', '', '', '<p>&nbsp;</p>\r\n<p style=\"text-align: center;\"><img src=\"http://eagleele.vn//source/Steve%20Jobs%20story.jpg?1509328796626\" alt=\"\" width=\"555\" height=\"341\" /></p>\r\n<p>&nbsp;</p>\r\n<p style=\"text-align: justify;\">Cố gắng theo đuổi mọi cơ hội kh&ocirc;ng c&oacute; nghĩa l&agrave; sẽ đi nhanh hơn. Giống như ch&uacute;ng ta x&acirc;y nh&agrave; vậy, chẳng thể n&agrave;o x&acirc;y c&ugrave;ng l&uacute;c nhiều tầng m&agrave; chỉ c&oacute; x&acirc;y m&oacute;ng vững chắc mới c&oacute; cơ hội ph&aacute;t triển l&ecirc;n m&agrave; th&ocirc;i.</p>\r\n<p style=\"text-align: justify;\">Mỗi c&ocirc;ng ty d&ugrave; lớn hay b&eacute; đều c&oacute; những l&uacute;c thăng trầm trong lịch sử. Mặc d&ugrave; cả Nike v&agrave; Apple đều l&agrave; những c&ocirc;ng ty h&agrave;ng ở thời điểm hiện tại, nhưng họ cũng đ&atilde; c&oacute; những khoảng thời gian đen tối. V&agrave; &iacute;t ai biết rằng ch&iacute;nh Steve Jobs l&agrave; người đ&atilde; g&oacute;p c&ocirc;ng rất lớn trong việc vực dậy 2 tập đo&agrave;n n&agrave;y.</p>\r\n<p style=\"text-align: justify;\">&nbsp;</p>\r\n<p style=\"text-align: justify;\">Theo đ&oacute;, v&agrave;o năm 2006, Mark Parker ch&iacute;nh thức trở th&agrave;nh CEO của Nike. Ngay lập tức, &ocirc;ng gọi điện cho Steve Jobs để xin một v&agrave;i lời khuy&ecirc;n về c&ocirc;ng việc kinh doanh.</p>\r\n<p style=\"text-align: justify;\">&nbsp;</p>\r\n<p style=\"text-align: justify;\">Thời điểm đ&oacute; đang l&agrave; một bước chuyển m&igrave;nh của c&ocirc;ng nghệ, khi c&aacute;c thiết bị kĩ thuật số được Nike nghi&ecirc;n cứu đưa v&agrave;o c&aacute;c h&agrave;ng ng&agrave;n sản phẩm. Tuy nhi&ecirc;n, Steve Jobs đ&atilde; nhận ra được vấn đề đối với Nike:</p>\r\n<p style=\"text-align: justify;\">&nbsp;</p>\r\n<p style=\"text-align: justify;\">\"Nike tạo ra những sản phẩm tốt nhất thế giới, những sản phẩm thực sự hấp dẫn. Nhưng b&ecirc;n cạnh đ&oacute;, c&aacute;c cậu cũng l&agrave;m ra nhiều thứ&hellip; t&agrave;o lao. H&atilde;y dẹp những thứ đ&oacute; đi, tập trung v&agrave;o những c&aacute;i tốt nhất ấy\".</p>\r\n<p style=\"text-align: justify;\">&nbsp;</p>\r\n<p style=\"text-align: justify;\">\"&Ocirc;ng ấy ho&agrave;n to&agrave;n đ&uacute;ng. Ch&uacute;ng t&ocirc;i phải sửa đổi th&ocirc;i\", Parker thốt l&ecirc;n.</p>\r\n<p style=\"text-align: justify;\">&nbsp;</p>\r\n<p style=\"text-align: justify;\">Ngay lập tức, thay v&igrave; cứ lao theo những d&ograve;ng sản phẩm mới, Nike đ&atilde; quyết định hợp t&aacute;c với Apple v&agrave; theo đuổi những thứ họ đang l&agrave;m tốt nhất. Từ đ&oacute;, Nike+ đ&atilde; ra đời v&agrave; trở th&agrave;nh một trong những chiến dịch th&agrave;nh c&ocirc;ng nhất của họ.</p>\r\n<p style=\"text-align: justify;\">&nbsp;</p>\r\n<p style=\"text-align: justify;\">Kh&ocirc;ng ri&ecirc;ng g&igrave; Nike, Apple cũng từng gặp phải ho&agrave;n cảnh tương tự năm 1997. Khi Apple rơi v&agrave;o khủng hoảng, Steve Jobs ngay lập tức ra chỉ thị: ngưng kinh doanh gần 70% sản phẩm. Kết quả l&agrave; Apple hồi sinh, từ thua lỗ 1,04 tỉ USD đến đạt 309 triệu USD lợi nhuận.</p>\r\n<p style=\"text-align: justify;\">&nbsp;</p>\r\n<p style=\"text-align: justify;\">L&yacute; do l&agrave; bởi Apple đ&atilde; bị ph&acirc;n t&aacute;n bởi qu&aacute; nhiều cơ hội trước mắt. Nắm bắt cơ hội đồng nghĩa Apple phải ti&ecirc;u tốn th&ecirc;m tiền bạc, thời gian v&agrave; cả năng lượng nữa. Điều n&agrave;y khiến c&ocirc;ng ty c&oacute; trụ sở tại Cupertino trở n&ecirc;n kiệt sức khi theo đuổi tất cả cơ hội ph&iacute;a trước.</p>\r\n<p style=\"text-align: justify;\">&nbsp;</p>\r\n<p style=\"text-align: justify;\">&nbsp;</p>\r\n<p style=\"text-align: justify;\">B&agrave;i học ở đ&acirc;y: tại sao kh&ocirc;ng tập trung v&agrave;o chỉ một điều m&igrave;nh đang th&agrave;nh c&ocirc;ng nhất?</p>\r\n<p style=\"text-align: justify;\">&nbsp;</p>\r\n<p style=\"text-align: justify;\">X&atilde; hội g&acirc;y cho ch&uacute;ng ta &aacute;p lực. Do đ&oacute;, ta buộc phải đuổi theo hầu hết những cơ hội hiện c&oacute;, nếu kh&ocirc;ng muốn tụt hậu.</p>\r\n<p style=\"text-align: justify;\">&nbsp;</p>\r\n<p style=\"text-align: justify;\">...V&igrave; ch&uacute;ng ta sợ c&oacute; người kh&aacute;c cướp mất ch&uacute;ng.</p>\r\n<p style=\"text-align: justify;\">&nbsp;</p>\r\n<p style=\"text-align: justify;\">Nhưng nếu, ch&uacute;ng ta thực sự muốn l&agrave;m một điều g&igrave; đ&oacute; vĩ đại, ch&uacute;ng ta phải học c&aacute;ch nắm bắt cơ hội \"c&oacute; chọn lọc\". Đổi lại l&agrave; sự tập trung to&agrave;n lực m&agrave; ta cần.</p>\r\n<p style=\"text-align: justify;\">&nbsp;</p>\r\n<p style=\"text-align: justify;\">Thời đại Internet ph&aacute;t triển rộng khắp, xoay quanh ch&uacute;ng ta l&agrave; h&agrave;ng t&aacute; những lựa chọn v&agrave; th&ocirc;ng tin. Trong khi đ&oacute;, tất cả những g&igrave; ch&uacute;ng ta mong muốn chỉ l&agrave; điều giản đơn. Một khi hiểu được th&ocirc;ng điệp đơn giản n&agrave;y, ch&uacute;ng ta c&oacute; thể đứng ngo&agrave;i v&ograve;ng xo&aacute;y th&ocirc;ng tin kia.</p>\r\n<p style=\"text-align: justify;\">&nbsp;</p>\r\n<p style=\"text-align: justify;\">Apple thời Steve Jobs mất tới 3 năm chỉ để b&aacute;n một sản phẩm duy nhất l&agrave; m&aacute;y t&iacute;nh Apple 1. Sau khi sản phẩm n&agrave;y tạo được dấu &acirc;n với người d&ugrave;ng, nh&agrave; T&aacute;o mới bắt đầu tiến l&ecirc;n c&aacute;i mới.</p>\r\n<p style=\"text-align: justify;\">&nbsp;</p>\r\n<p style=\"text-align: justify;\">Tạo dựng một điều g&igrave; đ&oacute; trở th&agrave;nh xuất sắc l&agrave; điều hiếm thấy. Nhưng thế giới lu&ocirc;n ưu &aacute;i sự hiếm thấy. V&agrave; trong thực tế, khi muốn t&igrave;m giải ph&aacute;p tốt nhất cho một vấn đề, ch&uacute;ng ta n&ecirc;n tập trung v&agrave;o đ&oacute;, thay v&igrave; d&agrave;n trải qu&aacute; nhiều hướng để rồi chẳng đi đến đ&acirc;u.</p>\r\n<p style=\"text-align: justify;\">&nbsp;</p>\r\n<p style=\"text-align: justify;\">Ngo&agrave;i ra, h&atilde;y lu&ocirc;n giữ cho đầu &oacute;c lu&ocirc;n tỉnh t&aacute;o v&agrave; kh&ocirc;ng bị dao động bởi những yếu tố b&ecirc;n ngo&agrave;i. Bởi lẽ việc ch&uacute;ng ta bị cuốn theo cơ hội mới l&agrave; điều kh&ocirc;ng tr&aacute;nh khỏi, nhưng h&atilde;y x&aacute;c định được c&aacute;i g&igrave; cũng n&ecirc;n bắt đầu từ những thứ nhỏ nhất v&agrave; ph&aacute;t triển l&ecirc;n từ từ.</p>\r\n<p style=\"text-align: justify;\">&nbsp;</p>\r\n<p style=\"text-align: justify;\">Giống như ch&uacute;ng ta x&acirc;y nh&agrave; vậy, chẳng thể n&agrave;o x&acirc;y c&ugrave;ng l&uacute;c nhiều tầng m&agrave; chỉ c&oacute; x&acirc;y m&oacute;ng vững chắc mới c&oacute; cơ hội ph&aacute;t triển l&ecirc;n m&agrave; th&ocirc;i.</p>\r\n<p style=\"text-align: justify;\">&nbsp;</p>\r\n<p style=\"text-align: justify;\">(Theo Ho&agrave;ng Yến/Tr&iacute; Thức Trẻ)</p>', 'vi'),
(36, 18, 'Steve Jobs saved the whole Nike empire with just a \"crap\" saying but very profound', 'steve-jobs-saved-the-whole-nike-empire-with-just-a-crap-saying-but-very-profound', '', '', '', '<p>Trying to pursue every opportunity does not mean going faster. Just as we build houses, it is not possible to build multiple floors at the same time but only to build strong foundation will have the opportunity to grow up.<br />Every company, big or small, has ups and downs in history. Although both Nike and Apple are presently in the company, they have had dark times. And few know that it was Steve Jobs who contributed greatly to the recovery of these two groups.</p>\r\n<p>Accordingly, in 2006, Mark Parker officially became the CEO of Nike. Immediately, he called Steve Jobs to ask for some business advice.</p>\r\n<p>That time was a turnaround in technology, as digital devices were researched into thousands of products by Nike. However, Steve Jobs has recognized the problem with Nike:</p>\r\n<p>\"Nike creates the best products in the world, products that are really appealing, but besides, you guys make a lot of stuff ... crap out there, focus on the best. that \".</p>\r\n<p>\"He was right, we had to change,\" Parker said.</p>\r\n<p>Immediately, instead of going on new product lines, Nike decided to partner with Apple and pursue what they are doing best. Since then, Nike + has emerged as one of their most successful campaigns.</p>\r\n<p>Not only Nike, Apple also encountered the same situation in 1997. When Apple fell into crisis, Steve Jobs immediately instructed: stopped nearly 70% of the product. As a result, Apple has recovered from a loss of $ 1.04 billion to $ 309 million in profits.</p>\r\n<p>The reason is because Apple has been scattered by too many opportunities ahead. Taking the opportunity means that Apple must spend more money, time and energy. This made the Cupertino-based company become exhausted by pursuing all the opportunities ahead.</p>\r\n<p><br />The lesson here: why not focus on just one thing you are most successful?</p>\r\n<p>Society causes us pressure. Therefore, we must pursue most of the existing opportunities, if we do not want to lag.</p>\r\n<p>... because we are afraid that others have stolen them.</p>\r\n<p>But if we really want to do something great, we must learn to grasp the opportunity \"selectively.\" In return is the full concentration we need.</p>\r\n<p>The Internet is growing in popularity, and we are surrounded by dozens of choices and information. In the meantime, all we want is just plain simple. Once we understand this simple message, we can stay out of the whirlwind of that information.</p>\r\n<p>Apple Jobs took three years to sell a single product is the Apple computer 1. After this product to create a good sign with the user, Apple\'s new start moving to the new.</p>\r\n<p>Creating something that is excellent is rare. But the world always favors the rare. And in fact, when looking for the best solution to a problem, we should focus on that, instead of spreading out so many directions that it does not go anywhere.</p>\r\n<p>Also, keep your mind awake and not be disturbed by external factors. It is inevitable that we will be drawn to new opportunities, but let\'s find out what should begin with the smallest things and grow slowly.</p>\r\n<p>Just as we build houses, it is not possible to build multiple floors at the same time but only to build strong foundation will have the opportunity to grow up.</p>', 'en'),
(37, 19, 'Phong cách lãnh đạo khác người của Richard Branson', 'phong-cach-lanh-dao-khac-nguoi-cua-richard-branson', '', '', '', '<p style=\"text-align: justify;\">&nbsp;</p>\r\n<p style=\"text-align: center;\"><img src=\"http://eagleele.vn//source/Richard%20Branson%20style.jpg?1509329473768\" alt=\"Richard Branson style\" width=\"551\" height=\"289\" /></p>\r\n<p style=\"text-align: justify;\">&nbsp;</p>\r\n<p style=\"text-align: justify;\">Th&iacute;ch ph&aacute; vỡ luật lệ, tuyển nh&acirc;n vi&ecirc;n cứng đầu v&agrave; c&oacute; nhiều kinh nghiệm trong cuộc sống... tỷ ph&uacute; đ&atilde; tạo ra phong c&aacute;ch kh&aacute;c người trong hoạt động điều h&agrave;nh Virgin.</p>\r\n<p style=\"text-align: justify;\">&nbsp;</p>\r\n<p style=\"text-align: justify;\">Trong một lần trả lời Forbes, Richard Branson tự nhận bản th&acirc;n l&agrave; một người hay ph&aacute; vỡ những quy tắc, bởi theo &ocirc;ng thay đổi luật chơi ch&iacute;nh l&agrave; gi&aacute; trị cốt l&otilde;i của Tập đo&agrave;n Virgin. Mặc d&ugrave; thăm d&ograve; đối thủ cạnh tranh l&agrave; phương ph&aacute;p thường thấy trong giới kinh doanh, song &ocirc;ng kh&ocirc;ng &aacute;p dụng điều đ&oacute; đối với Virgin. Branson khẳng định rất nhiều những dịch vụ v&agrave; sản phẩm của&nbsp; tập đo&agrave;n mang lại đều dựa v&agrave;o việc lắng nghe thị trường v&agrave; t&igrave;m điểm m&agrave; thị trường đang thiếu hụt.</p>\r\n<p style=\"text-align: justify;\">&nbsp;</p>\r\n<p style=\"text-align: justify;\">Khi chia sẻ với BBC, hồi giữa th&aacute;ng 7/2015, &ocirc;ng thừa nhận nếu m&igrave;nh l&agrave; một nh&acirc;n vi&ecirc;n th&igrave; những nh&agrave; quản l&yacute; sẽ gặp kh&oacute; khăn khi chỉ đạo &ocirc;ng phải l&agrave;m g&igrave;.&nbsp; &ldquo;Giả sử&nbsp; họ kh&ocirc;ng giảng h&ograve;a tốt với t&ocirc;i, t&ocirc;i sẽ bỏ việc v&agrave; lập một c&ocirc;ng ty mới&rdquo; &ndash; &ocirc;ng khẳng định với BBC. &Ocirc;ng muốn mọi c&ocirc;ng ty cần phải tuyển những nh&acirc;n vi&ecirc;n gi&agrave;u s&aacute;ng tạo, biết ph&aacute; vỡ quy tắc v&agrave;... cứng đầu giống m&igrave;nh.</p>\r\n<p style=\"text-align: justify;\">&nbsp;</p>\r\n<p style=\"text-align: justify;\"><strong>Kh&aacute;c biệt trong tuyển l&atilde;nh đạo</strong></p>\r\n<p style=\"text-align: justify;\">&nbsp;</p>\r\n<p style=\"text-align: justify;\">Phương thức tuyển c&aacute;n bộ quản l&yacute; của Branson cũng kh&aacute;c lạ. Branson lu&ocirc;n đặt t&iacute;nh c&aacute;ch l&ecirc;n tr&ecirc;n những bản l&yacute; lịch tr&iacute;ch ngang. Một người c&oacute; nhiều bằng cấp chuy&ecirc;n m&ocirc;n, đối với &ocirc;ng, kh&ocirc;ng phải bao giờ cũng tốt hơn một người c&oacute; nhiều trải nghiệm phong ph&uacute; v&agrave; t&iacute;nh c&aacute;ch hấp dẫn. L&agrave; một tấm gương l&atilde;nh đạo cho nh&acirc;n vi&ecirc;n học tập, &ocirc;ng c&oacute; một cuộc sống đầy m&agrave;u sắc.</p>\r\n<p style=\"text-align: justify;\">&nbsp;</p>\r\n<p style=\"text-align: justify;\">Thời thiếu ni&ecirc;n &ocirc;ng ra mắt tạp ch&iacute; đặt t&ecirc;n l&agrave; Student (học sinh) v&agrave; xuất bản ấn phẩm đầu ti&ecirc;n cuối năm 1968. Năm 1987, &ocirc;ng trở th&agrave;nh người đầu ti&ecirc;n chinh phục Th&aacute;i B&igrave;nh Dương bằng khinh khi cầu, v&agrave; lặp lại kỷ lục n&agrave;y v&agrave;o năm 1991. Để kh&aacute;m ph&aacute; đại dương, du h&agrave;nh vũ trụ, &ocirc;ng th&agrave;nh lập Virgin Oceanic v&agrave; bắt đầu khai th&aacute;c dịch vụ du lịch vũ trụ v&agrave;o m&ugrave;a thu năm nay.</p>\r\n<p style=\"text-align: justify;\">&nbsp;</p>\r\n<p style=\"text-align: justify;\"><strong>Vừa gần gũi vừa giữ khoảng c&aacute;ch với nh&acirc;n vi&ecirc;n</strong></p>\r\n<p style=\"text-align: justify;\">&nbsp;</p>\r\n<p style=\"text-align: justify;\">Branson c&oacute; phong c&aacute;ch l&atilde;nh đạo rất gần gũi với nh&acirc;n vi&ecirc;n. Khi so s&aacute;nh m&igrave;nh với cố Gi&aacute;m đốc điều h&agrave;nh tập đo&agrave;n Apple - Steve Jobs, &ocirc;ng cho rằng cả hai đều đ&atilde; học hỏi được một b&agrave;i học chung, đ&oacute; l&agrave; kh&ocirc;ng n&ecirc;n tự m&igrave;nh l&atilde;nh đạo c&ocirc;ng ty từ một nơi xa x&ocirc;i n&agrave;o đ&oacute;. Sải bước c&ugrave;ng nh&acirc;n vi&ecirc;n, t&igrave;m hiểu đời sống của họ, Branson hiểu r&otilde; kh&ocirc;ng một ai được độc quyền sở hữu những &yacute; tưởng hay những lời khuy&ecirc;n tuyệt vời, người l&atilde;nh đạo cần phải lu&ocirc;n lu&ocirc;n biết lắng nghe v&agrave; ghi nhận những g&igrave; tiếp thụ được.</p>\r\n<p style=\"text-align: justify;\">&nbsp;</p>\r\n<p style=\"text-align: justify;\">Branson biết gần gũi nh&acirc;n vi&ecirc;n, song cũng lu&ocirc;n tạo một khoảng c&aacute;ch nhất định với họ. Theo &ocirc;ng khoảng c&aacute;ch đ&oacute; cho ph&eacute;p họ c&oacute; được sự tự do để s&aacute;ng tạo, đ&acirc;y ch&iacute;nh l&agrave; nghệ thuật giao việc cho nh&acirc;n vi&ecirc;n. Khi Branson th&agrave;nh lập c&ocirc;ng ty thu đĩa Virgin Records, &ocirc;ng tuy&ecirc;n bố sẽ t&aacute;ch biệt với c&ocirc;ng ty bằng c&aacute;ch chuyển đi sống tr&ecirc;n một chiếc nh&agrave; - thuyền.</p>\r\n<p style=\"text-align: justify;\">&nbsp;</p>\r\n<p style=\"text-align: justify;\"><strong>Suồng s&atilde; v&agrave; th&acirc;n thiện với b&aacute;o ch&iacute;</strong></p>\r\n<p style=\"text-align: justify;\">&nbsp;</p>\r\n<p style=\"text-align: justify;\">Branson nổi tiếng với phong c&aacute;ch suồng s&atilde; v&agrave; lối tư duy kh&ocirc;ng theo truyền thống. Điều n&agrave;y thể hiện qua việc &ocirc;ng quảng b&aacute; Virgin nhờ v&agrave;o hiệu ứng h&agrave;o quang từ thương hiệu c&aacute; nh&acirc;n m&agrave; kh&ocirc;ng lạm dụng đầu tư qu&aacute; nhiều tiền v&agrave;o hoạt động quảng c&aacute;o truyền thống. &Ocirc;ng tự biến m&igrave;nh trở th&agrave;nh một biểu tượng sinh động của Virgin v&agrave; lu&ocirc;n d&agrave;nh sự lắng nghe, quan t&acirc;m ch&uacute; &yacute; tới b&aacute;o giới.</p>\r\n<p style=\"text-align: justify;\">&nbsp;</p>\r\n<p style=\"text-align: justify;\">Trong lần quảng b&aacute; h&atilde;ng h&agrave;ng kh&ocirc;ng Virgin Atlantic năm 1984, &ocirc;ng xuất hiện ở ph&ograve;ng họp b&aacute;o trong trang phục của một phi c&ocirc;ng với mũ da n&acirc;u v&agrave; k&iacute;nh bảo vệ mắt to bản. Lần kh&aacute;c, năm 2007, &ocirc;ng nhảy từ tầng thượng của s&ograve;ng bạc Palms ở Las Vegas để kỷ niệm lễ khai trương Virgin America. Năm 2012, &ocirc;ng h&oacute;a trang v&agrave; nhảy c&ugrave;ng c&aacute;c nghệ sĩ m&uacute;a tại Mumbai (Ấn Độ) khi khai trương dịch vụ bay mới của Virgin tại th&agrave;nh phố n&agrave;y. B&aacute;o ch&iacute; phản ứng t&iacute;ch cực từ phong c&aacute;ch n&agrave;y, c&ograve;n Branson hưởng lợi từ việc tiết kiệm rất nhiều tiền quảng c&aacute;o cho c&ocirc;ng ty.</p>\r\n<p style=\"text-align: justify;\">&nbsp;</p>\r\n<p style=\"text-align: justify;\"><strong>Kh&ocirc;ng bị tiền bạc hấp dẫn</strong></p>\r\n<p style=\"text-align: justify;\">&nbsp;</p>\r\n<p style=\"text-align: justify;\">Vị tỷ ph&uacute; người Anh kh&ocirc;ng bị hấp dẫn bởi tiền bạc. T&agrave;i ch&iacute;nh c&oacute; thể l&agrave; thước đo của sự th&agrave;nh c&ocirc;ng, nhưng đối với &ocirc;ng, thử th&aacute;ch khi chinh phục mới l&agrave; sự th&uacute; vị. Những nh&acirc;n vi&ecirc;n của Virgin thường được trả &iacute;t tiền hơn so với mặt bằng chung của thị trường, nhưng họ rất vui vẻ cống hiến. Bởi v&igrave; tập đo&agrave;n Virgin được Branson dựng l&ecirc;n với triết l&yacute; &ldquo;Một c&ocirc;ng ty cần phải giống như một gia đ&igrave;nh, nơi m&agrave; mọi th&agrave;nh vi&ecirc;n c&ugrave;ng đạt được th&agrave;nh c&ocirc;ng, c&ugrave;ng trưởng th&agrave;nh v&agrave; c&ugrave;ng chia sẻ hạnh ph&uacute;c&rdquo;.</p>\r\n<p style=\"text-align: justify;\">&nbsp;</p>\r\n<p style=\"text-align: justify;\">(Theo Đức Anh/VnExpress)</p>', 'vi'),
(38, 19, 'Richard Branson\'s special leadership style', 'richard-bransons-special-leadership-style', '', '', '', '<p>Love breaking rules, recruiting stubborn and experienced employees in life ... billionaire has created another style of person in the Virgin operating.</p>\r\n<p>In a response to Forbes, Richard Branson identified himself as a breaker of rules, as he changed the rules of play is the core values ​​of the Virgin Group. Although exploring a competitor is a common practice in the business world, he does not apply that to Virgin. Branson asserts that many of the company\'s services and products are based on listening to the market and finding out where the market is lacking.</p>\r\n<p>When he shared with the BBC in mid-July 2015, he acknowledged that if he was an employee, managers would have difficulty steering him. \"Assuming they do not work well with me, I\'ll quit and start a new company,\" he told the BBC. He wanted every company to recruit innovative employees, break the rules and ... stubbornly like themselves.</p>\r\n<p>Difference in leadership</p>\r\n<p>Branson\'s management recruitment method is also different. Branson always put personality on the resume. A person with many professional qualifications, for him, is not always better than a person with rich experience and attractive personality. As a leader for academic staff, he has a colorful life.</p>\r\n<p>In his youth, he launched the magazine Student and published his first publication in late 1968. In 1987, he became the first to conquer the Pacific by despair, and repeatedly in 1991. To explore the ocean, travel the cosmos, he founded Virgin Oceanic and began exploring space travel services in the fall of this year.</p>\r\n<p>Stay close to keeping distance with staff</p>\r\n<p>Branson\'s style of leadership is very close to the staff. When comparing himself with the late Apple CEO Steve Jobs, he said that they both learned a common lesson, not to lead the company from a distant place. Struggling with the staff, exploring their lives, Branson understands that no one has the exclusive right to own great ideas or tips, the leader needs to always listen and note what\'s next. obtainable.</p>\r\n<p>Branson knows close to employees, but always creates a certain distance with them. According to him, that distance allows them the freedom to create, this is the art of delivering work to employees. When Branson founded Virgin Records, he announced he would be separated from the company by moving to a house-boat.</p>\r\n<p>Friendly and friendly with the press</p>\r\n<p>Branson is famous for its casual style and unconventional way of thinking. This is evident through his promotion of Virgin thanks to the auspicious effect of personal branding without over-investing in traditional advertising. He turned himself into a vivid symbol of the Virgin and always devoted his attention, attention to the press.</p>\r\n<p>In 1984, he appeared at the press conference in a pilot\'s suit with brown leather caps and eyeglasses. Another time, in 2007, he jumped from the rooftop of Palms Casino in Las Vegas to celebrate the inauguration of Virgin America. In 2012, he dressed up and danced with dancers in Mumbai (India) when he launched his new Virgin service in the city. The media reacted positively to this style, while Branson benefited from saving a lot of advertising money for the company.</p>\r\n<p>No money is attractive</p>\r\n<p>The British billionaire is not attracted by money. Finance can be a measure of success, but for him, the challenge of conquest is exciting. Virgin employees are often paid less than the general market, but they are happy to offer. Because Virgin Corporation was founded by Branson, the philosophy \"A company needs to be like a family, where all members achieve success, grow together and share happiness.\"</p>', 'en'),
(39, 20, 'Jack Ma: “Người thông minh cần một lãnh đạo ngốc! Và thực ra tôi đần lắm!”', 'jack-ma-nguoi-thong-minh-can-mot-lanh-dao-ngoc-va-thuc-ra-toi-dan-lam', '', '', '', '<p style=\"text-align: justify;\">&nbsp;</p>\r\n<p style=\"text-align: center;\"><img src=\"http://eagleele.vn//source/Jack%20Ma%20silly.jpg?1509330315045\" alt=\"Jack Ma silly\" width=\"550\" /></p>\r\n<p style=\"text-align: justify;\">&nbsp;</p>\r\n<p style=\"text-align: justify;\">Theo Jack Ma th&igrave; một nh&agrave; l&atilde;nh đạo như Đường Tăng sẽ lu&ocirc;n ki&ecirc;n tr&igrave; với mục ti&ecirc;u của m&igrave;nh. T&ocirc;n Ngộ Kh&ocirc;ng tuy tự phụ nhưng lại rất cần c&ugrave;, năng lực tốt; Trư B&aacute;t Giới tuy hơi lười nhưng lại c&oacute; tinh thần t&iacute;ch cực, lạc quan; Sa Tăng chưa bao giờ nhắc tới l&yacute; tưởng, chỉ tập trung l&agrave;m việc chuy&ecirc;n cần.</p>\r\n<p style=\"text-align: justify;\">T&acirc;y Du K&yacute; l&agrave; một t&aacute;c phẩm kinh điển được rất nhiều độc giả y&ecirc;u th&iacute;ch, người ta say sưa với những chi tiết đặc sắc trong cuốn tiểu thuyết bất hủ n&agrave;y. Jack Ma, &ocirc;ng chủ Alibaba cũng rất th&iacute;ch đọc T&acirc;y Du K&yacute;, nhưng điều m&agrave; &ocirc;ng ch&uacute; &yacute; kh&ocirc;ng đơn thuần l&agrave; t&igrave;nh tiết c&acirc;u chuyện m&agrave; l&agrave; đạo l&yacute; s&acirc;u xa b&ecirc;n trong.</p>\r\n<p style=\"text-align: justify;\">&nbsp;</p>\r\n<p style=\"text-align: justify;\">Jack Ma nhận thấy một l&atilde;nh đạo giỏi chưa chắc đ&atilde; l&agrave; cốt c&aacute;n c&ocirc;ng nghệ hoặc tinh th&ocirc;ng nghiệp vụ, &ocirc;ng n&oacute;i: &ldquo;Người th&ocirc;ng minh cần một l&atilde;nh đạo ngốc. Khi đội ngũ to&agrave;n l&agrave; những nh&agrave; khoa học th&igrave; để n&ocirc;ng d&acirc;n l&agrave;m l&atilde;nh đạo l&agrave; ph&ugrave; hợp nhất, v&igrave; phương hướng tư duy kh&ocirc;ng giống nhau, c&aacute;ch nh&igrave;n nhận vấn đề từ những g&oacute;c độ kh&aacute;c nhau sẽ đem lại th&agrave;nh c&ocirc;ng&rdquo;.</p>\r\n<p style=\"text-align: justify;\">&nbsp;</p>\r\n<p style=\"text-align: justify;\">Jack Ma giỏi hoạch định chiến lược, nhưng lại m&ugrave; tịt về c&ocirc;ng nghệ th&ocirc;ng tin. Với tư c&aacute;ch l&agrave; c&ocirc;ng chủ của Alibaba - được định nghĩa như một doanh nghiệp Internet mang t&iacute;nh chất c&ocirc;ng nghệ. Jack Ma từng n&oacute;i rằng &ocirc;ng kh&ocirc;ng hề cảm thấy &aacute;p lực. Một tờ b&aacute;o đ&atilde; nhận x&eacute;t về Jack Ma như sau: &ldquo;&Ocirc;ng l&agrave; một nh&acirc;n t&agrave;i về IT nhưng lại kh&ocirc;ng biết g&igrave; về IT; L&agrave; một anh h&ugrave;ng Internet nhưng lại kh&ocirc;ng hiểu g&igrave; về Internet&rdquo;.</p>\r\n<p style=\"text-align: justify;\">&nbsp;</p>\r\n<p style=\"text-align: justify;\">Quả thật Jack Ma &ldquo;m&ugrave; tịt&rdquo; về c&ocirc;ng nghệ. Một h&ocirc;m, ph&oacute;ng vi&ecirc;n được mời tới ph&ograve;ng l&agrave;m việc của Jack Ma để phỏng vấn, c&oacute; lẽ xuất ph&aacute;t từ y&ecirc;u cầu của chủ đề thảo luận h&ocirc;m đ&oacute; n&ecirc;n Jack Ma mở laptop, chuẩn bị tr&igrave;nh chiếu t&agrave;i liệu. Nhưng loay hoay hồi l&acirc;u m&agrave; &ocirc;ng vẫn chẳng thể n&agrave;o mở được, cuối c&ugrave;ng, &ocirc;ng chủ Alibaba đ&agrave;nh gọi điện nhờ thư k&yacute; ri&ecirc;ng.</p>\r\n<p style=\"text-align: justify;\">&nbsp;</p>\r\n<p style=\"text-align: justify;\">Ph&oacute;ng vi&ecirc;n cứ tưởng Jack Ma gặp phải vấn đề h&oacute;c b&uacute;a, b&egrave;n đứng cạnh ki&ecirc;n nhẫn chờ thư k&yacute; giải quyết. Nhưng thư k&yacute; chỉ tho&aacute;ng chốc đ&atilde; t&igrave;m ra t&agrave;i liệu đ&oacute;. Khi ng&oacute; xuống m&agrave;n h&igrave;nh m&aacute;y t&iacute;nh, ph&oacute;ng vi&ecirc;n mới ph&aacute;t hiện thứ Jack Ma muốn t&igrave;m chẳng qua l&agrave; một file word kh&ocirc;ng thể th&ocirc;ng dụng hơn. Ph&oacute;ng vi&ecirc;n cực kỳ kinh ngạc, một vấn đề dơn giản m&agrave; ngay cả l&atilde;o n&ocirc;ng tri điền vừa tập t&agrave;nh m&aacute;y t&iacute;nh cũng c&oacute; thể giải quyết vậy m&agrave; Jack Ma đ&agrave;nh b&oacute; tay? Nhưng sự thật l&agrave; vậy, &ldquo;ho&agrave;n to&agrave;n m&ugrave; tịt về m&aacute;y t&iacute;nh&rdquo; l&agrave; từ mi&ecirc;u tả ch&iacute;nh x&aacute;c nhất về nh&acirc;n vật l&agrave;m mưa l&agrave;m gi&oacute; của ng&agrave;nh Internet Trung Quốc cũng như thế giới Jack Ma.</p>\r\n<p style=\"text-align: justify;\">&nbsp;</p>\r\n<p style=\"text-align: justify;\">Điều đ&aacute;ng n&oacute;i l&agrave; Jack Ma c&ograve;n ki&ecirc;n quyết duy tr&igrave; &ldquo;tr&igrave;nh độ&rdquo; IT của m&igrave;nh, kh&ocirc;ng hề c&oacute; &yacute; &ldquo;cầu tiến&rdquo;, thậm ch&iacute; &ocirc;ng c&ograve;n cho rằng: &ldquo;Việc giữ vững tr&igrave;nh độ g&agrave; mờ l&agrave; rất tuyệt vời&rdquo;. Theo &ocirc;ng tự nhận th&igrave; từ nhỏ &ocirc;ng đ&atilde; kh&ocirc;ng phải l&agrave; người th&ocirc;ng minh: &ldquo;Thực ra t&ocirc;i đần lắm, n&atilde;o b&eacute; t&iacute;, chỉ c&oacute; thể nghĩ từng vấn đề một, cậu n&ecirc;u 3 vấn đề c&ugrave;ng một l&uacute;c, t&ocirc;i xử l&yacute; kh&ocirc;ng kịp&rdquo;.</p>\r\n<p style=\"text-align: justify;\">&nbsp;</p>\r\n<p style=\"text-align: justify;\">Nhưng điều đ&oacute; kh&ocirc;ng thể ngăn cản Jack Ma dẫn dắt đội ngũ của m&igrave;nh tạo n&ecirc;n kỳ t&iacute;ch, bởi v&igrave; theo quan điểm của &ocirc;ng: &ldquo;X&acirc;y dựng một đội ngũ t&agrave;i hoa quan trọng hơn việc c&oacute; một nh&agrave; l&atilde;nh đạo t&agrave;i hoa&rdquo;.</p>\r\n<p style=\"text-align: justify;\">&nbsp;</p>\r\n<p style=\"text-align: justify;\">Tr&ecirc;n phương diện l&atilde;nh đạo, Jack Ma c&oacute; b&iacute; quyết của ri&ecirc;ng m&igrave;nh, đ&oacute; l&agrave; đội ngũ nh&acirc;n vi&ecirc;n mang t&ecirc;n &ldquo;thầy tr&ograve; Đường Tăng&rdquo; của &ocirc;ng.</p>\r\n<p style=\"text-align: justify;\">&nbsp;</p>\r\n<p style=\"text-align: justify;\">Theo Jack Ma th&igrave; một nh&agrave; l&atilde;nh đạo như Đường Tăng sẽ lu&ocirc;n ki&ecirc;n tr&igrave; với mục ti&ecirc;u của m&igrave;nh. T&ocirc;n Ngộ Kh&ocirc;ng tuy tự phụ nhưng lại rất cần c&ugrave;, năng lực tốt; Trư B&aacute;t Giới tuy hơi lười nhưng lại c&oacute; tinh thần t&iacute;ch cực, lạc quan; Sa Tăng chưa bao giờ nhắc tới l&yacute; tưởng, chỉ tập trung l&agrave;m việc chuy&ecirc;n cần.</p>\r\n<p style=\"text-align: justify;\">&nbsp;</p>\r\n<p style=\"text-align: justify;\">Nhận thấy những đặc điểm đ&oacute; của từng người, Đường Tăng đ&oacute;ng vai tr&ograve; l&agrave; người l&atilde;nh đạo đ&atilde; ho&agrave;n th&agrave;nh xuất sắc nhiệm vụ của m&igrave;nh. Ng&agrave;i biết T&ocirc;n Ngộ Kh&ocirc;ng phải quản chặt, v&igrave; vậy sẽ niệm v&ograve;ng kim c&ocirc;; Trư B&aacute;t Giới nhiều tật xấu, nhưng kh&ocirc;ng bao giờ phạm sai lầm lớn, n&ecirc;n thi thoảng ph&ecirc; b&igrave;nh l&agrave; được; Ri&ecirc;ng Sa Tăng thi thoảng cần động vi&ecirc;n, kh&iacute;ch lệ. V&agrave; chỉ bằng như vậy, &ldquo;dream team&rdquo; đ&atilde; được h&igrave;nh th&agrave;nh.</p>\r\n<p style=\"text-align: justify;\">&nbsp;</p>\r\n<p style=\"text-align: justify;\">C&oacute; lẽ ch&iacute;nh nhờ &aacute;p dụng phương ph&aacute;p n&agrave;y m&agrave; Jack Ma đ&atilde; c&ugrave;ng đội ngũ của m&igrave;nh đạt được th&agrave;nh c&ocirc;ng như ng&agrave;y h&ocirc;m nay. X&eacute;t cho c&ugrave;ng, d&ugrave; \"g&agrave; mờ\" về IT nhưng Jack Ma lại c&oacute; trong tay những nh&acirc;n t&agrave;i xuất ch&uacute;ng, biết điểm mạnh, điểm yếu của từng người, giao việc ph&ugrave; hợp từ đ&oacute; c&ugrave;ng nhau đạt được những th&agrave;nh tựu to lớn.</p>\r\n<p style=\"text-align: justify;\">&nbsp;</p>\r\n<p style=\"text-align: justify;\">(Theo V&acirc;n Đ&agrave;m/Tr&iacute; Thức Trẻ)</p>', 'vi'),
(40, 20, 'Jack Ma: \"Smart people need an idiot leader! And I\'m actually stupid!\"', 'jack-ma-smart-people-need-an-idiot-leader-and-im-actually-stupid', '', '', '', '<p>According to Jack Ma, a leader like Tang Tang will always be patient with his goals. Sun Wukong, though prideful, but very diligent, good ability; Trư B&aacute;t Giới though a little lazy but positive spirit, optimistic; Monks have never mentioned the ideal, just focus on hard work.<br />Journey to the West is a classic work favorite readers, people are drunk with the unique details in this immortal novel. Jack Ma, the owner of Alibaba, also likes to read the Journey to the West, but what he cares about is not merely the plot of the story, but the profound moral of the story.</p>\r\n<p>Jack Ma finds that a good leader is not necessarily a technology leader or an expert in business. He says, \"Smart people need a foolish leader. When the whole team is a scientist, it is best for the farmer to be the leader, because the direction of thinking is not the same, the way to look at the problem from different angles will bring success.</p>\r\n<p>Jack Ma is a good strategist, but he is not good at information technology. As the owner of Alibaba - is defined as an Internet business of technological nature. Jack Ma said that he did not feel the pressure. One newspaper commented on Jack Ma: \"He was an IT talent but did not know anything about IT; As an Internet hero, he does not understand the Internet. \"</p>\r\n<p>Indeed, Jack Ma is \"blind\" in technology. One day, the reporter was invited to the office of Jack Ma to interview, probably stemming from the request of the subject of discussion that day so Jack Ma opened his laptop, preparing to present the document. But struggling for a long time that he still can not open, finally, Alibaba boss called his personal secretary.</p>\r\n<p>Reporters thought Jack Ma was in trouble, standing with patience waiting for the clerk to resolve. But the secretary briefly found the document. Looking at the computer screen, the reporter discovered what Jack Ma wanted to find is a word file can not be used more. Reporters are extremely astounded, a simple problem that even the old farmer filled up the computer can solve so that Jack Ma did not bother? But the truth is, \"totally computer-literate\" is the most accurate description of the Chinese Internet industry as well as the world of Jack Ma.</p>\r\n<p>It is worth mentioning that Jack Ma still resolutely maintain his \"level\" IT, does not mean \"forward,\" he even said that \"maintaining the level of chicken is very good.\" According to him, he was not intelligent at a young age: \"Actually I\'m a little kid, just a little brain, can only think of one problem, you raised three problems at once, I did not handle \"</p>\r\n<p>But that does not stop Jack Ma from leading his team to the feat, because in his view, \"Building a team is more important than having a talented leader.\"</p>\r\n<p>In terms of leadership, Jack Ma has his own secret, which is the staff named \"teacher of his Tang\".</p>\r\n<p>According to Jack Ma, a leader like Tang Tang will always be patient with his goals. Sun Wukong, though prideful, but very diligent, good ability; Trư B&aacute;t Giới though a little lazy but positive spirit, optimistic; Monks have never mentioned the ideal, just focus on hard work.</p>\r\n<p>Recognizing the traits of each person, Tang Monk acts as the leader who has accomplished his mission excellently. He knew that Sun Wukong was not in control, so he would circle her needle; Zhu Baji many bad habits, but never made a big mistake, so sometimes criticized is; Particularly Sa rise sometimes need encouragement. And just like that, \"dream team\" was formed.</p>\r\n<p>It may be because of this method that Jack Ma and his team achieved the same success today. After all, despite the \"fuzzy chicken\" in IT, Jack Ma has in the hands of talented people, know the strengths, weaknesses of each person, assign appropriate work together to achieve great achievements.</p>', 'en');
INSERT INTO `library_lang` (`id`, `library_id`, `title`, `slug`, `meta_description`, `meta_keywords`, `description`, `content`, `language`) VALUES
(41, 21, 'Nhân viên làm sai gây tổn thất 10.000 USD cho công ty, nhưng vị sếp không sa thải mà chỉ nói 1 câu khiến ai cũng nể phục', 'nhan-vien-lam-sai-gay-ton-that-10000-usd-cho-cong-ty-nhung-vi-sep-khong-sa-thai-ma-chi-noi-1-cau-khien-ai-cung-ne-phuc', '', '', '', '<p style=\"text-align: justify;\">&nbsp;</p>\r\n<p style=\"text-align: center;\"><img src=\"http://eagleele.vn//source/10000%24.jpg?1509330912178\" alt=\"\" width=\"558\" height=\"372\" /></p>\r\n<p style=\"text-align: justify;\">&nbsp;</p>\r\n<p style=\"text-align: justify;\">T&ocirc;i đ&atilde; mắc một sai lầm g&acirc;y thiệt hại tới 10.000 USD cho c&ocirc;ng ty. H&atilde;y để t&ocirc;i kể lại to&agrave;n bộ c&acirc;u chuyện thế n&agrave;y.</p>\r\n<p style=\"text-align: justify;\">&nbsp;</p>\r\n<p style=\"text-align: justify;\">T&ocirc;i từng cảm thấy m&igrave;nh l&agrave; một lập tr&igrave;nh vi&ecirc;n cực kỳ quyết t&acirc;m, cảm gi&aacute;c kh&ocirc;ng g&igrave; c&oacute; thể ngăn cản được. Th&agrave;nh thực m&agrave; n&oacute;i th&igrave; t&ocirc;i c&oacute; c&aacute;i t&ocirc;i rất lớn nhưng thật may mắn trong một lần g&acirc;y ra sai lầm khủng khiếp, n&oacute; kh&ocirc;ng những kh&ocirc;ng huỷ hoại cuộc đời t&ocirc;i m&agrave; c&ograve;n gi&uacute;p t&ocirc;i trở n&ecirc;n th&ocirc;ng minh v&agrave; khi&ecirc;m tốn hơn.</p>\r\n<p style=\"text-align: justify;\">&nbsp;</p>\r\n<p style=\"text-align: justify;\">Sau khi ra trường, c&ocirc;ng việc đầu ti&ecirc;n của t&ocirc;i l&agrave; lập tr&igrave;nh vi&ecirc;n.</p>\r\n<p style=\"text-align: justify;\">&nbsp;</p>\r\n<p style=\"text-align: justify;\">Khi ấy t&ocirc;i c&ograve;n trẻ, khao kh&aacute;t v&agrave; hăm hở tạo ra những điều mới mẻ để chứng minh gi&aacute; trị bản th&acirc;n. Giống như hầu hết lập tr&igrave;nh vi&ecirc;n kh&aacute;c, t&ocirc;i đ&atilde; gia nhập một c&ocirc;ng ty tầm trung. Nhờ l&agrave;m việc chăm chỉ v&agrave; quy củ, t&ocirc;i đ&atilde; được bổ nhiệm v&agrave;o vị tr&iacute; trưởng một dự &aacute;n nhỏ - đơn vị sau n&agrave;y đ&atilde; nhanh ch&oacute;ng trở th&agrave;nh cỗ m&aacute;y kiếm tiền chủ yếu cho c&ocirc;ng ty.</p>\r\n<p style=\"text-align: justify;\">&nbsp;</p>\r\n<p style=\"text-align: justify;\">Mặc d&ugrave; thiếu kinh nghiệm, t&ocirc;i vẫn nỗ lực hết sức m&igrave;nh để thực thi mọi c&ocirc;ng việc một c&aacute;ch nhanh ch&oacute;ng v&agrave; hiệu quả nhất bất kể khi n&agrave;o mọi người y&ecirc;u cầu. Mọi chuyện diễn ra rất nhanh nhưng với vốn kinh nghiệm hạn chế t&ocirc;i kh&ocirc;ng thể n&agrave;o t&igrave;m ra được c&aacute;ch l&agrave;m đ&uacute;ng đắn nhất.</p>\r\n<p style=\"text-align: justify;\">&nbsp;</p>\r\n<p style=\"text-align: justify;\">Mọi thứ cứ diễn ra b&igrave;nh thường do việc lập tr&igrave;nh được tiến h&agrave;nh nhanh ch&oacute;ng, t&ocirc;i kh&ocirc;ng hề kiểm duyệt lại v&agrave; c&aacute;c sếp ở tr&ecirc;n cũng kh&ocirc;ng hề quan t&acirc;m tới vấn đề đ&oacute;. Nhưng sau đ&oacute; một v&agrave;i vấn đề nghi&ecirc;m trọng bắt đầu xảy ra.</p>\r\n<p style=\"text-align: justify;\">&nbsp;</p>\r\n<p style=\"text-align: justify;\">T&ocirc;i đ&atilde; vội v&agrave;ng gửi đi một t&iacute;nh năng thử nghiệm v&agrave;o tối muộn thứ 6. Mọi người trong c&ocirc;ng ty đều rất h&aacute;o hức chờ đ&oacute;n kết quả của sản phẩm n&agrave;y v&agrave;o ng&agrave;y thứ 3 tiếp sau đ&oacute; (do thứ 2 l&agrave; ng&agrave;y nghỉ lễ). Tuy nhi&ecirc;n ngay từ s&aacute;ng thứ 2, khi kiểm tra email, t&ocirc;i đ&atilde; ph&aacute;t hiện h&agrave;ng loạt email lạ.</p>\r\n<p style=\"text-align: justify;\">&nbsp;</p>\r\n<p style=\"text-align: justify;\">Sau khi s&acirc;u chuỗi tất cả c&aacute;c vấn đề lại với nhau, t&ocirc;i đ&atilde; sớm nhận ra rằng một ứng dụng cho một tập hợp lớn người d&ugrave;ng của c&ocirc;ng ty vừa bị t&ocirc;i ph&aacute; hỏng ho&agrave;n to&agrave;n. Kh&ocirc;ng mất qu&aacute; nhiều thời gian để t&ocirc;i nhận ra sai lầm lần n&agrave;y đ&atilde; g&acirc;y tổn thất khoảng 10.000 USD cho c&ocirc;ng ty.</p>\r\n<p style=\"text-align: justify;\">&nbsp;</p>\r\n<p style=\"text-align: justify;\">Ngay buổi s&aacute;ng tiếp theo, việc đầu ti&ecirc;n t&ocirc;i l&agrave;m l&agrave; tới xin lỗi sếp của m&igrave;nh v&agrave; hỏi liệu c&oacute; thể bị sa thải hay kh&ocirc;ng. Kh&ocirc;ng suy nghĩ nhiều, sếp t&ocirc;i đ&atilde; n&oacute;i một c&acirc;u thế n&agrave;y: &ldquo;Tại sao phải sa thải cậu chứ? Ch&uacute;ng t&ocirc;i chỉ vừa ti&ecirc;u tốn 10.000 USD để dạy cho cậu 1 b&agrave;i học m&agrave; th&ocirc;i&rdquo;.</p>\r\n<p style=\"text-align: justify;\">&nbsp;</p>\r\n<p style=\"text-align: justify;\">Vậy b&agrave;i học ấy l&agrave; g&igrave;?</p>\r\n<p style=\"text-align: justify;\">&nbsp;</p>\r\n<p style=\"text-align: justify;\">Sai lầm dĩ nhi&ecirc;n g&acirc;y ra rất nhiều hậu quả bi thảm: C&ocirc;ng ty sẽ mất kh&aacute;ch h&agrave;ng, tổn hao tiền bạc v&agrave; sự t&iacute;n nhiệm. Tuy nhi&ecirc;n một điều c&ograve;n tồi tệ hơn việc g&acirc;y ra sai lầm l&agrave; kh&ocirc;ng bao giờ d&aacute;m mắc sai lầm. Những rủi ro của việc tr&igrave; ho&atilde;n đổi mới, học hỏi, để đối thủ cạnh tranh tiến xa v&agrave; nhanh hơn bạn c&ograve;n nguy hiểm hơn gấp nhiều lần.</p>\r\n<p style=\"text-align: justify;\">&nbsp;</p>\r\n<p style=\"text-align: justify;\">Giờ nghĩ lại t&ocirc;i c&oacute; thể khẳng định ngay từ đầu sếp đ&atilde; biết t&ocirc;i cuối c&ugrave;ng sẽ g&acirc;y ra tai hoạ. T&ocirc;i c&ograve;n trẻ, thiếu kinh nghiệm nhưng lại phải g&aacute;nh tr&ecirc;n vai tr&aacute;ch nhiệm vượt qu&aacute; khả năng của m&igrave;nh. Phong c&aacute;ch l&agrave;m việc lập lờ, thiếu kiểm duyệt v&agrave; chỉ chăm chăm v&agrave;o kết quả như vậy c&oacute; thể gi&uacute;p cả đội di chuyển nhanh ch&oacute;ng nhưng nguy cơ hỏng việc l&agrave; rất cao v&agrave; điều đ&oacute; đ&atilde; thực sự xảy ra trong trường hợp của t&ocirc;i.</p>\r\n<p style=\"text-align: justify;\">&nbsp;</p>\r\n<p style=\"text-align: justify;\">9 th&aacute;ng l&agrave;m việc tại c&ocirc;ng ty n&agrave;y gi&uacute;p t&ocirc;i học hỏi được nhiều b&agrave;i học đắt gi&aacute; hơn bất cứ nơi n&agrave;o kh&aacute;c t&ocirc;i từng l&agrave;m trong sự nghiệp của m&igrave;nh. Sau sai lầm lớn nhất trong sự nghiệp ở c&ocirc;ng ty phần mềm đ&oacute;, t&ocirc;i đ&atilde; r&uacute;t ra được một v&agrave;i b&agrave;i học đắt gi&aacute; cho c&aacute;c lập tr&igrave;nh vi&ecirc;n:</p>\r\n<p style=\"text-align: justify;\">&nbsp;</p>\r\n<p style=\"text-align: justify;\">- Đừng bao giờ ra mắt t&iacute;nh năng mới v&agrave;o thứ 6.</p>\r\n<p style=\"text-align: justify;\">&nbsp;</p>\r\n<p style=\"text-align: justify;\">- Lu&ocirc;n hiểu ch&iacute;nh x&aacute;c những rủi ro c&oacute; thể gặp phải khi ra mắt t&iacute;nh năng mới.</p>\r\n<p style=\"text-align: justify;\">&nbsp;</p>\r\n<p style=\"text-align: justify;\">- Quan trọng nhất, đừng bao giờ sợ &ldquo;thực thi thật nhanh ch&oacute;ng v&agrave; mắc sai lầm&rdquo;.</p>\r\n<p style=\"text-align: justify;\">&nbsp;</p>\r\n<p style=\"text-align: justify;\">Đ&oacute; l&agrave; l&yacute; do tại sao đ&acirc;y đ&atilde; trở th&agrave;nh c&acirc;u thần ch&uacute; của Facebook trong suốt nhiều năm. Trong c&aacute;c lĩnh vực kh&aacute;c, việc mắc sai lầm c&oacute; thể bị cho l&agrave; bất cẩn, thiếu thận trọng. Tuy nhi&ecirc;n trong lĩnh vực phần mềm, mắc sai lầm l&agrave; điều ho&agrave;n to&agrave;n c&oacute; thể chấp nhận được. Ngay cả những lập tr&igrave;nh vi&ecirc;n kỳ cựu cũng c&oacute; thể mắc sai lầm m&agrave; bạn gặp phải.</p>\r\n<p style=\"text-align: justify;\">&nbsp;</p>\r\n<p style=\"text-align: justify;\">Đừng bao giờ sợ mắc sai lầm bởi đ&oacute; l&agrave; c&aacute;ch duy nhất để bạn c&oacute; được những b&agrave;i học đ&aacute;ng gi&aacute;, gi&uacute;p bản th&acirc;n trở n&ecirc;n tốt hơn.</p>\r\n<p style=\"text-align: justify;\">&nbsp;</p>\r\n<p style=\"text-align: justify;\">(Theo V&acirc;n Đ&agrave;m/Tr&iacute; Thức Trẻ)</p>', 'vi'),
(42, 21, 'Employee misrepresentation costs $ 10,000 for the company, but the boss does not dismiss, saying only one sentence makes everyone respect.', 'employee-misrepresentation-costs-10000-for-the-company-but-the-boss-does-not-dismiss-saying-only-one-sentence-makes-everyone-respect', '', '', '', '<p>I made a mistake that cost $ 10,000 to the company. Let me tell you the whole story.</p>\r\n<p>I used to feel like an extremely determined programmer, feeling nothing can stop me. Honestly, I have a very big ego, but fortunately in one terrible mistake, it not only ruined my life but also helped me become more intelligent and humble.</p>\r\n<p>After graduation, my first job was the programmer.</p>\r\n<p>I was young, hungry and eager to create new things to prove my worth. Like most programmers, I joined a mid-range company. Thanks to hard work and dedication, I was appointed to the position of chief of a small project - a unit that soon became a major money maker for the company.</p>\r\n<p>In spite of lack of experience, I still try my best to do all the work quickly and efficiently whenever people ask. Everything is very fast but with limited experience I can not find the right way to do it.</p>\r\n<p>Everything went on normally because the programming was done quickly, I did not censor and the boss did not care about that. But then some serious problems started to happen.</p>\r\n<p>I was in a hurry to send a trial feature on late Friday. Everyone in the company was very eagerly awaiting the results of this product on the following Tuesday (because Monday is the holiday) . However, from Monday morning, when checking email, I discovered a strange email.</p>\r\n<p>After deepening all the issues together, I soon realized that an application for a large corporate user set had just been ruined by me. It did not take me too long to realize that this mistake has cost me about $ 10,000.</p>\r\n<p>The next morning, the first thing I did was apologize to my boss and ask if it could be fired. Without thinking much, my boss said something like this: \"Why have you fired? We just spent $ 10,000 to teach you a lesson only. \"</p>\r\n<p>So what is the lesson?</p>\r\n<p>The mistake of course causes a lot of tragic consequences: The company loses customers, loses money and credibility. But one thing is worse than making the mistake of never daring to make mistakes. The risks of delaying innovation, learning, letting your competitors go faster and faster than you are far more dangerous.</p>\r\n<p>Now I think I can tell from the beginning that the boss knows I will eventually cause disaster. I am young, inexperienced but have to shoulder responsibility beyond my ability. The lack of censorship and focusing on such results can help the team move quickly but the risk of job loss is very high and that has really happened in my case.</p>\r\n<p>9 months of work at this company helped me learn more expensive lessons than any other place I have worked in my career. After the biggest mistake of my career at that software company, I learned a few expensive lessons for programmers:</p>\r\n<p>- Never launch a new feature on Friday.</p>\r\n<p>- Understand the risks that may come up when introducing new features.</p>\r\n<p>- Most importantly, do not be afraid to \"execute quickly and make mistakes\".</p>\r\n<p>That is why this has become the mantra of Facebook for many years. In other areas, making mistakes can be considered careless, reckless. However, in software, making mistakes is completely acceptable. Even veteran programmers can make mistakes that you encounter.</p>\r\n<p>Do not be afraid to make mistakes because that is the only way to get valuable lessons, help yourself become better.</p>', 'en'),
(43, 22, 'Làm sếp thì phải cô đơn! Nhân viên không cần sếp làm bạn với họ, mà cần một lãnh đạo biết cách đẩy mọi người khỏi vòng an toàn để tiến lên!', 'lam-sep-thi-phai-co-don-nhan-vien-khong-can-sep-lam-ban-voi-ho-ma-can-mot-lanh-dao-biet-cach-day-moi-nguoi-khoi-vong-an-toan-de-tien-len', '', '', '', '<p style=\"text-align: justify;\">&nbsp;</p>\r\n<p style=\"text-align: center;\"><img src=\"http://eagleele.vn//source/lonely-leader.jpg?1509332312714\" alt=\"\" width=\"567\" height=\"377\" /></p>\r\n<p style=\"text-align: justify;\">&nbsp;</p>\r\n<p style=\"text-align: justify;\">Nếu kh&ocirc;ng đặt ra kỳ vọng cho nh&oacute;m, đẩy nh&acirc;n vi&ecirc;n ra khỏi v&ograve;ng an to&agrave;n của họ, khiến mọi người c&oacute; tr&aacute;ch nhiệm với c&ocirc;ng việc th&igrave; tức l&agrave; bạn đang thất bại trong cương vị một người l&atilde;nh đạo. Cố gắng trở th&agrave;nh bạn tốt nhất của mọi người cơ bản l&agrave; một h&agrave;nh động &iacute;ch kỷ.<br />Ng&agrave;y mới đi l&agrave;m, t&ocirc;i l&agrave;m việc cho một người lu&ocirc;n tỏ ra khinh bỉ nh&acirc;n vi&ecirc;n của m&igrave;nh. D&ugrave; cho bạn c&oacute; l&agrave;m g&igrave; th&igrave; &ocirc;ng ta cũng chẳng thể h&agrave;i l&ograve;ng.</p>\r\n<p style=\"text-align: justify;\">Khi tinh thần của nh&oacute;m bị ảnh hưởng, t&ocirc;i d&agrave;nh nhiều thời gian hơn để giải m&atilde; h&agrave;nh vi của &ocirc;ng ta. Cuối c&ugrave;ng th&igrave; t&ocirc;i cũng chẳng thể hiểu điều g&igrave; đ&atilde; khiến &ocirc;ng ta c&oacute; những h&agrave;nh vi như thế.</p>\r\n<p style=\"text-align: justify;\">Kỷ niệm đ&oacute; đ&atilde; để lại ấn tượng hằn s&acirc;u trong t&ocirc;i. Nhiều năm sau, khi t&ocirc;i mở c&ocirc;ng ty, t&ocirc;i tự hứa rằng m&igrave;nh sẽ kh&ocirc;ng bao giờ trở th&agrave;nh kiểu l&atilde;nh đạo như vậy. T&ocirc;i muốn nu&ocirc;i dưỡng một m&ocirc;i trường m&agrave; ở đ&oacute; mọi người cảm thấy được trao quyền, được đ&aacute;nh gi&aacute; cao v&agrave; thực sự hạnh ph&uacute;c khi l&agrave; một phần của nh&oacute;m.</p>\r\n<p style=\"text-align: justify;\">Tuy nhi&ecirc;n, khi cố gắng tr&aacute;nh tạo ra một m&ocirc;i trường độc hại như t&ocirc;i đề cập trước đ&oacute;, cuối c&ugrave;ng t&ocirc;i lại đi qu&aacute; xa theo một hướng kh&aacute;c. T&ocirc;i muốn l&agrave;m bạn với nh&acirc;n vi&ecirc;n của m&igrave;nh. Điều n&agrave;y khiến t&ocirc;i tr&aacute;nh được xung đột, thiết lập những kỳ vọng mơ hồ nhưng rồi lại thất bại.</p>\r\n<p style=\"text-align: justify;\">Cuối c&ugrave;ng, t&ocirc;i mới nhận thức được rằng: Nh&acirc;n vi&ecirc;n cần một l&atilde;nh đạo, chứ kh&ocirc;ng phải một người bạn.</p>\r\n<p style=\"text-align: justify;\">&nbsp;</p>\r\n<p style=\"text-align: justify;\"><strong>Kh&ocirc;ng cần trở th&agrave;nh bạn tốt nhất của mọi người</strong></p>\r\n<p style=\"text-align: justify;\">&nbsp;</p>\r\n<p style=\"text-align: justify;\">L&agrave;m l&atilde;nh đạo rất giống với l&agrave;m cha mẹ. Khi bạn l&agrave; cha mẹ, bạn y&ecirc;u con m&igrave;nh nhiều đến nỗi bạn muốn cho ch&uacute;ng bất cứ thứ g&igrave; ch&uacute;ng muốn. Điều c&aacute;m dỗ l&agrave;, qua thời gian, với việc l&agrave;m hư bởi những m&oacute;n qu&agrave;, bằng c&aacute;ch n&agrave;o đ&oacute; ch&uacute;ng sẽ y&ecirc;u bạn hơn.</p>\r\n<p style=\"text-align: justify;\">Tuy nhi&ecirc;n, sự thật l&agrave; l&agrave;m cha mẹ kh&ocirc;ng phải cuộc chơi hay tr&ograve; đ&ugrave;a. Đ&oacute; l&agrave; việc nu&ocirc;i dưỡng con bạn trở th&agrave;nh một người vững v&agrave;ng, được t&ocirc;n trọng v&agrave; th&agrave;nh c&ocirc;ng trong tương lai. Điều n&agrave;y đỏi hỏi kỷ luật, sự cống hiến v&agrave; những quyết định kh&oacute; khăn. Nếu bạn muốn những điều tốt nhất cho con m&igrave;nh, bạn cần h&agrave;nh xử như bậc cha mẹ trước v&agrave; như những người bạn sau.</p>\r\n<p style=\"text-align: justify;\">Logic n&agrave;y cũng &aacute;p dụng cho việc quản l&yacute; một nh&oacute;m. L&agrave; người l&atilde;nh đạo, c&oacute; thể rất tốt nếu cả nh&oacute;m được thư gi&atilde;n, thoải m&aacute;i v&agrave; vui vẻ. Bạn được xem như l&agrave; một &ldquo;&ocirc;ng sếp vui vẻ&rdquo; của mọi người. Tuy nhi&ecirc;n, cũng giống như l&agrave;m cha mẹ, l&agrave;m l&atilde;nh đạo đ&ograve;i hỏi nhiều hơn thế. Bạn kh&ocirc;ng thể gi&uacute;p mọi người ph&aacute;t triển, trưởng th&agrave;nh m&agrave; kh&ocirc;ng th&uacute;c đẩy họ.</p>\r\n<p style=\"text-align: justify;\">Nếu kh&ocirc;ng đặt ra kỳ vọng cho nh&oacute;m, đẩy nh&acirc;n vi&ecirc;n ra khỏi v&ograve;ng an to&agrave;n của họ, khiến mọi người c&oacute; tr&aacute;ch nhiệm với c&ocirc;ng việc th&igrave; tức l&agrave; bạn đang thất bại trong cương vị một người l&atilde;nh đạo. Cố gắng trở th&agrave;nh bạn tốt nhất của mọi người cơ bản l&agrave; một h&agrave;nh động &iacute;ch kỷ.</p>\r\n<p style=\"text-align: justify;\">&nbsp;</p>\r\n<p style=\"text-align: justify;\"><strong>Tr&aacute;nh xung đột chỉ l&agrave;m mọi thứ tệ hơn</strong></p>\r\n<p style=\"text-align: justify;\">&nbsp;</p>\r\n<p style=\"text-align: justify;\">Chẳng ai muốn l&agrave;m điều sai tr&aacute;i. Khi một h&agrave;nh vi g&acirc;y thất vọng hoặc sai lệch so với kỳ vọng, đ&oacute; thường l&agrave; do sự kh&aacute;c biệt trong hiểu biết hay nhận thức. Việc tr&aacute;nh xung đột lu&ocirc;n chỉ khiến t&iacute;nh huống trở n&ecirc;n tồi tệ hơn.</p>\r\n<p style=\"text-align: justify;\">Thay v&agrave;o đ&oacute;, l&atilde;nh đạo phải l&agrave;m cho kỳ vọng của m&igrave;nh thực sự r&otilde; r&agrave;ng, ngay cả khi ch&uacute;ng g&acirc;y sự kh&oacute; chịu. V&iacute; dụ, ở c&ocirc;ng ty ch&uacute;ng t&ocirc;i, thời gian l&agrave;m việc tương đối linh hoạt. Nếu một th&agrave;nh vi&ecirc;n muốn l&agrave;m việc từ 8h30 đến 17h30, đ&oacute; kh&ocirc;ng phải vấn đề. Tuy nhi&ecirc;n t&ocirc;i c&oacute; một v&agrave;i nh&acirc;n vi&ecirc;n, những người v&igrave; đặc th&igrave; c&ocirc;ng việc, họ cần đến văn ph&ograve;ng v&agrave;o l&uacute;c 8h.</p>\r\n<p style=\"text-align: justify;\">Trước đ&acirc;y, t&ocirc;i phải vật lộn với vấn đề n&agrave;y. Đầu ti&ecirc;n, t&ocirc;i lu&ocirc;n hi vọng rằng mọi người sẽ tự hiểu v&agrave; l&agrave;m đ&uacute;ng. Thứ hai, t&ocirc;i gh&eacute;t những ti&ecirc;u chuẩn k&eacute;p. Ch&iacute;nh v&igrave; vậy m&agrave; t&ocirc;i đ&atilde; kh&ocirc;ng n&oacute;i g&igrave; với ai về điều t&ocirc;i kỳ vọng cả. Tuy nhi&ecirc;n, c&aacute;ch l&agrave;m h&egrave;n nh&aacute;t n&agrave;y chẳng đem lại hiệu quả g&igrave; cả.</p>\r\n<p style=\"text-align: justify;\">Giờ đ&acirc;y điều t&ocirc;i cần l&agrave; n&oacute;i chuyện với c&aacute;c th&agrave;nh vi&ecirc;n, giải th&iacute;ch t&igrave;nh huống v&agrave; đặt kỳ vọng một số người sẽ đến văn ph&ograve;ng đ&uacute;ng giờ. V&agrave; rồi tất cả mọi việc đi v&agrave;o quỹ đạo như t&ocirc;i mong muốn. T&ocirc;i đ&atilde; nghĩ việc m&igrave;nh im lặng để nh&acirc;n vi&ecirc;n tự hiểu gi&uacute;p tr&aacute;nh được xung đột nhưng h&oacute;a ra n&oacute; chỉ g&acirc;y sự nhầm lẫn v&agrave; thất vọng.</p>\r\n<p style=\"text-align: justify;\">&nbsp;</p>\r\n<p style=\"text-align: justify;\"><strong>Chấp nhận nỗi c&ocirc; đơn</strong></p>\r\n<p style=\"text-align: justify;\">&nbsp;</p>\r\n<p style=\"text-align: justify;\">Mọi người vẫn lu&ocirc;n t&aacute;n đồng m&ocirc; h&igrave;nh l&atilde;nh đạo h&igrave;nh kim tự th&aacute;p, nơi vị vua ngồi tr&ecirc;n đỉnh cao v&agrave; được hỗ trợ, lấy l&ograve;ng bởi v&ocirc; số người ph&iacute;a dưới. Tuy nhi&ecirc;n, m&ocirc; h&igrave;nh l&atilde;nh đạo thực sự lại l&agrave; h&igrave;nh kim tự th&aacute;p ngược: To&agrave;n bộ tổ chức dựa v&agrave;o một l&atilde;nh đạo duy nhất để hỗ trợ nỗ lực của họ.</p>\r\n<p style=\"text-align: justify;\">Thực tế l&agrave; l&agrave;m sếp th&igrave; phải chấp nhận chịu nỗi c&ocirc; đơn. Bạn bị mặc định loại t&ecirc;n trong những buổi tụ tập của nh&acirc;n vi&ecirc;n. L&agrave;m l&atilde;nh đạo c&oacute; nghĩa l&agrave; đặt người kh&aacute;c l&ecirc;n trước bản th&acirc;n m&igrave;nh v&agrave; đặt tập thể l&ecirc;n trước mọi người. Điều n&agrave;y đ&ograve;i hỏi sự kỷ luật, hi sinh v&agrave; cả l&ograve;ng can đảm.</p>\r\n<p style=\"text-align: justify;\">Nếu bạn l&agrave;m những điều đ&uacute;ng đắn cho c&aacute;c c&aacute; nh&acirc;n v&agrave; cả tập thể, đ&ocirc;i khi bạn vẫn bị gh&eacute;t bỏ. Đơn giản điều đ&oacute; l&agrave; do nh&acirc;n vi&ecirc;n của bạn cần l&atilde;nh đạo chứ kh&ocirc;ng phải l&agrave; bạn b&egrave;.</p>\r\n<p style=\"text-align: justify;\">&nbsp;</p>\r\n<p style=\"text-align: justify;\">(Theo Mai L&acirc;m/Tr&iacute; Thức Trẻ)</p>', 'vi'),
(44, 22, 'The boss must be lonely! Employees do not need a boss to be friends with them, but need a leader who knows how to push people away from the safety loop to move on!', 'the-boss-must-be-lonely-employees-do-not-need-a-boss-to-be-friends-with-them-but-need-a-leader-who-knows-how-to-push-people-away-from-the-safety-loop-to-move-on', '', '', '', '<p>If you do not set expectations for the team, push employees out of their safety, make people responsible for their jobs, you are failing as a leader. Trying to be the best friend of everyone is basically a selfish act.<br />When I first went to work, I worked for a person who always seemed to despise his employees. Whatever you do, he can not be satisfied.</p>\r\n<p>When the spirit of the group is affected, I spend more time deciphering his behavior. In the end, I could not understand what made him do such a thing.</p>\r\n<p>That memory left a deep impression on me. Years later, when I opened the company, I promised myself that I would never become such a leader. I want to nurture an environment in which people feel empowered, appreciated and truly happy to be part of the team.</p>\r\n<p>However, when I try to avoid creating a malicious environment as I mentioned before, at last I go too far in another direction. I want to be friends with my staff. This made me avoid conflict, set up ambiguous expectations but then failed.</p>\r\n<p>Finally, I realize that: An employee needs a leader, not a friend.</p>\r\n<p>No need to be the best friend of all</p>\r\n<p>Leadership is very much like parenting. When you are a parent, you love your child so much that you want to give them whatever they want. The temptation is, over time, to spoil the gifts, somehow they will love you more.</p>\r\n<p>However, the fact is that parenting is not a game or a joke. It is to raise your child to be a stable, respected and successful future. This requires discipline, dedication and hard decisions. If you want the best for your child, you need to behave like a parent before and as a friend.</p>\r\n<p>This logic also applies to managing a group. As a leader, it can be very good if the group is relaxed, relaxed and happy. You are considered a \"cheerful boss\" of everyone. However, like parenting, leadership requires more than that. You can not help people grow, mature without motivating them.</p>\r\n<p>If you do not set expectations for the team, push employees out of their safety, make people responsible for their jobs, you are failing as a leader. Trying to be the best friend of everyone is basically a selfish act.</p>\r\n<p>Avoiding conflict only makes things worse</p>\r\n<p>Nobody wants to do the wrong thing. When a behavior causes disappointment or deviation from expectations, it is usually due to differences in knowledge or perception. Avoidance conflicts only make the situation worse.</p>\r\n<p>Instead, leaders have to make their expectations clear, even when they cause discomfort. For example, in our company, the working time is relatively flexible. If a member wants to work from 8:30 to 17:30, that\'s not a problem. However, I have a few employees, who are so busy working, they need to go to the office at 8am.</p>\r\n<p>Previously, I struggled with this issue. First of all, I always hope that people will understand and do the right thing. Second, I hate the double standards. That\'s why I did not talk to anyone about what I expected. However, this cowardice does not work.</p>\r\n<p>Now what I need is to talk to the members, explain the situation, and set expectations that some people will come to the office on time. And then everything goes into the direction I want. I thought my silence was to help the staff understand how to avoid conflict but it turned out to be confusing and frustrating.</p>\r\n<p>Accept the loneliness</p>\r\n<p>People still applaud the pyramid-shaped model, where the king sits atop a hill and is supported by countless people. However, the true leader model is the inverted pyramid: The whole organization relies on a single leader to support their efforts.</p>\r\n<p>The fact is that the boss must accept the loneliness. You default to the type of name in the employee gatherings. Leadership means putting others ahead of yourself and putting your team ahead of everyone. This requires discipline, sacrifice and courage.</p>\r\n<p>If you do the right thing for the individual and the whole team, sometimes you are hated. Simply because your employees need leadership, not friends.</p>', 'en'),
(45, 23, 'Kaizen – Nghệ thuật quản trị giúp Toyota không bao giờ phải đuổi người, ngay cả lúc nguy khốn nhất', 'kaizen-nghe-thuat-quan-tri-giup-toyota-khong-bao-gio-phai-duoi-nguoi-ngay-ca-luc-nguy-khon-nhat', '', '', '', '<p style=\"text-align: justify;\">&nbsp;</p>\r\n<p style=\"text-align: center;\"><img src=\"http://eagleele.vn//source/kaizen%20toyota.jpg?1509333127173\" alt=\"kaizen toyota\" /></p>\r\n<p style=\"text-align: justify;\">&nbsp;</p>\r\n<p style=\"text-align: justify;\">Ngay cả trong cuộc khủng hoảng t&agrave;i ch&iacute;nh 2008, ngay cả l&uacute;c Toyota chịu ảnh hưởng nặng nề từ trận động đất s&oacute;ng thần lịch sử, ngay cả l&uacute;c c&ocirc;ng ty n&agrave;y đối mặt với nguy cơ ph&aacute; sản, ch&iacute;nh s&aacute;ch &lsquo;n&oacute;i kh&ocirc;ng với sa thải nh&acirc;n vi&ecirc;n&rsquo; vẫn được duy tr&igrave;, d&ugrave; Toyota phải trả th&ecirc;m l&atilde;i vay 220 triệu USD/năm v&igrave; ch&iacute;nh s&aacute;ch n&agrave;y.</p>\r\n<p style=\"text-align: justify;\">&nbsp;</p>\r\n<p style=\"text-align: justify;\">Trong suốt cuộc khủng hoảng t&agrave;i ch&iacute;nh Ch&acirc;u &Aacute; năm 1997, Toyota Th&aacute;i Lan đ&atilde; trải qua 4 năm li&ecirc;n tiếp thua lỗ m&agrave; kh&ocirc;ng hề cắt giảm việc l&agrave;m.</p>\r\n<p style=\"text-align: justify;\">&nbsp;</p>\r\n<p style=\"text-align: justify;\">Mệnh lệnh n&agrave;y được đưa xuống từ người giữ cương vị cao nhất của Toyota l&uacute;c bấy giờ - Chủ tịch Hiroshi Okuda. &Ocirc;ng Okuda ra lệnh: \"Cắt giảm tất cả c&aacute;c chi ph&iacute;, nhưng kh&ocirc;ng được chạm v&agrave;o bất kỳ người n&agrave;o\".</p>\r\n<p style=\"text-align: justify;\">&nbsp;</p>\r\n<p style=\"text-align: justify;\">Cũng ch&iacute;nh v&igrave; ch&iacute;nh s&aacute;ch bảo đảm việc l&agrave;m suốt đời n&agrave;y, v&agrave;o th&aacute;ng 8/1998, Moody đ&atilde; hạ xếp hạng t&iacute;n nhiệm của Toyota từ AAA xuống AA1. Việc hạ mức t&iacute;n nhiệm n&agrave;y đồng nghĩa với việc Toyota phải đi vay với l&atilde;i suất cao hơn, l&atilde;i suất vay phải trả th&ecirc;m h&agrave;ng năm sẽ v&agrave;o khoảng 220 triệu USD.</p>\r\n<p style=\"text-align: justify;\">&nbsp;</p>\r\n<p style=\"text-align: justify;\">Mặc d&ugrave; vậy, c&aacute;c l&atilde;nh đạo cấp cao của Toyota tuy&ecirc;n bố sẽ kh&ocirc;ng từ bỏ cam kết của m&igrave;nh trong ch&iacute;nh s&aacute;ch bảo đảm việc l&agrave;m cho nh&acirc;n sự.</p>\r\n<p style=\"text-align: justify;\">&nbsp;&nbsp;</p>\r\n<p style=\"text-align: justify;\">V&igrave; sao Toyota c&oacute; thể tồn tại được gần 150 năm m&agrave; gần như kh&ocirc;ng đuổi một người n&agrave;o?</p>\r\n<p style=\"text-align: justify;\">&nbsp;</p>\r\n<p style=\"text-align: justify;\">Phần lớn những người hiểu nước Nhật đều c&oacute; chung một c&acirc;u trả lời: Khả năng Kaizen tại nơi l&agrave;m việc của c&ocirc;ng ty h&agrave;ng đầu Nhật Bản.</p>\r\n<p style=\"text-align: justify;\">&nbsp;</p>\r\n<p style=\"text-align: justify;\">Kaizen l&agrave; một thuật ngữ kinh tế của người Nhật. &ldquo;Kai&rdquo; c&oacute; nghĩa l&agrave; thay đổi v&agrave; từ &ldquo;Zen&rdquo; c&oacute; nghĩa l&agrave; tốt hơn, tức l&agrave; &ldquo;thay đổi để tốt hơn&rdquo; hoặc &ldquo;cải tiến li&ecirc;n tục&rdquo;.</p>\r\n<p style=\"text-align: justify;\">&nbsp;</p>\r\n<p style=\"text-align: justify;\">Kaizen của Toyota vốn l&agrave; hệ thống được sinh ra tại nơi sản xuất nhưng đồng thời Kaizen cũng được xem l&agrave; hệ thống đ&agrave;o tạo những con người biết suy nghĩ th&ocirc;ng qua tạo ra những cơ hội để họ ph&aacute;t huy tr&iacute; tuệ.</p>\r\n<p style=\"text-align: justify;\">&nbsp;</p>\r\n<p style=\"text-align: justify;\">Chi&ecirc;u nhỏ của Kaizen: H&atilde;y cố t&igrave;nh l&agrave;m kh&oacute; nh&acirc;n vi&ecirc;n, gặp kh&oacute; khăn con người sẽ ph&aacute;t huy tr&iacute; tuệ</p>\r\n<p style=\"text-align: justify;\">&nbsp;</p>\r\n<p style=\"text-align: justify;\">Để một ai đ&oacute; h&agrave;nh động, họ PHẢI l&agrave; người đưa ra &yacute; kiến. Khi tự m&igrave;nh đ&oacute;ng g&oacute;p &yacute; kiến, con người sẽ tự tin v&agrave; biết &ldquo;tự m&igrave;nh h&agrave;nh động&rdquo; theo hướng t&iacute;ch cực.</p>\r\n<p style=\"text-align: justify;\">&nbsp;</p>\r\n<p style=\"text-align: justify;\">Vậy l&agrave;m c&aacute;ch n&agrave;o để người kh&aacute;c đ&oacute;ng g&oacute;p &yacute; kiến? H&atilde;y cố t&igrave;nh l&agrave;m kh&oacute; họ một ch&uacute;t. Khi đối diện với kh&oacute; khăn, con người sẽ buộc phải suy nghĩ để đưa ra phương &aacute;n giải quyết.</p>\r\n<p style=\"text-align: justify;\">&nbsp;</p>\r\n<p style=\"text-align: justify;\">&Ocirc;ng Takeshi Yoshida l&agrave; kỹ sư trưởng phụ tr&aacute;ch d&ograve;ng xe Corolla thế hệ thứ 9, đồng thời cũng l&agrave; người tham gia v&agrave;o ph&aacute;t triển d&ograve;ng xe Lexus dưới sự chỉ đạo của kỹ sư trưởng Ichiro Suzuki.</p>\r\n<p style=\"text-align: justify;\">&nbsp;</p>\r\n<p style=\"text-align: justify;\">Khi bắt tay v&agrave;o x&acirc;y dựng d&ograve;ng xe chiến lược tại Ch&acirc;u &Aacute; &ndash; d&ograve;ng xe Tercel (hay c&ograve;n gọi l&agrave; Soluna tại Th&aacute;i Lan), &ocirc;ng Yoshida đ&atilde; thử một c&aacute;ch l&agrave;m vừa th&uacute; vị vừa &ldquo;l&agrave;m kh&oacute; người kh&aacute;c&rdquo; như sau:</p>\r\n<p style=\"text-align: justify;\">&nbsp;</p>\r\n<p style=\"text-align: justify;\">D&ograve;ng xe Soluna dự định b&aacute;n ở Th&aacute;i Lan &ndash; một quốc gia đang ph&aacute;t triển tại thời điểm bấy giờ, n&ecirc;n cần thiết lập gi&aacute; b&aacute;n thấp hơn nhiều so với d&ograve;ng xe Corolla. Thế nhưng, đương thời d&ograve;ng xe Corolla đ&atilde; thuộc mức thấp nhất trong c&aacute;c d&ograve;ng xe của Toyota, v&agrave; nhận thức n&agrave;y đ&atilde; ăn s&acirc;u v&agrave;o suy nghĩ của nh&acirc;n vi&ecirc;n.</p>\r\n<p style=\"text-align: justify;\">&nbsp;</p>\r\n<p style=\"text-align: justify;\">Bởi vậy, họ kh&ocirc;ng thể tưởng tượng được nếu sản xuất d&ograve;ng xe dưới cả Corolla th&igrave; sẽ ra thứ g&igrave;. Khi &ocirc;ng Yoshida hỏi: &ldquo;C&oacute; thể loại bỏ được phần n&agrave;o từ Corolla kh&ocirc;ng?&rdquo;. C&acirc;u trả lời &ocirc;ng nhận được chỉ l&agrave; &ldquo;L&agrave;m g&igrave; c&ograve;n g&igrave; để loại bỏ&rdquo;.</p>\r\n<p style=\"text-align: justify;\">&nbsp;</p>\r\n<p style=\"text-align: justify;\">&Ocirc;ng Yoshida đ&atilde; đưa ra một hướng l&agrave;m: &Ocirc;ng cố t&iacute;nh l&agrave;m một mẫu xe rất rẻ v&agrave; cũng rất tệ rồi mang đến cho mọi người c&ugrave;ng xem. Khi nh&igrave;n chiếc xe &ldquo;giẻ r&aacute;ch&rdquo; n&agrave;y, h&agrave;ng loạt &yacute; kiến được đưa ra &ldquo;Chỗ n&agrave;y kh&ocirc;ng được&rdquo;, &ldquo;Tối thiểu th&igrave; chỗ n&agrave;y cũng phải l&agrave;m được thế n&agrave;y&rdquo;&hellip;</p>\r\n<p style=\"text-align: justify;\">&nbsp;</p>\r\n<p style=\"text-align: justify;\">Từ &yacute; tưởng tồi tệ của &ocirc;ng Yoshida, mỗi người th&ecirc;m một ch&uacute;t, kết quả l&agrave; mẫu xe Soluna ra đời.</p>\r\n<p style=\"text-align: justify;\">&nbsp;</p>\r\n<p style=\"text-align: justify;\">Một trụ cột trong Kaizen theo phong c&aacute;ch Toyota ch&iacute;nh l&agrave; tr&iacute; tuệ con người. Vai tr&ograve; lớn nhất của người cấp tr&ecirc;n l&agrave; tạo m&ocirc;i trường để l&ocirc;i những tr&iacute; tuệ đ&oacute; ra v&agrave; gom ch&uacute;ng lại, x&acirc;y dựng những phương &aacute;n Kaizen tốt hơn. T&iacute;ch lũy những Kaizen nhỏ sẽ cho ra những th&agrave;nh quả bất ngờ về sau.</p>\r\n<p style=\"text-align: justify;\">&nbsp;</p>\r\n<p style=\"text-align: justify;\">Ch&iacute;nh v&igrave; lu&ocirc;n t&igrave;m kiếm sự đổi mới, cải tiến li&ecirc;n tục m&agrave; m&ocirc;i trường l&agrave;m việc của Toyota lu&ocirc;n đạt đến sự chuy&ecirc;n m&ocirc;n h&oacute;a cao, giảm thiểu l&atilde;ng ph&iacute;, đạt hiệu suất lao động tối đa v&agrave; con người lu&ocirc;n l&agrave;m chủ thiết bị, m&aacute;y m&oacute;c.</p>\r\n<p style=\"text-align: justify;\">&nbsp;</p>\r\n<p style=\"text-align: justify;\">(Theo Bảo Bảo/Tr&iacute; Thức Trẻ)</p>', 'vi'),
(46, 23, 'Kaizen - The art of management helps Toyota never chase people, even at the most dangerous', 'kaizen---the-art-of-management-helps-toyota-never-chase-people-even-at-the-most-dangerous', '', '', '', '<p>Even in the 2008 financial crisis, even as Toyota suffered from the devastating earthquake, even at this company facing bankruptcy, the policy of saying no to layoffs employees still maintain, although Toyota has to pay additional interest 220 million dollars a year because of this policy.<br />Accepting $ 220 million a year, it is better to cut costs rather than cut back on people</p>\r\n<p>During the Asian financial crisis of 1997, Toyota Thailand experienced four consecutive years of losses without cutting back on jobs.</p>\r\n<p>This order was taken down from Toyota\'s highest official at that time - President Hiroshi Okuda. Mr. Okuda ordered: \"Cut all costs, but do not touch anyone.\"</p>\r\n<p>As a result of this lifetime job security policy, Moody downgraded Toyota\'s rating from AAA to AA1 in August 1998. This downgrade means that Toyota has to borrow at higher interest rates and the annual interest rate will be around $ 220 million.</p>\r\n<p>Toyota\'s top executives, however, say they will not give up their commitment to job security policies.</p>\r\n<p><br />Why can not Toyota survive nearly 150 years?</p>\r\n<p>Most people who understand Japanese have the same answer: Kaizen ability in the workplace of leading Japanese companies.</p>\r\n<p>Kaizen is an economic term for the Japanese. \"Kai\" means change and the word \"Zen\" means better, ie \"change for better\" or \"continuous improvement\".</p>\r\n<p>Toyota\'s Kaizen system was born at the production site, but Kaizen was also considered a training system for thinkers by creating opportunities for them to develop their mind.</p>\r\n<p>Kaizen\'s Kaizen: Let\'s try hard to make it difficult for employees, who will have trouble developing their intellect</p>\r\n<p>For someone to act, they MUST be the one who gives the opinion. When people contribute their ideas, people will be confident and know \"to act on their own\" in a positive way.</p>\r\n<p>So how can others contribute? Make it a little harder. When faced with difficulties, people will be forced to think to come up with solutions.</p>\r\n<p>Takeshi Yoshida is the 9th generation Corolla Chief Engineer, and is also involved in developing the Lexus under the direction of Ichiro Suzuki.</p>\r\n<p>When it comes to building a strategic vehicle in Asia - the Tercel (also known as Soluna in Thailand), Yoshida has tried something interesting and \"hard on others\" as follows:</p>\r\n<p>Soluna intended to sell in Thailand - a developing country at the time, so it was necessary to set a much lower price than the Corolla. However, the Corolla was at the lowest level in Toyota\'s lineup, and this awareness was ingrained in the minds of employees.</p>\r\n<p>Therefore, they can not imagine if the production of cars under the Corolla will come out. When Mr. Yoshida asked, \"Can you get rid of the corolla?\" The answer he got was \"What to do to get rid of\".</p>\r\n<p>Mr. Yoshida gave a direction: He tried to make a very cheap and very bad car and brought it to everyone. When looking at this \"rag\" car, a series of comments are given \"This place is not\", \"At least this should also do this\" ...</p>\r\n<p>From Mr. Yoshida\'s bad idea, each one a little more, resulting in the Soluna.</p>\r\n<p>A pillar in Kaizen style Toyota is the human mind. The uppermost role of the superiors is to create an environment for drawing those minds and gathering them, developing better Kaizen schemes. Accumulation of small Kaizen will produce unexpected results later.</p>\r\n<p>Because of constant innovation and continuous improvement, Toyota\'s working environment is always highly specialized, minimizing waste, maximizing employee productivity and keeping the owner at the top. machines.</p>', 'en'),
(47, 24, 'Nguyên tắc quản trị của tỷ phú giàu thứ 69 thế giới: Sa thải nhân viên ngay lập tức nếu không biết \"chửi” sếp', 'nguyen-tac-quan-tri-cua-ty-phu-giau-thu-69-the-gioi-sa-thai-nhan-vien-ngay-lap-tuc-neu-khong-biet-chui-sep', '', '', '', '<p style=\"text-align: justify;\">&nbsp;</p>\r\n<p style=\"text-align: center;\"><img src=\"http://eagleele.vn//source/ray%20dalio.jpg?1509333521845\" alt=\"\" width=\"600\" height=\"338\" /></p>\r\n<p style=\"text-align: justify;\">&nbsp;</p>\r\n<p style=\"text-align: justify;\">Tỷ ph&uacute; tự th&acirc;n Ray Dalio l&agrave; nh&agrave; s&aacute;ng lập ki&ecirc;m đồng Gi&aacute;m đốc Đầu tư của quỹ đầu tư thanh khoản lớn nhất thế giới Bridgewater Associates.</p>\r\n<p style=\"text-align: justify;\">&nbsp;</p>\r\n<p style=\"text-align: justify;\">\"D&ugrave; cho Dalio được mệnh danh l&agrave; \"Steve Jobs của giới đầu tư&rdquo;, song c&aacute;c nh&acirc;n vi&ecirc;n dưới quyền kh&ocirc;ng hề n&oacute;i chuyện với &ocirc;ng như thể &ocirc;ng &yacute; l&agrave; người đặc biệt&rdquo;, Gi&aacute;o sư Adam Grant của Đại học Wharton m&ocirc; tả về Dalio trong cuốn s&aacute;ch mới \"Originals&rdquo;.</p>\r\n<p style=\"text-align: justify;\">&nbsp;</p>\r\n<p style=\"text-align: justify;\">Thậm ch&iacute;, nhiều người sẵn s&agrave;ng chỉ tr&iacute;ch sếp của họ nếu cảm thấy quyết định của Dalio chưa thỏa đ&aacute;ng.</p>\r\n<p style=\"text-align: justify;\">&nbsp;</p>\r\n<p style=\"text-align: justify;\">C&oacute; thể dẫn ra đ&acirc;y bức email m&agrave; một đồng nghiệp đ&atilde; gửi cho Dalio sau một cuộc họp với kh&aacute;ch h&agrave;ng tiềm năng rất quan trọng:</p>\r\n<p style=\"text-align: justify;\">&nbsp;</p>\r\n<p style=\"text-align: justify;\">\"Ray, &ocirc;ng xứng đ&aacute;ng nhận điểm D cho m&agrave;n thể hiện của m&igrave;nh h&ocirc;m nay&hellip; &Ocirc;ng n&oacute;i luy&ecirc;n thuy&ecirc;n trong suốt 50 ph&uacute;t&hellip;</p>\r\n<p style=\"text-align: justify;\">&nbsp;</p>\r\n<p style=\"text-align: justify;\">Tất cả ch&uacute;ng t&ocirc;i đều nhận thấy l&agrave; &ocirc;ng kh&ocirc;ng chuẩn bị g&igrave; cho cuộc họp n&agrave;y cả, v&igrave; kh&ocirc;ng thể n&agrave;o &ocirc;ng lại tr&igrave;nh b&agrave;y thiếu logic như vậy nếu c&oacute; sự chuẩn bị trước&hellip; Ng&agrave;y h&ocirc;m nay thật sự tệ. Ch&uacute;ng ta kh&ocirc;ng thể để t&igrave;nh trạng n&agrave;y lặp lại&rdquo;.</p>\r\n<p style=\"text-align: justify;\">&nbsp;</p>\r\n<p style=\"text-align: justify;\">\"Tại một c&ocirc;ng ty kh&aacute;c, gửi một email với nội dung chỉ tr&iacute;ch sếp gay gắt như thế n&agrave;y chẳng kh&aacute;c g&igrave; tự s&aacute;t sự nghiệp&rdquo;, Gi&aacute;o sư Grant cho biết. Nhưng ở Bridgewater, c&aacute;c nh&acirc;n vi&ecirc;n được y&ecirc;u cầu phải biết chỉ tr&iacute;ch đồng nghiệp, thậm ch&iacute; l&agrave; l&atilde;nh đạo, khi cần.</p>\r\n<p style=\"text-align: justify;\">&nbsp;</p>\r\n<p style=\"text-align: justify;\">Họ thậm ch&iacute; sẽ được đ&aacute;nh gi&aacute; dựa tr&ecirc;n việc c&oacute; d&aacute;m n&oacute;i ra quan điểm của m&igrave;nh hay kh&ocirc;ng.</p>\r\n<p style=\"text-align: justify;\">&nbsp;</p>\r\n<p style=\"text-align: justify;\">Tr&ecirc;n thực tế, nh&acirc;n vi&ecirc;n của Dalio c&oacute; thể bị sa thải nếu như kh&ocirc;ng thể phản biện v&agrave; chỉ tr&iacute;ch sếp, &ocirc;ng Grant kết luận sau khi thực hiện nhiều cuộc phỏng vấn với nh&agrave; tỷ ph&uacute; để phục vụ cho cuốn s&aacute;ch mới của m&igrave;nh.</p>\r\n<p style=\"text-align: justify;\">&nbsp;</p>\r\n<p style=\"text-align: justify;\">Đ&acirc;y l&agrave; một sự kỳ vọng được n&ecirc;u ra ngay từ ng&agrave;y l&agrave;m việc đầu ti&ecirc;n. Trong qu&aacute; tr&igrave;nh đ&agrave;o tạo nh&acirc;n vi&ecirc;n mới, khi họ được học về c&aacute;c quy tắc v&agrave; quy định tại Bridgewater, họ sẽ li&ecirc;n tục bị hỏi: Anh chị c&oacute; đồng &yacute; kh&ocirc;ng?</p>\r\n<p style=\"text-align: justify;\">&nbsp;</p>\r\n<p style=\"text-align: justify;\">Dễ thấy l&agrave; Dalio mong muốn nh&acirc;n vi&ecirc;n của m&igrave;nh c&oacute; suy nghĩ độc lập v&agrave; c&oacute; khả năng th&aacute;ch thức những chuẩn mực truyền thống khi cần thiết.</p>\r\n<p style=\"text-align: justify;\">&nbsp;</p>\r\n<p style=\"text-align: justify;\">\"Đừng để sự trung th&agrave;nh chen v&agrave;o giữa sự thật v&agrave; sự cởi mở&rdquo;, nh&agrave; tỷ ph&uacute; tự th&acirc;n nhấn mạnh trong nội quy của Bridgewater. \"Kh&ocirc;ng ai c&oacute; quyền chỉ tr&iacute;ch người kh&aacute;c nếu kh&ocirc;ng d&aacute;m n&oacute;i thẳng ra điều đ&oacute;&rdquo;.</p>\r\n<p style=\"text-align: justify;\">&nbsp;</p>\r\n<p style=\"text-align: justify;\">Tuy nhi&ecirc;n, kh&ocirc;ng phải nh&agrave; l&atilde;nh đạo n&agrave;o cũng c&oacute; được sự cởi mở như Dalio. Tr&ecirc;n thực tế, hầu hết c&aacute;c chuy&ecirc;n gia tư vấn phụ tr&aacute;ch mục Sự nghiệp ở New York Times hay Forbes đều đưa ra những lời khuy&ecirc;n thận trọng khi c&oacute; độc giả n&agrave;o đ&oacute; hỏi &yacute; kiến về việc \"c&oacute; n&ecirc;n chỉ tr&iacute;ch sếp hay kh&ocirc;ng?&rdquo;.</p>\r\n<p style=\"text-align: justify;\">&nbsp;</p>\r\n<p style=\"text-align: justify;\">Trong \"Cẩm nang sống s&oacute;t khi chỉ tr&iacute;ch sếp&rdquo; tr&ecirc;n New York Times, b&agrave; Heather Gatley, Ph&oacute; Chủ tịch điều h&agrave;nh khối nh&acirc;n sự tại Alpha Staff khuyến c&aacute;o nh&acirc;n vi&ecirc;n cần c&oacute; v&iacute; dụ hết sức cụ thể để l&agrave;m sở cứ cho mọi tuy&ecirc;n bố của m&igrave;nh khi trao đổi \"mặt đối mặt&rdquo; với sếp.</p>\r\n<p style=\"text-align: justify;\">&nbsp;</p>\r\n<p style=\"text-align: justify;\">Tương tự, LinkedIn đưa ra 5 lời khuy&ecirc;n để độc giả \"vẫn g&oacute;p &yacute; được cho sếp nhưng vẫn giữ được c&ocirc;ng việc&rdquo;, tập trung v&agrave;o lựa chọn thời điểm l&ecirc;n tiếng, trao đổi ri&ecirc;ng tư, tập hợp đủ sở cứ, tỏ ra rộng lượng v&agrave; kh&ocirc;ng chấp nhặt tiểu tiết khi tranh luận. Quan trọng nhất, nh&acirc;n vi&ecirc;n cần biết khi n&agrave;o th&igrave; n&ecirc;n dừng lại.</p>\r\n<p style=\"text-align: justify;\">&nbsp;</p>\r\n<p style=\"text-align: justify;\">Ray Dalio (8.8.1949) l&agrave; nh&agrave; đầu tư kỳ cựu người Mỹ. Năm 2012, &ocirc;ng xuất hiện trong danh s&aacute;ch 100 người c&oacute; ảnh hưởng nhất thế giới của Tạp ch&iacute; Times. Trong li&ecirc;n tiếp hai năm 2011 - 2012, Bloomberg Markets đưa &ocirc;ng v&agrave;o danh s&aacute;ch \"50 người c&oacute; sức ảnh hưởng nhất&rdquo;. C&ograve;n theo Forbes, Dalio hiện l&agrave; vị tỷ ph&uacute; gi&agrave;u thứ 30 tại Mỹ v&agrave; gi&agrave;u thứ 69 tr&ecirc;n thế giới, với tổng t&agrave;i sản r&ograve;ng trị gi&aacute; 15,9 tỷ USD t&iacute;nh đến th&aacute;ng 2.2017.</p>\r\n<p style=\"text-align: justify;\">&nbsp;</p>\r\n<p style=\"text-align: justify;\">(Theo Y&ecirc;n Nhi&ecirc;n/Tr&iacute; Thức Trẻ)</p>', 'vi'),
(48, 24, 'Rule of Governors of the 69th richest billionaire in the world: Dismiss staff immediately if you do not know &quot;cheat&quot; the boss', 'rule-of-governors-of-the-69th-richest-billionaire-in-the-world-dismiss-staff-immediately-if-you-do-not-know-cheat-the-boss', '', '', '', '<p>Self-reliant Ray Dalio is the founder and co-investment director of the world\'s largest liquid fund, Bridgewater Associates.<br />\"Even though Dalio was dubbed\" Steve Jobs, \"his staff did not talk to him as if he were special,\" said Wharton University professor Adam Grant. Dalio in the new book \"Originals\".</p>\r\n<p>Even so, many are willing to criticize their bosses if they feel Dalio\'s decision is not satisfactory.</p>\r\n<p>Here\'s an email that a colleague sent to Dalio after a very important meeting with a prospect:</p>\r\n<p>\"Ray, you deserve a D for your show today ...\" He spoke in frustration for 50 minutes.</p>\r\n<p>We all realized that he was not prepared for this meeting, because there was no way he could show such logic without any preparation. We can not let this situation happen again. \"</p>\r\n<p>\"At another company, sending an e-mail message with such harsh criticism was like a career suicide,\" Grant said, but in Bridgewater, employees were asked to criticize. Colleagues, even leaders, when needed.</p>\r\n<p>They will even be judged on whether they dare to speak out.</p>\r\n<p>In fact, Dalio\'s employees may be fired if they can not critique and criticize their boss, Mr Grant concluded after conducting more interviews with the billionaire to serve his new book.</p>\r\n<p>This is an expectation from the first working day. In the process of training new employees, as they learn about the rules and regulations at Bridgewater, they are constantly being asked: Do you agree?</p>\r\n<p>It is easy to see that Dalio expects his staff to think independently and be able to challenge traditional norms when necessary.</p>\r\n<p>\"Do not let loyalty get in the way of truth and openness,\" said the billionaire himself in Bridgewater\'s Rule. \"No one has the right to criticize others without daring to speak out.\"</p>\r\n<p>However, not every leader has the same openness as Dalio. In fact, most of the career advisers in the New York Times or Forbes cautions are cautious when some reader asks for \"whether to criticize the boss or not? \"</p>\r\n<p>In the New York Times, Heather Gatley, executive vice president of human resources at Alpha Staff, advises employees to have a very specific example to base their claims on. His father exchanged \"face to face\" with his boss.</p>\r\n<p>Similarly, LinkedIn offers five tips for readers to \"keep commenting on your boss but keep the job,\" focusing on choosing the right time, exchanging private, gathering evidence, Most importantly, employees need to know when to stop.</p>\r\n<p>Ray Dalio (8.8.1949) is a veteran American investor. In 2012, he appeared on the Times magazine\'s 100 Most Influential People. In two consecutive years 2011 - 2012, Bloomberg Markets put him on the list of \"50 most influential people.\" According to Forbes, Dalio is currently the 30th richest billionaire in the United States and the 69th richest in the world, with Total net worth of $ 15.9 billion as of February 2017.</p>', 'en');
INSERT INTO `library_lang` (`id`, `library_id`, `title`, `slug`, `meta_description`, `meta_keywords`, `description`, `content`, `language`) VALUES
(49, 25, '3 bí quyết thu phục lòng người của nhà quản trị', '3-bi-quyet-thu-phuc-long-nguoi-cua-nha-quan-tri', '', '', '', '<p style=\"text-align: justify;\">&nbsp;</p>\r\n<p style=\"text-align: center;\"><img src=\"http://eagleele.vn//source/thu%20phuc%20long%20nguoi.jpg?1509334456376\" alt=\"\" width=\"540\" height=\"288\" /></p>\r\n<p style=\"text-align: justify;\">&nbsp;</p>\r\n<p style=\"text-align: justify;\">Những nh&agrave; quản trị h&agrave;nh xử qu&ecirc;n m&igrave;nh, quan t&acirc;m về đồng nghiệp hơn bản th&acirc;n sẽ khiến nh&acirc;n vi&ecirc;n tin tưởng, hợp t&aacute;c, dấn th&acirc;n, trung th&agrave;nh, c&oacute; tr&aacute;ch nhiệm v&agrave; quyết t&acirc;m hơn.</p>\r\n<p style=\"text-align: justify;\">&nbsp;</p>\r\n<p style=\"text-align: justify;\">Một cuộc thăm d&ograve; mới đ&acirc;y của Viện Gallup cho thấy, c&oacute; đến 70% nh&acirc;n vi&ecirc;n kh&ocirc;ng quan t&acirc;m đến c&ocirc;ng việc v&agrave; vấn đề n&agrave;y đang khiến c&aacute;c nh&agrave; quản trị \"đau đầu\". Theo TS. Emma Sepp&auml;l&auml; - Gi&aacute;m đốc Khoa học của Trung t&acirc;m Nghi&ecirc;n cứu v&agrave; Giảng dạy thuộc Đại học Stanford (California), một số người sử dụng những phần thưởng vật chất (tiền thưởng, ph&ograve;ng chơi game, thực phẩm miễn ph&iacute;) với hy vọng l&agrave;m cho nh&acirc;n vi&ecirc;n vui vẻ hơn.</p>\r\n<p style=\"text-align: justify;\">&nbsp;</p>\r\n<p style=\"text-align: justify;\">Tuy nhi&ecirc;n, kết quả nghi&ecirc;n cứu cho thấy những nỗ lực n&agrave;y, mặc d&ugrave; nhận được sự biết ơn, vẫn kh&ocirc;ng giải quyết một c&aacute;ch hữu hiệu những yếu tố \"sức khỏe t&acirc;m sinh l&yacute;\" của nh&acirc;n vi&ecirc;n về mặt l&acirc;u d&agrave;i. Thay v&agrave;o đ&oacute;, nh&agrave; quản trị được lưu &yacute; n&ecirc;n l&agrave;m cho nh&acirc;n vi&ecirc;n của họ ba việc sau, theo Emma Sepp&auml;l&auml;:</p>\r\n<p style=\"text-align: justify;\">&nbsp;</p>\r\n<p style=\"text-align: justify;\"><strong>Truyền cảm hứng</strong></p>\r\n<p style=\"text-align: justify;\">&nbsp;</p>\r\n<p style=\"text-align: justify;\">Bất luận c&ocirc;ng ty của bạn l&agrave;m g&igrave; &ndash; cung cấp dịch vụ hay bu&ocirc;n b&aacute;n sản phẩm &ndash; điều quan trọng l&agrave; kh&ocirc;ng gian văn h&oacute;a của c&ocirc;ng ty phải c&oacute; &yacute; nghĩa.</p>\r\n<p style=\"text-align: justify;\">&nbsp;</p>\r\n<p style=\"text-align: justify;\">Nhiều nghi&ecirc;n cứu cho thấy, người c&oacute; t&iacute;nh quả quyết thường tập trung, s&aacute;ng tạo v&agrave; linh động hơn, v&igrave; thế nh&agrave; quản trị n&ecirc;n lưu &yacute; nh&acirc;n vi&ecirc;n về những việc l&agrave;m của họ đ&atilde; cải thiện đời sống con người như thế n&agrave;o. Th&ocirc;ng b&aacute;o những lời khen của kh&aacute;ch h&agrave;ng, hay tuy&ecirc;n bố một phần lợi nhuận của c&ocirc;ng ty được tặng cho những tổ chức thiện nguyện&hellip; l&agrave; một v&agrave;i v&iacute; dụ. Ngay cả những nh&acirc;n vi&ecirc;n thường tỏ ra &iacute;t h&agrave;i l&ograve;ng, cũng cảm thấy việc l&agrave;m của m&igrave;nh tốt hơn khi được l&agrave;m việc với mục đ&iacute;ch cao cả.</p>\r\n<p style=\"text-align: justify;\">&nbsp;</p>\r\n<p style=\"text-align: justify;\">Những nh&agrave; quản trị cũng l&agrave; nguồn cảm hứng lớn với nh&acirc;n vi&ecirc;n. Nghi&ecirc;n cứu cho thấy khi họ h&agrave;nh xử qu&ecirc;n m&igrave;nh, quan t&acirc;m về đồng nghiệp hơn bản th&acirc;n, th&igrave; nh&acirc;n vi&ecirc;n sẽ tin tưởng, hợp t&aacute;c, dấn th&acirc;n, trung th&agrave;nh, c&oacute; tr&aacute;ch nhiệm v&agrave; quyết t&acirc;m hơn. Nh&agrave; quản trị c&ocirc;ng bằng cũng tạo ra sự cống hiến nhiều hơn, những c&ocirc;ng d&acirc;n tốt hơn v&agrave; hiệu năng l&agrave;m việc cao hơn.&nbsp;</p>\r\n<p style=\"text-align: justify;\">&nbsp;</p>\r\n<p style=\"text-align: justify;\"><strong>Sự tử tế</strong></p>\r\n<p style=\"text-align: justify;\">&nbsp;</p>\r\n<p style=\"text-align: justify;\">Con người l&agrave; lo&agrave;i động vật uy&ecirc;n b&aacute;c, nhưng những giao dịch của con người tại sở l&agrave;m thường giới hạn bởi những trao đổi m&aacute;y m&oacute;c. Đ&acirc;y l&agrave; một sai lầm. Theo một nghi&ecirc;n cứu tại Anh, sự th&acirc;n thiện v&agrave; c&ocirc;ng nhận những th&agrave;nh t&iacute;ch của nh&acirc;n vi&ecirc;n được xem quan trọng hơn l&agrave; lương bổng cao khi khuyến kh&iacute;ch sự trung th&agrave;nh đối với c&ocirc;ng ty.</p>\r\n<p style=\"text-align: justify;\">&nbsp;</p>\r\n<p style=\"text-align: justify;\">Nghi&ecirc;n cứu kh&aacute;c x&aacute;c nhận rằng quan hệ lạc quan v&agrave; ấm c&uacute;ng l&agrave; một trong những yếu tố quan trọng nhất của trạng th&aacute;i t&acirc;m l&yacute; hạnh ph&uacute;c, cho n&ecirc;n nh&agrave; quản trị phải để &yacute; đến kh&ocirc;ng gian văn h&oacute;a m&agrave; họ tạo ra v&agrave; những cảm t&iacute;nh m&agrave; họ bộc lộ, bao gồm sự tinh tế, t&ocirc;n trọng &ndash; những yếu tố l&agrave;m tăng sự s&aacute;ng tạo của từng c&aacute; nh&acirc;n cũng như đội, nh&oacute;m.</p>\r\n<p style=\"text-align: justify;\">&nbsp;</p>\r\n<p style=\"text-align: justify;\">Sự th&acirc;n mật của nh&agrave; quản trị cũng quan trọng: nghi&ecirc;n cứu của Dean Tjosvold tại Đại học Lingnan cho thấy điều n&agrave;y sẽ khiến cấp dưới phấn chấn v&agrave; l&agrave;m việc hiệu quả hơn. C&ograve;n Amy Cuddy của Viện Thương mại Harvard khẳng định điều ấy l&agrave;m cho việc quản l&yacute; trở n&ecirc;n hữu hiệu hơn.</p>\r\n<p style=\"text-align: justify;\">&nbsp;</p>\r\n<p style=\"text-align: justify;\">Mặc d&ugrave; việc biểu lộ sự giận dữ c&oacute; thể c&oacute; lợi (Lara Tiedens của Đại học Stanford nhận x&eacute;t đ&ocirc;i khi tỏ ra giận dữ l&agrave;m cho người ta trở n&ecirc;n mạnh hơn, c&oacute; quyền lực hơn), nhưng c&aacute;c nghi&ecirc;n cứu đ&atilde; chứng minh những cảm x&uacute;c ti&ecirc;u cực l&agrave;m giảm uy t&iacute;n của gi&aacute;m đốc cũng như giảm khả năng thuyết phục nh&acirc;n vi&ecirc;n.</p>\r\n<p style=\"text-align: justify;\">&nbsp;</p>\r\n<p style=\"text-align: justify;\">Nh&agrave; quản trị tử tế thường l&agrave;m những việc nhỏ để biểu lộ sự quan t&acirc;m đến nh&acirc;n vi&ecirc;n như những người b&igrave;nh đẳng với nhau, chứ kh&ocirc;ng phải l&agrave; thuộc cấp của họ. Những c&acirc;u ch&agrave;o hỏi, hay c&aacute;ch lắng nghe c&acirc;u trả lời của nh&acirc;n vi&ecirc;n l&agrave; dấu hiệu tốt đầu ti&ecirc;n. Những h&agrave;nh xử n&agrave;y c&oacute; thể được chuẩn h&oacute;a th&agrave;nh nội quy của c&ocirc;ng ty.</p>\r\n<p style=\"text-align: justify;\">&nbsp;</p>\r\n<p style=\"text-align: justify;\">Tại một c&ocirc;ng ty thuộc nh&oacute;m Fortune 100, nếu một nh&acirc;n vi&ecirc;n bị bệnh nặng hay bị mất người th&acirc;n trong gia đ&igrave;nh, tổng gi&aacute;m đốc (CEO) lu&ocirc;n được th&ocirc;ng b&aacute;o ngay để c&oacute; thể đến gặp nh&acirc;n vi&ecirc;n ấy lập tức. C&oacute; trường hợp, khi được th&ocirc;ng b&aacute;o nh&acirc;n vi&ecirc;n vừa chẩn đo&aacute;n bị ung thư n&atilde;o, CEO liền gọi điện thoại trong v&ograve;ng 15 ph&uacute;t v&agrave; hỏi thăm l&agrave;m thế n&agrave;o để &ocirc;ng ta v&agrave; c&ocirc;ng ty c&oacute; thể hỗ trợ cho nh&acirc;n vi&ecirc;n ấy tốt nhất.</p>\r\n<p style=\"text-align: justify;\">&nbsp;</p>\r\n<p style=\"text-align: justify;\"><strong>Tự chăm s&oacute;c</strong></p>\r\n<p style=\"text-align: justify;\">&nbsp;</p>\r\n<p style=\"text-align: justify;\">Nhiều c&ocirc;ng ty chỉ quan t&acirc;m đến sức khỏe t&acirc;m sinh l&yacute; của nh&acirc;n vi&ecirc;n bằng tiền, chẳng hạn hỗ trợ tiền ghi danh v&agrave;o c&acirc;u lạc bộ thể thao, lớp học yoga, thiền, nhưng thời kh&oacute;a biểu l&agrave;m việc th&igrave; thật căng thẳng, do vậy vẫn kh&ocirc;ng cho nh&acirc;n vi&ecirc;n đủ thời giờ để hưởng những ph&uacute;c lợi ấy. Những chương tr&igrave;nh bảo vệ v&agrave; n&acirc;ng cao sức khỏe sẽ kh&ocirc;ng thực hiện được, nếu c&ocirc;ng ty kh&ocirc;ng tạo ra một m&ocirc;i trường để nh&acirc;n vi&ecirc;n tự chăm s&oacute;c sức khỏe được khuyến kh&iacute;ch.</p>\r\n<p style=\"text-align: justify;\">&nbsp;</p>\r\n<p style=\"text-align: justify;\">Theo Sabine Sonnentag thuộc Đại học Konstanz (Đức) th&igrave; tập thể dục, giải lao, những động t&aacute;c thư gi&atilde;n v&agrave; vạch r&otilde; l&agrave;n ranh giữa việc ở sở l&agrave;m với việc gia đ&igrave;nh sẽ gi&uacute;p giảm stress, tăng sức khỏe t&acirc;m sinh l&yacute; cũng như sự hăng say của nh&acirc;n vi&ecirc;n.</p>\r\n<p style=\"text-align: justify;\">&nbsp;</p>\r\n<p style=\"text-align: justify;\">Nh&agrave; quản trị cũng c&oacute; thể khuyến kh&iacute;ch nh&acirc;n vi&ecirc;n l&agrave;m một việc rất căn bản l&agrave; ngủ. Một nh&acirc;n vi&ecirc;n được nghỉ ngơi đầy đủ l&agrave; một người vui vẻ v&agrave; l&agrave;m việc hiệu quả hơn. Rất nhiều nghi&ecirc;n cứu, bao gồm nghi&ecirc;n cứu d&agrave;nh ri&ecirc;ng cho phi c&ocirc;ng, cho thấy sự mất ngủ l&agrave;m giảm khả năng ph&aacute;n đo&aacute;n cũng như khả năng điều khiển tay ch&acirc;n một c&aacute;ch r&otilde; rệt.</p>\r\n<p style=\"text-align: justify;\">&nbsp;</p>\r\n<p style=\"text-align: justify;\">Nghi&ecirc;n cứu của Mark Beeman &ndash; Đại học Northwestern cho thấy &yacute; kiến đột ph&aacute; v&agrave; giải ph&aacute;p cho những b&agrave;i to&aacute;n phức tạp sẽ hiện ra khi n&atilde;o bộ ở trong trạng th&aacute;i tốt nhất. V&igrave; thế, n&ecirc;n khuyến kh&iacute;ch nh&acirc;n vi&ecirc;n tập thể dục, giải lao v&agrave; ngủ nghỉ đầy đủ</p>\r\n<p style=\"text-align: justify;\">&nbsp;</p>\r\n<p style=\"text-align: justify;\">(Theo L&ecirc; Thịnh/Doanh Nh&acirc;n S&agrave;i G&ograve;n)</p>', 'vi'),
(50, 25, '3 secrets of the administrator to win people\'s hearts', '3-secrets-of-the-administrator-to-win-peoples-hearts', '', '', '', '<p>Managers who are self-conscious, more concerned about their peers will make employees trust, cooperative, committed, loyal, responsible and determined.</p>\r\n<p>A recent Gallup poll found that up to 70% of employees are not interested in the job and the problem is causing managers a \"headache.\" According to TS. Emma Sepp&auml;l&auml;, director of science at Stanford University\'s Center for Research and Teaching, says some people use physical rewards (bonuses, gaming rooms, free food) in hopes of Give the staff more fun.</p>\r\n<p>However, the results of the study show that these efforts, despite their gratitude, have not effectively addressed the \"psychological health\" of employees in the long run. Instead, managers are advised to make their employees three things after, according to Emma Sepp&auml;l&auml;:</p>\r\n<p>Inspire</p>\r\n<p>No matter what your company does - whether it\'s service delivery or product sales - it\'s important that your company\'s cultural space is meaningful.</p>\r\n<p>Many studies show that decent people are more focused, creative and flexible, so managers should be aware of how their work improves people\'s lives. Announce customer compliments, or declare part of the company\'s profits donated to charitable organizations ... are some examples. Even employees who are less satisfied, feel better when they work for a higher purpose.</p>\r\n<p>Managers are also a great inspiration to employees. Research shows that when they behave self-consciously, they are more trusting, cooperative, committed, loyal, responsible and determined. Equity managers also create more dedication, better citizenship, and higher performance.</p>\r\n<p>&gt;&gt; 5 ways to inspire employees</p>\r\n<p>The kindness</p>\r\n<p>Humans are erudite animals, but human dealings at work are often limited by mechanical exchanges. This is a mistake. According to a study in the UK, employee friendliness and recognition are more important than high pay when encouraging loyalty to the company.</p>\r\n<p>Another study confirms that optimistic and warm relations are one of the most important elements of a happy psychological state, so managers must pay attention to the cultural space they create and the senses. The features they reveal, including refinement, respect - elements that increase the creativity of individuals as well as teams and groups.</p>\r\n<p>The intimacy of the administrator is also important: Dean Tjosvold\'s research at Lingnan University shows that this will make subordinates cheer and work more effectively. And Harvard Business School\'s Amy Cuddy insists it makes management more effective.</p>\r\n<p>Although expressing anger can be beneficial (Stanford University Lara Tiedens, sometimes angry, makes people stronger, more powerful), but studies have shown Negative emotions diminish the director\'s credibility as well as reduce the ability to persuade employees.</p>\r\n<p>Good managers often do small things to express their interest in employees as equals rather than their subordinates. Greetings, or listening to employee responses are the first good signs. These behaviors can be standardized in company regulations.</p>\r\n<p>At a Fortune 100 company, if an employee is seriously ill or has lost a family member, the CEO is immediately notified so he or she can be seen immediately. In cases where a staff member has been diagnosed with brain cancer, the CEO makes a phone call within 15 minutes and asks how he and the company can best support the employee.</p>\r\n<p>Self care</p>\r\n<p>Many companies are only interested in the physiological psychology of employees in money, such as support for sports club enrollment, yoga classes, meditation, but the work schedule is stressful, because Still, do not give employees time to enjoy those benefits. Health protection and promotion programs will not work if the company does not create an environment in which health care workers are encouraged.</p>\r\n<p>According to Sabine Sonnentag of the University of Konstanz (Germany), exercise, relaxation, and the delineation of work-family boundaries will help reduce stress, improve psychological well-being the enthusiasm of the staff.</p>\r\n<p>Administrators can also encourage employees to do a very basic job of sleeping. A fully rested employee is a person who is fun and works more effectively. Numerous studies, including pilot studies, show that sleep deprivation significantly reduces judgment and control of limbs.</p>\r\n<p>Mark Beeman\'s research at Northwestern University suggests that breakthrough ideas and solutions to complex problems arise when the brain is in the best shape. Therefore, staff should be encouraged to exercise, take a rest and sleep well.</p>', 'en'),
(51, 26, 'Bài học quản trị từ Ferguson', 'bai-hoc-quan-tri-tu-ferguson', '', '', '', '<p style=\"text-align: justify;\">&nbsp;</p>\r\n<p style=\"text-align: center;\"><img src=\"http://eagleele.vn//source/saf.jpg?1509335561857\" alt=\"\" width=\"540\" height=\"374\" /></p>\r\n<p style=\"text-align: justify;\">&nbsp;</p>\r\n<p style=\"text-align: justify;\">Huấn luyện vi&ecirc;n Alex Ferguson l&agrave; một h&igrave;nh mẫu m&agrave; c&aacute;c nh&agrave; quản l&yacute; doanh nghiệp c&oacute; thể tham khảo.</p>\r\n<p style=\"text-align: justify;\">Huấn luyện vi&ecirc;n của Manchester United, c&acirc;u lạc bộ Anh c&oacute; 26 triệu người h&acirc;m mộ tại Việt Nam, Ng&agrave;i Alex Ferguson l&agrave; một h&igrave;nh mẫu m&agrave; c&aacute;c nh&agrave; quản l&yacute; c&oacute; thể tham khảo. Khi Ferguson bắt tay dẫn dắt Manchester United v&agrave;o th&aacute;ng 11.1986, Liverpool đang l&agrave; một thế lực rất lớn. L&uacute;c đ&oacute;, kh&oacute; tưởng tượng được sẽ c&oacute; một đội b&oacute;ng n&agrave;o của Anh lật đổ được sự thống trị n&agrave;y. Tuy nhi&ecirc;n, ch&iacute;nh Ferguson v&agrave; Manchester United đ&atilde; l&agrave;m được điều đ&oacute;. V&agrave; c&aacute;i c&aacute;ch m&agrave; &ocirc;ng tiếp cận để gi&uacute;p c&acirc;u lạc bộ của m&igrave;nh th&agrave;nh c&ocirc;ng cũng phản &aacute;nh chiến lược ph&aacute;t triển của những c&ocirc;ng ty h&agrave;ng đầu tr&ecirc;n thế giới.</p>\r\n<p style=\"text-align: justify;\">&nbsp;</p>\r\n<p style=\"text-align: justify;\">Con người l&agrave; yếu tố đầu ti&ecirc;n v&agrave; quan trọng nhất được Ferguson ch&uacute; trọng đầu tư. &Ocirc;ng đ&atilde; tạo ra được ở Manchester United một m&ocirc;i trường m&agrave; tất cả mọi người đều dễ d&agrave;ng cảm thấy gắn b&oacute;, d&ugrave; l&agrave; c&aacute;c cầu thủ thi đấu hay những người l&agrave;m việc sau hậu trường. V&iacute; dụ, mặc d&ugrave; kỷ luật l&agrave; ưu ti&ecirc;n h&agrave;ng đầu, nhưng khi Eric Cantona (cựu danh thủ người Ph&aacute;p từng thi đấu cho Manchester United) bị treo gi&ograve; d&agrave;i hạn v&igrave; h&agrave;nh vi bạo lực, &ocirc;ng vẫn đi đến tận Paris để động vi&ecirc;n v&agrave; đảm bảo rằng anh n&agrave;y kh&ocirc;ng cảm thấy bị bỏ rơi.</p>\r\n<p style=\"text-align: justify;\">&nbsp;</p>\r\n<p style=\"text-align: justify;\">Đ&oacute; gọi l&agrave; sự gắn kết với nh&acirc;n vi&ecirc;n, một kh&aacute;i niệm chỉ c&oacute; thể t&igrave;m thấy được ở những doanh nghiệp c&oacute; m&ocirc;i trường l&agrave;m việc l&yacute; tưởng h&agrave;ng đầu thế giới. H&atilde;ng c&ocirc;ng nghệ SAS (Mỹ) l&agrave; một v&iacute; dụ.</p>\r\n<p style=\"text-align: justify;\">&nbsp;</p>\r\n<p style=\"text-align: justify;\">Trong bối cảnh rất nhiều c&ocirc;ng ty ở Mỹ đều cho nh&acirc;n vi&ecirc;n nghỉ việc h&agrave;ng loạt v&agrave;o thời điểm kinh tế suy tho&aacute;i, SAS vẫn đảm bảo được c&ocirc;ng ăn việc l&agrave;m cho to&agrave;n bộ 13.000 nh&acirc;n vi&ecirc;n tr&ecirc;n to&agrave;n cầu. Theo khảo s&aacute;t của tổ chức Great Place to Work th&igrave; SAS ch&iacute;nh l&agrave; c&ocirc;ng ty đ&aacute;ng đầu qu&acirc;n thứ nh&igrave; tr&ecirc;n thế giới, chỉ sau Google. V&agrave; họ cũng đang giữ được mạch tăng trưởng doanh thu v&agrave; lợi nhuận li&ecirc;n tục kể từ khi th&agrave;nh lập v&agrave;o năm 1976.</p>\r\n<p style=\"text-align: justify;\">&nbsp;</p>\r\n<p style=\"text-align: justify;\">Cũng giống như SAS, Ferguson lu&ocirc;n chăm s&oacute;c c&aacute;c cầu thủ của m&igrave;nh rất chu đ&aacute;o. Một phần quan trọng trong th&agrave;nh c&ocirc;ng của &ocirc;ng ch&iacute;nh l&agrave; sự thấu hiểu khi n&agrave;o một cầu thủ cần sự khuyến kh&iacute;ch. Ngược lại, &ocirc;ng chưa bao giờ nh&acirc;n nhượng đối với những cầu thủ kh&ocirc;ng to&agrave;n t&acirc;m to&agrave;n &yacute; với đội b&oacute;ng, cho d&ugrave; họ c&oacute; l&agrave; c&ocirc;ng thần. C&oacute; lẽ người h&acirc;m mộ vẫn c&ograve;n nhớ sự ra đi đột ngột của Roy Keane v&agrave;o năm 2005 sau khi anh n&agrave;y c&ocirc;ng khai chỉ tr&iacute;ch ban huấn luyện. D&ugrave; l&agrave; trụ cột, Keane đ&atilde; kh&ocirc;ng tho&aacute;t khỏi b&agrave;n tay sắt của Ferguson.</p>\r\n<p style=\"text-align: justify;\">&nbsp;</p>\r\n<p style=\"text-align: justify;\">Khả năng truyền cảm hứng l&agrave; một yếu tố kh&aacute;c quyết định th&agrave;nh c&ocirc;ng, nhất l&agrave; khi đội b&oacute;ng đang gặp kh&oacute; khăn. Ferguson biết ch&iacute;nh x&aacute;c phải l&agrave;m thế n&agrave;o để truyền lửa cho c&aacute;c cầu thủ trong 15 ph&uacute;t nghỉ giữa hiệp. Người ta kể rằng &ocirc;ng thường vẽ ra trước mắt học tr&ograve; một bức tranh sinh động để họ thấy được cảm gi&aacute;c khi bị đối phương cướp mất chiến thắng.</p>\r\n<p style=\"text-align: justify;\">&nbsp;</p>\r\n<p style=\"text-align: justify;\">C&oacute; lẽ kh&ocirc;ng cần phải hỏi ch&uacute;ng ta cũng hiểu được rằng tại sao nh&acirc;n vi&ecirc;n của Apple hay Microsoft lu&ocirc;n tự h&agrave;o về c&ocirc;ng việc của họ. Cả Steve Jobs lẫn Bill Gates đều l&agrave; những nh&agrave; l&atilde;nh đạo đầy cảm hứng v&agrave; c&oacute; tầm nh&igrave;n chiến lược đi trước thời đại. R&otilde; r&agrave;ng, chỉ ri&ecirc;ng việc được l&agrave; một phần trong những tổ chức như vậy cũng đ&atilde; l&agrave; sự k&iacute;ch th&iacute;ch to lớn đối với mỗi người lao động. C&acirc;u chuyện tương tự cũng diễn ra ở Manchester United khi m&agrave; việc được kho&aacute;c l&ecirc;n m&igrave;nh chiếc &aacute;o đỏ truyền thống ch&iacute;nh l&agrave; niềm vinh dự lớn lao cho bất kỳ cầu thủ n&agrave;o tr&ecirc;n thế giới. Người nhấn mạnh li&ecirc;n tục th&ocirc;ng điệp đ&oacute; kh&ocirc;ng ai kh&aacute;c hơn ch&iacute;nh l&agrave; Ferguson.</p>\r\n<p style=\"text-align: justify;\">&nbsp;</p>\r\n<p style=\"text-align: justify;\">Về mặt quản trị chiến lược, như ch&uacute;ng ta đều biết, để sở hữu được một cầu thủ nổi tiếng thế giới th&igrave; c&aacute;c c&acirc;u lạc bộ đều phải chi ra một số tiền kh&ocirc;ng nhỏ. Trong kinh doanh cũng vậy, kh&ocirc;ng nh&agrave; quản l&yacute; n&agrave;o c&oacute; được nguồn t&agrave;i nguy&ecirc;n v&ocirc; hạn. Hiểu được điều đ&oacute;, từ những ng&agrave;y đầu ở Manchester United, Ferguson đ&atilde; tập trung t&igrave;m kiếm, ph&aacute;t hiện v&agrave; đ&agrave;o tạo lớp cầu thủ trẻ thay v&igrave; vung tiền v&agrave;o thị trường chuyển nhượng. V&agrave; &ocirc;ng đ&atilde; được đền đ&aacute;p rất hậu hĩnh trong kết quả thi đấu lẫn lợi nhuận từ việc chuyển nhượng những t&agrave;i năng từ Manchester United. Một số danh thủ đ&atilde; trưởng th&agrave;nh dưới triều đại n&agrave;y như David Beckham, Paul Scholes, Ryan Giggs hay Gary Neville. C&oacute; thể n&oacute;i, quyết định sử dụng lượng lớn c&aacute;c cầu thủ trẻ để bổ sung v&agrave;o đội h&igrave;nh ch&iacute;nh l&agrave; bước đi chiến lược tuyệt vời của &ocirc;ng.</p>\r\n<p style=\"text-align: justify;\">&nbsp;</p>\r\n<p style=\"text-align: justify;\">Khả năng lập kế hoạch v&agrave; chuẩn bị trước mọi t&igrave;nh huống cũng l&agrave; một đặc sản m&agrave; Ferguson đem đến cho Manchester United. V&iacute; dụ, &ocirc;ng bắt c&aacute;c cầu thủ thực h&agrave;nh những t&igrave;nh huống kh&oacute; khăn như khi chỉ c&ograve;n 3-5 ph&uacute;t cuối trận m&agrave; họ đang bị dẫn b&agrave;n. Kết quả l&agrave; cả đội b&oacute;ng được trui r&egrave;n tinh thần cực kỳ vững v&agrave;ng để c&oacute; thể cống hiến cho đến khi tiếng c&ograve;i m&atilde;n cuộc vang l&ecirc;n. Tr&ecirc;n thực tế, Manchester United đ&atilde; từng nhiều lần lật ngược thế cờ trong v&agrave;i ph&uacute;t cuối m&agrave; ti&ecirc;u biểu l&agrave; b&agrave;n thắng ở ph&uacute;t b&ugrave; giờ của tiền đạo Ole Gunnar Solskj&aelig;r đem về cho họ chức v&ocirc; địch Champion League năm 1999. M&ugrave;a giải 2013 n&agrave;y cũng vậy, rất nhiều lần đội b&oacute;ng của &ocirc;ng bị dẫn b&agrave;n v&agrave; rồi lật ngược t&igrave;nh thế ở cuối trận.</p>\r\n<p style=\"text-align: justify;\">&nbsp;</p>\r\n<p style=\"text-align: justify;\">B&oacute;ng đ&aacute; cũng giống như chuyện kinh doanh lu&ocirc;n c&oacute; đầy th&aacute;ch thức. Kh&ocirc;ng đội b&oacute;ng n&agrave;o c&oacute; thể gi&agrave;nh chiến thắng tất cả c&aacute;c trận đấu. Tuy nhi&ecirc;n, đội b&oacute;ng chiến thắng thường l&agrave; tập thể những con người thể hiện quyết t&acirc;m tuyệt đối trước mục ti&ecirc;u m&agrave; họ muốn đạt được. V&igrave; vậy ở vai tr&ograve; người quản l&yacute;, lu&ocirc;n cần những bước đi chiến lược k&iacute;n kẽ như Alex Ferguson đ&atilde; v&agrave; đang l&agrave;m.</p>\r\n<p style=\"text-align: justify;\">&nbsp;</p>\r\n<p style=\"text-align: justify;\">(Theo Nhịp Cầu Đầu Tư)</p>', 'vi'),
(52, 26, 'Management lessons from Ferguson', 'management-lessons-from-ferguson', '', '', '', '<p>Coach Alex Ferguson is a role model that managers can refer to.<br />Manchester United coach, England club with 26 million fans in Vietnam, Sir Alex Ferguson is a model that managers can refer. When Ferguson began coaching Manchester United in November 1986, Liverpool were a huge force. At that time, it was hard to imagine a British team would overthrow this domination. However, Ferguson and Manchester United have done it. And the way he approaches to help his club succeed reflects the development strategies of the world\'s leading companies.</p>\r\n<p>Humans are the first and most important element that Ferguson attaches great importance to. He created in Manchester United an environment in which everyone could easily feel attached, whether they were players or behind-the-scenes workers. For example, although discipline is a top priority, when Eric Cantona (a former Frenchman who played for Manchester United) was suspended for violent behavior, he went to Paris to encourage him. and make sure he does not feel abandoned.</p>\r\n<p>It\'s called engagement with employees, a concept that can only be found in companies with the world\'s most ideal working environment. The technology company SAS (USA) is an example.</p>\r\n<p>In the context of many companies in the United States to lay off employees at a time of economic downturn, SAS still guarantees jobs for all 13,000 employees worldwide. According to the Great Place to Work survey, SAS is the second largest company in the world, behind Google. And they have been keeping pace with revenue and profit growth since its inception in 1976.</p>\r\n<p>Like Ferguson, Ferguson takes care of his players very well. An important part of his success is his understanding of when a player needs encouragement. On the contrary, he has never compromised with players who are not wholeheartedly in the team, even if they are the gods. Perhaps the fans still remember the sudden departure of Roy Keane in 2005 after he publicly criticized the coaching staff. Keane did not get rid of Ferguson\'s iron hand.</p>\r\n<p>The ability to inspire is another factor that determines success, especially when the team is struggling. Ferguson knows exactly how to pass the fire to the players for a 15-minute break between halves. It is said that he usually draw a pupil in front of his eyes to see the feeling when the enemy robbed the victory.</p>\r\n<p>Maybe no need to ask, we also understand why Apple employees or Microsoft are proud of their work. Both Steve Jobs and Bill Gates are leaders of inspirational and strategic vision ahead of time. Obviously, being part of such an organization alone is a big stimulus for every worker. The same thing happened in Manchester United when it was a great honor for any player in the world to wear a red shirt. The constant emphasis on that message was none other than Ferguson.</p>\r\n<p>In terms of strategic management, as we all know, to own a world-famous player, the club has to spend a lot of money. In business too, no manager has unlimited resources. Understanding that, from his early days in Manchester United, Ferguson has focused on finding, finding and training young players instead of throwing money into the transfer market. And he paid off in the results and the profits from the transfer of talent from Manchester United. Some of the players have grown up under this dynasty such as David Beckham, Paul Scholes, Ryan Giggs or Gary Neville. It can be said that the decision to use a large number of young players to add to the squad is a great strategic move.</p>\r\n<p>The ability to plan and prepare for every situation is also a specialty Ferguson brought to Manchester United. For example, he caught the players practicing difficult situations as there were only three to five minutes at the end of the game they were being led. As a result, the team has been extremely well-muscled to be able to contribute until the whistle blows. In fact, Manchester United have repeatedly overturned the last few minutes that represented goals scored in the injury time by striker Ole Gunnar Solskj&aelig;r brought them the championship league in 1999. This season 2013 Also, many times his team was led and then turned upside down at the end.</p>\r\n<p>Football is like having a challenging business. No team can win all matches. However, the winning team is usually a group of people who show absolute determination to the goal they want to achieve. So, as a manager, always need the strategic steps as Alex Ferguson has been doing.</p>', 'en'),
(53, 27, 'Chuyện Kiến và Sư tử: Ai đã, sẽ là ông chủ nhất định phải đọc bài học quản trị sau đây', 'chuyen-kien-va-su-tu-ai-da-se-la-ong-chu-nhat-dinh-phai-doc-bai-hoc-quan-tri-sau-day', '', '', '', '<p style=\"text-align: justify;\">&nbsp;</p>\r\n<p style=\"text-align: center;\"><img src=\"http://eagleele.vn//source/chuyen%20kien%20va%20su%20tu.jpg?1509337910027\" alt=\"\" width=\"525\" height=\"301\" /></p>\r\n<p style=\"text-align: justify;\">&nbsp;</p>\r\n<p style=\"text-align: justify;\">C&acirc;u chuyện về ch&uacute; nh&acirc;n vi&ecirc;n Kiến nhỏ b&eacute; v&agrave; &ocirc;ng chủ Sư Tử. Ch&uacute;ng t&ocirc;i xin được đăng tải to&agrave;n bộ c&acirc;u chuyện n&agrave;y để bạn đọc, đặc biệt l&agrave; những nh&agrave; quản l&yacute; c&oacute; thể r&uacute;t ra cho m&igrave;nh những gi&aacute; trị ri&ecirc;ng:</p>\r\n<p style=\"text-align: justify;\">Mỗi ng&agrave;y Kiến đi l&agrave;m rất sớm v&agrave; bắt tay ngay v&agrave;o l&agrave;m việc. Kiến l&agrave;m việc rất giỏi v&agrave; lu&ocirc;n lu&ocirc;n vui vẻ. &Ocirc;ng chủ của ch&uacute;, l&agrave; con Sư Tử, rất ngạc nhi&ecirc;n khi thấy Kiến l&agrave;m việc m&agrave; kh&ocirc;ng cần sự gi&aacute;m s&aacute;t. Sư Tử chợt nghĩ rằng nếu được gi&aacute;m s&aacute;t th&igrave; chắc chắn Kiến sẽ l&agrave;m việc c&oacute; hiệu quả hơn.</p>\r\n<p style=\"text-align: justify;\">&nbsp;</p>\r\n<p style=\"text-align: justify;\">Thế l&agrave; Sư Tử thu&ecirc; Gi&aacute;n về l&agrave;m gi&aacute;m s&aacute;t. Sau khi được thu&ecirc;, quyết định đầu ti&ecirc;n của Gi&aacute;n l&agrave; gắn một c&aacute;i đồng hồ treo tường để theo d&otilde;i việc đi l&agrave;m đ&uacute;ng giờ. Gi&aacute;n cũng cần một thư k&yacute; để thay n&oacute; viết ghi ch&uacute; hay l&agrave;m b&aacute;o c&aacute;o, v&agrave; thế l&agrave; n&oacute; thu&ecirc; một con Nhện - để quản l&yacute; b&aacute;o c&aacute;o v&agrave; nhận c&aacute;c cuộc gọi.</p>\r\n<p style=\"text-align: justify;\">&nbsp;</p>\r\n<p style=\"text-align: justify;\">Sư Tử rất h&agrave;i l&ograve;ng về những b&aacute;o c&aacute;o của Gi&aacute;n v&agrave; y&ecirc;u cầu Gi&aacute;n l&agrave;m th&ecirc;m những biểu đồ theo d&otilde;i sản lượng v&agrave; ph&acirc;n t&iacute;ch xu hướng thị trường, để n&oacute; c&oacute; thể tr&igrave;nh b&agrave;y tại cuộc họp Ban quản trị. Vậy l&agrave; Gi&aacute;n mua một c&aacute;i laptop mới c&ugrave;ng với một m&aacute;y in lazer, rồi thu&ecirc; một con Ruồi l&agrave;m quản l&yacute; bộ phận IT.</p>\r\n<p style=\"text-align: justify;\">&nbsp;</p>\r\n<p style=\"text-align: justify;\">Nhắc tới Kiến, l&uacute;c trước l&agrave;m việc rất chăm v&agrave; thoải m&aacute;i, giờ Kiến rất bực m&igrave;nh v&igrave; những c&ocirc;ng việc giấy tờ v&agrave; những cuộc họp v&ocirc; bổ l&agrave;m mất hết thời gian của n&oacute;!</p>\r\n<p style=\"text-align: justify;\">&nbsp;</p>\r\n<p style=\"text-align: justify;\">Trong khi đ&oacute;, &ocirc;ng chủ Sư Tử đi đến kết luận l&agrave; cần phải cử một người l&agrave;m quản l&yacute; nguy&ecirc;n cả bộ phận m&agrave; Kiến đang l&agrave;m việc. Chức vụ &ocirc;ng chủ nhỏ n&agrave;y được giao cho một con Ve Sầu. Quyết định đầu ti&ecirc;n của Ve Sầu l&agrave; mua ngay một c&aacute;i thảm đẹp v&agrave; một c&aacute;i ghế thật &ecirc;m cho ph&ograve;ng l&agrave;m việc của n&oacute;.</p>\r\n<p style=\"text-align: justify;\">&nbsp;</p>\r\n<p style=\"text-align: justify;\">&nbsp;</p>\r\n<p style=\"text-align: justify;\">&ldquo;&Ocirc;ng chủ&rdquo; Ve Sầu n&agrave;y cũng cần th&ecirc;m một m&aacute;y vi t&iacute;nh v&agrave; một thư k&yacute; ri&ecirc;ng, đ&oacute; l&agrave; thư k&yacute; cũ của n&oacute;, người đ&atilde; gi&uacute;p n&oacute; chuẩn bị Kế Hoạch Tối Ưu Ho&aacute; Chiến Lược Kiểm So&aacute;t C&ocirc;ng Việc &amp; Ng&acirc;n Quỹ. Văn ph&ograve;ng nơi Kiến l&agrave;m việc trở th&agrave;nh một nơi buồn b&atilde;, chẳng c&ograve;n ai cười đ&ugrave;a v&agrave; mọi người trở n&ecirc;n lo lắng kh&oacute; chịu.</p>\r\n<p style=\"text-align: justify;\">&nbsp;</p>\r\n<p style=\"text-align: justify;\">Thế l&agrave; Ve Sầu thuyết phục &ocirc;ng chủ lớn, l&agrave; con Sư Tử, về sự cần thiết phải l&agrave;m một cuộc nghi&ecirc;n cứu kỹ lưỡng về m&ocirc;i trường l&agrave;m việc tại đ&acirc;y. Sau khi xem lại c&aacute;c b&aacute;o c&aacute;o t&agrave;i ch&iacute;nh trong văn ph&ograve;ng nơi Kiến l&agrave;m, Sư Tử ph&aacute;t hiện ra năng suất đ&atilde; giảm s&uacute;t hơn trước đ&acirc;y rất nhiều.</p>\r\n<p style=\"text-align: justify;\">&nbsp;</p>\r\n<p style=\"text-align: justify;\">Thế l&agrave; Sư Tử thu&ecirc; một con C&uacute;, đ&oacute; l&agrave; một cố vấn nổi tiếng v&agrave; c&oacute; uy t&iacute;n, để tiến h&agrave;nh điều tra v&agrave; đưa ra c&aacute;c giải ph&aacute;p cần thiết. C&uacute; bỏ ra 3 th&aacute;ng để nghi&ecirc;n cứu về văn ph&ograve;ng v&agrave; viết một b&aacute;o c&aacute;o khổng lồ l&ecirc;n đến v&agrave;i quyển v&agrave; đi đến kết luận: &ldquo;Văn ph&ograve;ng n&agrave;y c&oacute; qu&aacute; nhiều nh&acirc;n vi&ecirc;n&rdquo;.</p>\r\n<p style=\"text-align: justify;\">&nbsp;</p>\r\n<p style=\"text-align: justify;\">H&atilde;y đo&aacute;n xem &ocirc;ng chủ Sư Tử sa thải ai đầu ti&ecirc;n? V&agrave; nếu l&agrave; &ocirc;ng chủ Sư Tử, lựa chọn của bạn l&agrave; g&igrave;?</p>\r\n<p style=\"text-align: justify;\">&nbsp;</p>\r\n<p style=\"text-align: justify;\">Con kiến bị sa thải v&igrave; n&oacute; &ldquo;thiếu động cơ l&agrave;m việc v&agrave; c&oacute; th&aacute;i độ bi quan trong c&ocirc;ng việc&rdquo;. Kết quả thật bất ngờ phải kh&ocirc;ng!</p>\r\n<p style=\"text-align: justify;\">&nbsp;</p>\r\n<p style=\"text-align: justify;\">Vậy b&agrave;i học r&uacute;t ra từ c&acirc;u chuyện kể tr&ecirc;n l&agrave; g&igrave;?</p>\r\n<p style=\"text-align: justify;\">&nbsp;</p>\r\n<p style=\"text-align: justify;\">Sai lầm c&oacute; lẽ xuất ph&aacute;t từ thời điểm Sư Tử quyết định thu&ecirc; th&ecirc;m gi&aacute;m s&aacute;t với hy vọng Kiến sẽ l&agrave;m việc năng suất hơn nữa. Tuy nhi&ecirc;n đ&aacute;ng tiếc Sư Tử đ&atilde; nhầm.</p>\r\n<p style=\"text-align: justify;\">&nbsp;</p>\r\n<p style=\"text-align: justify;\">Đứng tr&ecirc;n cương vị của một nh&acirc;n vi&ecirc;n, bất kỳ ai cũng mong muốn c&oacute; m&ocirc;i trường l&agrave;m việc thoải m&aacute;i, tự do v&agrave; được tự chủ nhiều nhất c&oacute; thể. Kh&ocirc;ng ai muốn m&igrave;nh lu&ocirc;n bị gi&aacute;m s&aacute;t, th&uacute;c &eacute;p li&ecirc;n tục một c&aacute;ch th&aacute;i qu&aacute;.</p>\r\n<p style=\"text-align: justify;\">&nbsp;</p>\r\n<p style=\"text-align: justify;\">Bằng chứng l&agrave; sau khi c&aacute;c \"cấp tr&ecirc;n\" gồm Gi&aacute;n, Nhện rồi Ve Sầu&hellip; lần lượt được bổ nhiệm, sự vui vẻ v&agrave; thoải m&aacute;i trong c&ocirc;ng việc của Kiến trước đ&acirc;y đ&atilde; biến mất. Thay v&agrave;o đ&oacute; l&agrave; cảm gi&aacute;c lo lắng, kh&oacute; chịu. Điều n&agrave;y đương nhi&ecirc;n g&acirc;y ra hậu quả trực tiếp l&agrave; khiến năng suất lao động của Kiến giảm s&uacute;t.</p>\r\n<p style=\"text-align: justify;\">&nbsp;</p>\r\n<p style=\"text-align: justify;\">Chưa kể, việc bộ m&aacute;y quản l&yacute; ng&agrave;y một trở n&ecirc;n cồng kềnh, phức tạp khi c&oacute; tới 8 quản l&yacute; m&agrave; chỉ c&oacute; duy nhất m&igrave;nh Kiến trực tiếp sản xuất. Mọi c&ocirc;ng đoạn đều chậm lại v&agrave; gi&aacute;n tiếp ảnh hưởng tới năng suất lao động.</p>\r\n<p style=\"text-align: justify;\">&nbsp;</p>\r\n<p style=\"text-align: justify;\">L&agrave; một nh&agrave; quản l&yacute;, bạn lu&ocirc;n cần quan t&acirc;m tới việc phải đơn giản đến mức tối thiểu bộ m&aacute;y quản l&yacute;. B&agrave;i to&aacute;n đặt ra bộ m&aacute;y quản l&yacute; đơn giản nhưng kết quả l&agrave;m việc phải đạt được ở mức cao nhất.</p>\r\n<p style=\"text-align: justify;\">&nbsp;</p>\r\n<p style=\"text-align: justify;\">Rốt cục, mục ti&ecirc;u cuối c&ugrave;ng đối với bất kỳ c&ocirc;ng ty vẫn l&agrave; doanh thu v&agrave; lợi nhuận v&agrave; kh&ocirc;ng ai kh&aacute;c ch&iacute;nh những ch&uacute; Kiến l&agrave; nh&acirc;n tố chủ chốt của vấn đề.</p>\r\n<p style=\"text-align: justify;\">&nbsp;</p>\r\n<p style=\"text-align: justify;\">Ch&iacute;nh v&igrave; vậy, kinh nghiệm l&agrave; cần phải tạo ra m&ocirc;i trường tốt nhất cho những ch&uacute; Kiến, gi&uacute;p ch&uacute;ng cảm thấy thoải m&aacute;i, vui vẻ từ đ&oacute; tạo ra năng suất l&agrave;m việc hiệu quả nhất.</p>\r\n<p style=\"text-align: justify;\">&nbsp;</p>\r\n<p style=\"text-align: justify;\">(Theo V&acirc;n Đ&agrave;m/Tr&iacute; Thức Trẻ)</p>', 'vi'),
(54, 27, 'Story of Ant and Lion: Who will be the boss must read the following management lesson', 'story-of-ant-and-lion-who-will-be-the-boss-must-read-the-following-management-lesson', '', '', '', '<p>The story of the small staff and the master Tu Tu. We would like to publish the whole story for you readers, especially managers who can draw on their own values:<br />Each day Ant working very early and started working immediately. Ants work very well and are always happy. Your master, Leo, was surprised to see that Ants work without supervision. Leo thought that if monitored, it would certainly work more effectively.</p>\r\n<p>So Leo rented the Giant to supervise. After being hired, Gian\'s first decision was to attach a wall clock to keep track of time work. A hacker also needs a secretary to replace it with a note or report, and so it employs a spider - to manage reports and receive calls.</p>\r\n<p>Leo was very pleased with Gian\'s reports and asked Gian to make additional charts to monitor output and analyze market trends, so that he could present at the Board meeting. So he bought a new laptop with a lazer printer, and hired a fly as IT manager.</p>\r\n<p>Speaking of Ants, in the past, he worked very hard and relaxed, and now he is annoyed at paperwork and wasted meetings.</p>\r\n<p>Meanwhile, the master Leo reached the conclusion that it is necessary to appoint a manager of the entire body that is working. This small boss was assigned to a Ve Sor. The first decision of Ve Sầu is to buy a beautiful carpet and a quiet chair for its office.</p>\r\n<p><br />\"The boss also needed a computer and a personal secretary, that was his former secretary, who helped him prepare a Strategic Work &amp; Budget Control Plan. The office where the ants work became a sad place, no one laughed and people became uncomfortable.</p>\r\n<p>So Sue persuaded the big boss, Leo, about the need to do a thorough study of the working environment here. After reviewing the financial reports in the office where Antoine worked, Leo discovered that the productivity was much lower than before.</p>\r\n<p>So Leo hired a cat, a famous and prestigious adviser, to conduct investigations and provide the necessary solutions. Spend three months researching the office and writing a huge report up to several books and come to the conclusion: \"This office has too many employees.\"</p>\r\n<p>Guess who boss first laid off? And if you are the boss of Leo, what is your choice?</p>\r\n<p>The ant was dismissed because it \"lacked the motivation to work and had a pessimistic attitude at work.\" The result was unexpected!</p>\r\n<p>So what is the lesson from the story?</p>\r\n<p>The mistake probably came from the time Leo decided to hire more supervisors with the hope that he would work more productively. Unfortunately, Leo was wrong.</p>\r\n<p>In the position of an employee, anyone desires to have a comfortable, free and autonomous working environment. No one wants to be constantly monitored, constantly pushed too much.</p>\r\n<p>The evidence is that after the \"superiors\" including Gian, Spider and Ve Sor ... in turn were appointed, the fun and comfort in the work of the previously disappeared. Instead, it is a feeling of worry and discomfort. This, of course, has a direct consequence of reducing Kia\'s labor productivity.</p>\r\n<p>Not to mention, the management machine becomes more and more cumbersome, with up to 8 managers that only the Antenna production. Every stage slows down and indirectly affects productivity.</p>\r\n<p>As a manager, you always need to be mindful of the minimalist management. The problem sets a simple management mechanism, but the work results must be at the highest level.</p>\r\n<p>Ultimately, the ultimate goal for any company is still revenue and profit and no one else is the key to the problem.</p>\r\n<p>Therefore, the experience is to create the best environment for the ants, make them feel comfortable, fun from which to create the most productive work.</p>', 'en'),
(55, 28, 'Ưa thích từ chối, vùi dập ý tưởng mới, hãy học cách người Malaysia nhã nhặn với mọi vấn đề', 'ua-thich-tu-choi-vui-dap-y-tuong-moi-hay-hoc-cach-nguoi-malaysia-nha-nhan-voi-moi-van-de', '', '', '', '<p style=\"text-align: justify;\">Mỗi quốc gia, mỗi v&ugrave;ng miền c&oacute; những phong tục kh&aacute;c nhau. Để th&iacute;ch nghi được với phong tục từng nơi hay c&aacute;ch m&agrave; họ giao tiếp c&oacute; khi cần khoảng thời gian rất d&agrave;i. C&acirc;u chuyện dưới đ&acirc;y của Mark Abadi sẽ cho bạn đọc thấy được c&aacute;ch m&agrave; người Malaysia đối diện với mọi thứ, họ h&ograve;a nh&atilde;, lịch thiệp v&agrave; đặc biệt l&agrave; kh&ocirc;ng bao giờ thẳng thắn b&aacute;c bỏ &yacute; kiến người kh&aacute;c. Dưới đ&acirc;y l&agrave; chia sẻ của Mark Abadi:</p>\r\n<p style=\"text-align: justify;\">Ngo&agrave;i bất đồng về ng&ocirc;n ngữ, c&oacute; lẽ r&agrave;o cản lớn nhất khi sống ở một quốc gia kh&aacute;c ch&iacute;nh l&agrave; phong c&aacute;ch giao tiếp. Trong nhiều trường hợp, c&oacute; những c&aacute;ch thức giao tiếp kh&ocirc;ng thể hiện r&otilde; r&agrave;ng ngay m&agrave; n&oacute; mất tới nhiều th&aacute;ng hay nhiều năm để c&oacute; thể cảm nhận được.</p>\r\n<p style=\"text-align: justify;\">Mark tới Malaysia để trở th&agrave;nh một gi&aacute;o vi&ecirc;n dạy tiếng Anh tại quốc gia n&agrave;y. T&iacute;nh tới thời điểm hiện tại, Mark đ&atilde; sống ở Malaysia được 2 năm.</p>\r\n<div class=\"VCSortableInPreviewMode\" style=\"text-align: justify;\">\r\n<div style=\"text-align: center;\">&nbsp;</div>\r\n<div style=\"text-align: center;\"><img id=\"img_2441baa0-da6c-11e7-bea1-65ceef5f8e04\" src=\"https://cafebiz.cafebizcdn.vn/thumb_w/640/2017/1381665202534569929037842100244n-1512554364699.jpg\" alt=\"Mark Abadi trong một buổi giảng dạy tại Malaysia.\" width=\"584\" height=\"438\" data-original=\"https://cafebiz.cafebizcdn.vn/2017/1381665202534569929037842100244n-1512554364699.jpg\" /></div>\r\n<div class=\"PhotoCMS_Caption\">&nbsp;</div>\r\n<div class=\"PhotoCMS_Caption\">Một ng&agrave;y l&agrave;m việc của gi&aacute;o vi&ecirc;n tất nhi&ecirc;n phải giao tiếp rất nhiều, từ những học sinh trong lớp, những gi&aacute;o vi&ecirc;n kh&aacute;c cho tới phụ huynh v&agrave; ban l&atilde;nh đạo nh&agrave; trường. Mark cho rằng c&aacute;ch thức giao tiếp của người Malaysia kh&aacute;c biệt rất nhiều so với những quốc gia kh&aacute;c, đặc biệt l&agrave; Mỹ nơi m&agrave; anh từng sinh sống.</div>\r\n</div>\r\n<p style=\"text-align: justify;\">C&oacute; lẽ đặc sản của người Malaysia theo Mark l&agrave; họ kh&ocirc;ng n&oacute;i&nbsp;<em><strong>\"kh&ocirc;ng\"</strong></em>, họ kh&ocirc;ng phản biện lại &yacute; kiến người kh&aacute;c mọi c&aacute;ch trực tiếp. Trong suốt 2 năm l&agrave;m việc v&agrave; sinh sống tại Malaysia, chưa từng c&oacute; một ai n&oacute;i thẳng v&agrave;o mặt Mark rằng:&nbsp;<em><strong>\"Kh&ocirc;ng, như thế l&agrave; kh&ocirc;ng được\"</strong></em>.</p>\r\n<div class=\"VCSortableInPreviewMode\" style=\"text-align: justify;\">\r\n<div class=\"PhotoCMS_Caption\">&nbsp;</div>\r\n</div>\r\n<p style=\"text-align: justify;\">Tất nhi&ecirc;n, kh&ocirc;ng phải tất cả những &yacute; kiến, s&aacute;ng tạo của Mark đều được chấp thuận, kể cả khi ch&uacute;ng tốt vẫn thất bại. Nhưng, thay v&igrave; thẳng thừng từ chối ngay từ đầu, Mark cho rằng người Malaysia c&oacute; c&aacute;ch h&ograve;a nh&atilde; hơn để tiếp cận bằng \"ch&uacute;ng ta c&oacute; thể thử\" hoặc \"c&oacute; thể được đấy\".</p>\r\n<p style=\"text-align: justify;\">Người Malaysia hạn chế đưa ra những phản hồi c&oacute; t&iacute;nh ti&ecirc;u cực, kể cả khi họ kh&ocirc;ng th&iacute;ch &yacute; kiến kia ch&uacute;t n&agrave;o nhưng vẫn lu&ocirc;n t&igrave;m c&aacute;ch n&eacute; tr&aacute;nh trả lời trực tiếp. Họ cho rằng phản hồi ti&ecirc;u cực sẽ khiến người đưa ra &yacute; tưởng hổ thẹn, l&agrave;m cản trở sự s&aacute;ng tạo của họ v&agrave; l&agrave;m hỏng cuộc giao tiếp.</p>\r\n<p style=\"text-align: justify;\">Ở Malaysia 2 năm, Mark hiểu rằng cho d&ugrave; mọi người lu&ocirc;n n&oacute;i với anh rằng: \"&Yacute; kiến n&agrave;y được đ&oacute;, ch&uacute;ng ta c&oacute; thể thử\". Th&igrave; cụm \"c&oacute; thể\" cũng tương đồng với sự từ chối, Mark hiểu rằng m&igrave;nh cần quay về nghĩ lại từ đầu. Về bản chất n&oacute; chẳng kh&aacute;c g&igrave; với từ chối, thực tế th&igrave; sự từ chối n&agrave;y khiến Mark thoải m&aacute;i hơn v&agrave; anh tự do hơn trong qu&aacute; tr&igrave;nh đưa ra c&aacute;c &yacute; tưởng mới của m&igrave;nh.</p>\r\n<p style=\"text-align: justify;\">Điều n&agrave;y tr&aacute;i ngược ho&agrave;n to&agrave;n với nhiều quốc gia tr&ecirc;n thế giới như Việt Nam hay Mỹ khi m&agrave; những &yacute; tưởng mới, chỉ cần n&oacute; kh&ocirc;ng ph&ugrave; hợp với lối tư duy của người nghe sẽ bị v&ugrave;i dập, từ chối thẳng thừng. Văn h&oacute;a giao tiếp trực diện n&agrave;y đ&ocirc;i khi khiến người đề cập bị tổn thương, họ dần mất đi khả năng s&aacute;ng tạo của ch&iacute;nh m&igrave;nh.</p>\r\n<div class=\"VCSortableInPreviewMode\" style=\"text-align: justify;\">&nbsp;</div>\r\n<p style=\"text-align: justify;\">Chuy&ecirc;n gia văn h&oacute;a ng&ocirc;n ngữ Craig Storti cho rằng:&nbsp;<em>\"Ở nhiều quốc gia, bạn cần n&oacute;i thứ g&igrave; đ&oacute; ti&ecirc;u cực để người kia thấy được, hiểu được sự từ chối của bạn\"</em>.</p>\r\n<p style=\"text-align: justify;\">Quay lại với Mark, anh cho rằng tất nhi&ecirc;n lịch thiệp l&agrave; điều tốt, thế nhưng nhiều khi n&oacute; khiến người n&oacute;i với người nghe kh&ocirc;ng hiểu được nhau. Đồng thời, c&oacute; qu&aacute; nhiều thứ diễn ra khiến anh kh&ocirc;ng biết phải xoay sở ra sao cho đ&uacute;ng mực.</p>\r\n<p style=\"text-align: justify;\">\"Kh&ocirc;ng th&igrave; đ&uacute;ng l&agrave; kh&ocirc;ng rồi, c&oacute; thể cũng đồng nghĩa với kh&ocirc;ng. Thế nhưng, c&oacute; nhiều khi cũng l&agrave; c&oacute; thể v&agrave; nhiều khi cũng l&agrave; kh&ocirc;ng, chỉ c&oacute; những người n&oacute;i c&oacute; một c&aacute;ch th&agrave;nh thật v&agrave; rất quan t&acirc;m tới vấn đề, đ&oacute; mới l&agrave; khi c&oacute; trở th&agrave;nh c&oacute;\", Mark cho biết.</p>\r\n<p style=\"text-align: justify;\">Khi giảng dạy, Mark gợi &yacute; cho c&aacute;c học sinh của m&igrave;nh về một kh&oacute;a học mới của anh. Anh hỏi &yacute; kiến c&aacute;c học sinh xem liệu họ c&oacute; hứng th&uacute; tham gia kh&oacute;a học n&agrave;y kh&ocirc;ng. Thật bất ngờ khi tất cả đều n&oacute;i c&oacute; cho d&ugrave; nhiều học sinh đ&atilde; c&oacute; kế hoạch của ri&ecirc;ng m&igrave;nh, tất nhi&ecirc;n điều n&agrave;y l&agrave;m cho Mark cảm thấy vui khi &yacute; tưởng của m&igrave;nh được chấp thuận.</p>\r\n<p style=\"text-align: justify;\">Mọi chuyện chỉ r&otilde; r&agrave;ng hơn sau nhiều lần hỏi kh&aacute;c, sự lịch thiệp trong giao tiếp của người Malaysia khiến Mark mất tới v&agrave;i lần mới x&aacute;c định được đ&uacute;ng số học sinh sẽ tham gia kh&oacute;a học mới của m&igrave;nh.</p>\r\n<p style=\"text-align: justify;\">Thế đấy, nhiều khi sự lịch thiệp l&agrave; cần thiết, n&oacute; như liều thuốc tinh thần cho những người th&iacute;ch s&aacute;ng tạo, thế nhưng lịch thiệp qu&aacute; đ&ocirc;i khi lại dẫn tới những sự lệch lạc trong tư tưởng từ đ&oacute; l&agrave;m tốn th&ecirc;m thời gian, c&ocirc;ng sức của ch&uacute;ng ta.</p>\r\n<p style=\"text-align: justify;\">&nbsp;</p>\r\n<p style=\"text-align: justify;\">(Theo Tr&iacute; Thức Trẻ/BI)</p>', 'vi');
INSERT INTO `library_lang` (`id`, `library_id`, `title`, `slug`, `meta_description`, `meta_keywords`, `description`, `content`, `language`) VALUES
(56, 28, 'Preference rejects, burying new ideas, learn how Malaysians are courteous with every problem', 'preference-rejects-burying-new-ideas-learn-how-malaysians-are-courteous-with-every-problem', '', '', '', '<p style=\"text-align: justify;\">Preference rejects, burying new ideas, learn how Malaysians are courteous with every problem</p>\r\n<p style=\"text-align: justify;\">Each country, each region has different customs. Adapting to the custom or the way they communicate can take a long time. The story below of Mark Abadi will show you the way Malaysians face everything, they are gentle, polite and especially never frankly reject the opinions of others. Here is Mark Abadi\'s share:</p>\r\n<p style=\"text-align: justify;\">In addition to the language barrier, perhaps the biggest barrier to living in another country is communication. In many cases, there are ways of communicating without clearly showing that it takes months or years to be felt.</p>\r\n<p style=\"text-align: justify;\">Mark went to Malaysia to become an English teacher in the country. Up to now, Mark has lived in Malaysia for two years.</p>\r\n<p style=\"text-align: justify;\">A teacher\'s day is of course a lot of communication, from classmates, other teachers to parents and school leaders. Mark said that Malaysian communication is very different from other countries, especially the United States where he lived.</p>\r\n<p style=\"text-align: justify;\">Perhaps the Malaysian specialty under Mark is that they do not say \"no\", they do not criticize the opinions of others directly. During his two years of working and living in Malaysia, no one ever said to him in the face: \"No, that\'s not possible.\"</p>\r\n<p style=\"text-align: justify;\"><br />Of course, not all of Mark\'s creations were approved, even if they did not. But, instead of bluntly rejecting it from the beginning, Mark said that Malaysians have a more gentle way to approach with \"we can try\" or \"that can be.\"</p>\r\n<p style=\"text-align: justify;\">Malaysians have limited negative feedback, even if they do not like the idea at all but always try to avoid direct responses. They argue that negative feedback leads people to shame their ideas, impede their creativity, and ruin communication.</p>\r\n<p style=\"text-align: justify;\">In Malaysia for two years, Mark understands that even if people always say to him, \"This idea is good, we can try it.\" The \"can\" cluster is similar to the denial, Mark understands that you need to think back to the beginning. In essence it is no different from refusal, in fact, this refusal makes Mark more comfortable and freer in the process of giving his new ideas.</p>\r\n<p style=\"text-align: justify;\">This is in stark contrast to many countries in the world, such as Vietnam or the United States, where new ideas just do not fit the mindset of the listener who will be blamed or denied. This face-to-face communication sometimes causes the person to be hurt, losing the ability to create their own.</p>\r\n<p style=\"text-align: justify;\">Language specialist Craig Storti said: \"In many countries, you need to say something negative for the other person to see, to understand your refusal.\"</p>\r\n<p style=\"text-align: justify;\">Back to Mark, he said that, of course, polite is a good thing, but sometimes it makes people talk to people who do not understand each other. At the same time, there are too many things that make him do not know how to handle the right way.</p>\r\n<p style=\"text-align: justify;\">\"No, it\'s not like that, it could mean the same thing, but sometimes it\'s possible and sometimes it\'s not, just people who say honestly and are very concerned about it. , that is when there is going to be, \"Mark said.</p>\r\n<p style=\"text-align: justify;\">When teaching, Mark suggested to his students about his new course. He consulted the students to see if they were interested in taking the course. Surprisingly, they all said yes even though many students had their own plans, which of course made Mark happy when his ideas were accepted.</p>\r\n<p style=\"text-align: justify;\">Things are clearer after many other questions, the politeness of the communication of the Malaysian Mark has lost several times to determine the right number of students will take part in his new course.</p>\r\n<p style=\"text-align: justify;\">Indeed, as politeness is sometimes required, it is as much a mental stimulus to creativity, but politeness sometimes results in distortions of thought that add up to time, our efforts.</p>', 'en'),
(57, 29, 'Chuyện nhà vua và con vẹt: Để thành công, bạn phải làm những việc mà người khác không bao giờ nghĩ tới', 'chuyen-nha-vua-va-con-vet-de-thanh-cong-ban-phai-lam-nhung-viec-ma-nguoi-khac-khong-bao-gio-nghi-toi', '', '', '', '<p style=\"text-align: justify;\">Ng&agrave;y xửa ng&agrave;y xưa ở vương quốc nọ c&oacute; một vị vua quyền qu&yacute;. Một h&ocirc;m &ocirc;ng gh&eacute; thăm c&aacute;c nước l&aacute;ng giềng v&agrave; được tặng cho hai con vẹt Macao. Đ&oacute; l&agrave; những con vẹt đẹp nhất m&agrave; &ocirc;ng từng thấy. Khi trở về, vị vua rất vui vẻ, liền sai người mang tới một chuy&ecirc;n gia chăm s&oacute;c ri&ecirc;ng cho hai ch&uacute; vẹt.</p>\r\n<p style=\"text-align: justify;\">Đồng thời, &ocirc;ng cũng sắp xếp một nơi đẹp đẽ nhất trong khu vườn ở cung điện cho hai ch&uacute; vẹt. H&agrave;ng ng&agrave;y &ocirc;ng ngắm nh&igrave;n ch&uacute;ng qua cửa sổ từ cung điện của m&igrave;nh.</p>\r\n<p style=\"text-align: justify;\">Thời gian tr&ocirc;i qua, tới một h&ocirc;m, chuy&ecirc;n gia chăm s&oacute;c cho hai ch&uacute; vẹt đến v&agrave; th&ocirc;ng b&aacute;o với nh&agrave; vua rằng một con vẹt đ&atilde; bay đi mất, v&agrave; con c&ograve;n lại th&igrave; chỉ đứng im, kh&ocirc;ng di chuyển khỏi c&agrave;nh c&acirc;y từ ng&agrave;y n&oacute; đến.</p>\r\n<div class=\"VCSortableInPreviewMode IMSCurrentEditorEditObject noCaption\" style=\"text-align: justify;\">\r\n<div style=\"text-align: center;\"><img id=\"img_b6695230-de13-11e7-9b10-3b29819caaa6\" title=\"Chuyện nh&agrave; vua v&agrave; con vẹt: Để th&agrave;nh c&ocirc;ng, bạn phải l&agrave;m những việc m&agrave; người kh&aacute;c kh&ocirc;ng bao giờ nghĩ tới - Ảnh 2.\" src=\"https://cafebiz.cafebizcdn.vn/2017/photo-2-1512956196778.jpg\" alt=\"Chuyện nh&agrave; vua v&agrave; con vẹt: Để th&agrave;nh c&ocirc;ng, bạn phải l&agrave;m những việc m&agrave; người kh&aacute;c kh&ocirc;ng bao giờ nghĩ tới - Ảnh 2.\" width=\"\" height=\"\" data-original=\"https://cafebiz.cafebizcdn.vn/2017/photo-2-1512956196778.jpg\" /></div>\r\n<div class=\"PhotoCMS_Caption\">&nbsp;</div>\r\n</div>\r\n<p style=\"text-align: justify;\">Nghe tin xong, vị vua v&ocirc; c&ugrave;ng buồn rầu. &Ocirc;ng cho triệu tập nhiều chuy&ecirc;n gia v&agrave; huấn luyện vi&ecirc;n từ c&aacute;c vương quốc kh&aacute;c tới để l&agrave;m cho ch&uacute; vẹt kia biết bay. Tuy nhi&ecirc;n, d&ugrave; họ đ&atilde; cố gắng mọi c&aacute;ch, ch&uacute; vẹt vẫn kh&ocirc;ng rời khỏi c&agrave;nh c&acirc;y ban đầu.</p>\r\n<p style=\"text-align: justify;\">Cuối c&ugrave;ng, sau nhiều nỗ lực thất bại, vị vua nghĩ rằng &ocirc;ng cần một người quen với cuộc sống thi&ecirc;n nhi&ecirc;n hoang d&atilde; để c&oacute; thể &ldquo;thuyết phục&rdquo; ch&uacute; vẹt. &Ocirc;ng sai người đi t&igrave;m một b&aacute;c n&ocirc;ng d&acirc;n ở qu&ecirc; v&agrave;o cung điện v&agrave; y&ecirc;u cầu người n&ocirc;ng d&acirc;n t&igrave;m hiều xem chuyện g&igrave; đ&atilde; xảy ra với ch&uacute; vẹt.</p>\r\n<p style=\"text-align: justify;\">S&aacute;ng h&ocirc;m sau, vị vua v&ocirc; c&ugrave;ng ngạc nhi&ecirc;n khi nh&igrave;n thấy ch&uacute; vẹt bay lượn từ c&agrave;nh c&acirc;y n&agrave;y sang c&agrave;nh c&acirc;y kh&aacute;c khắp cả cung điện. &Ocirc;ng gọi b&aacute;c n&ocirc;ng d&acirc;n đến v&agrave; hỏi: &ldquo;Ngươi đ&atilde; l&agrave;m c&aacute;ch n&agrave;o m&agrave; ch&uacute; vẹt biết bay vậy?&rdquo;</p>\r\n<p style=\"text-align: justify;\">&ldquo;Việc n&agrave;y rất dễ, thưa Đức Vua. Đơn giản l&agrave; t&ocirc;i chỉ chặt c&agrave;nh c&acirc;y nơi con vẹt đang đậu đi m&agrave; th&ocirc;i&rdquo; &ndash; b&aacute;c n&ocirc;ng d&acirc;n k&iacute;nh cẩn trả lời.</p>\r\n<p style=\"text-align: justify;\">Trong cuộc sống, tất cả ch&uacute;ng ta đều c&oacute; cơ hội v&agrave; nguồn sức mạnh như nhau để t&igrave;m kiếm th&agrave;nh c&ocirc;ng; tuy nhi&ecirc;n kh&ocirc;ng phải ai cũng đủ dũng cảm để đạt đến mục ti&ecirc;u cao nhất hay tho&aacute;t ra khỏi v&ugrave;ng an to&agrave;n m&agrave; ch&uacute;ng ta đ&atilde; qu&aacute; quen thuộc. Để th&agrave;nh c&ocirc;ng, bạn cần giải ph&oacute;ng bản th&acirc;n khỏi v&ugrave;ng an to&agrave;n v&agrave; t&igrave;m kiếm những cơ hội mới vượt ra ngo&agrave;i khả năng.</p>\r\n<p style=\"text-align: justify;\">Một v&iacute; dụ điển h&igrave;nh về doanh nh&acirc;n d&aacute;m nghĩ d&aacute;m l&agrave;m v&agrave; dũng cảm bước ra khỏi v&ugrave;ng an to&agrave;n để gặt h&aacute;i th&agrave;nh c&ocirc;ng ch&iacute;nh l&agrave; tỷ ph&uacute; Richard Branson. C&ugrave;ng với Bill Gates, Steve Jobs v&agrave; Warren Buffet, Richard Branson cũng g&oacute;p mặt trong danh s&aacute;ch 4 doanh nh&acirc;n c&oacute; sức ảnh hưởng lớn nhất thế giới. Tỷ ph&uacute; s&aacute;ng lập Tập đo&agrave;n Virgin cho rằng bạn sẽ chẳng bao giờ gặp may nếu cứ cố thu m&igrave;nh v&agrave;o g&oacute;c an to&agrave;n v&agrave; kh&ocirc;ng d&aacute;m mạo hiểm.</p>\r\n<p style=\"text-align: justify;\">Tr&ecirc;n thực tế, những c&aacute; nh&acirc;n v&agrave; c&ocirc;ng ty được coi l&agrave; may hơn người kh&aacute;c cũng ch&iacute;nh l&agrave; những người sẵn s&agrave;ng mạo hiểm v&agrave; chấp nhận thất bại nhất. Trong khi đ&oacute;, nh&oacute;m người &ldquo;chọn an to&agrave;n v&igrave; sợ thất bại&rdquo; thường kh&ocirc;ng bao giờ gặp may được như vậy. Do vậy, để đạt được sự may mắn, bạn phải cố gắng hết sức v&agrave; d&aacute;m mạo hiểm đương đầu với thử th&aacute;ch.</p>\r\n<p style=\"text-align: justify;\">&ldquo;Đừng bao giờ nghĩ may mắn tự động đến với m&igrave;nh. Bạn phải cố gắng để đạt được may mắn. Ch&acirc;m ng&ocirc;n của t&ocirc;i l&agrave; &ldquo;l&agrave;m tới đi&rdquo;. Nếu bạn muốn l&aacute;i m&aacute;y bay th&igrave; h&atilde;y tới s&acirc;n bay xin một ch&acirc;n pha tr&agrave;; bạn muốn l&agrave;m thiết kế thời trang th&igrave; xin v&agrave;o l&agrave;m nh&acirc;n vi&ecirc;n qu&eacute;t dọn ở c&ocirc;ng ty thời trang, h&atilde;y mở mắt thật to m&agrave; học việc&rdquo; &ndash; tỷ ph&uacute; &ldquo;chơi ng&ocirc;ng&rdquo; n&agrave;y chia sẻ.</p>\r\n<p style=\"text-align: justify;\">&nbsp;</p>\r\n<p style=\"text-align: justify;\">Theo Tr&iacute; Thức Trẻ</p>', 'vi'),
(58, 29, 'The King and the Parrot: To succeed, you have to do things that other people never thought of', 'the-king-and-the-parrot-to-succeed-you-have-to-do-things-that-other-people-never-thought-of', '', '', '', '<p>Once upon a time in the kingdom there was a noble king. One day he visited neighboring countries and was given two Macao parrots. These are the most beautiful parrots that he has ever seen. When he returned, the king was very happy, immediately sent the person to bring a parrot care specialist.</p>\r\n<p>The King and the Parrot: To be successful, you have to do things that other people never thought of.<br />At the same time, he also arranged the most beautiful place in the palace garden for the parrot. Every day he watches them through the window from his palace.</p>\r\n<p>As time went on, one day the parrot care specialist came and informed the king that a parrot had flown away, and the other was standing still, not moving from the branches from day it comes.</p>\r\n<p>The King and the Parrot: To be successful, you have to do things that other people never thought about.<br />Upon hearing the news, the king was very sad. He summoned many experts and trainers from other kingdoms to make the parrot flying. However, despite all their efforts, the parrot did not leave the tree.</p>\r\n<p>Finally, after many failed attempts, the king thought he needed someone familiar with wildlife to be able to \"convince\" the parrot. He sent a farmer to find a farmer in the village and asked the farmer to find out what happened to the parrot.</p>\r\n<p>The next morning, the king was surprised to see the parrot flying from branch to branch over the palace. He called the farmer and asked: \"How did you parrot fly?\"</p>\r\n<p>\"This is very easy, Your Majesty. I simply cut the branches where the parrot is standing, \"the farmer responded.</p>\r\n<p>In life, we all have the same opportunity and power to seek success; However, not everyone is brave enough to reach the highest goal or get out of the safe area that we are so familiar with. To succeed, you need to free yourself from the safety zone and find new opportunities beyond your means.</p>\r\n<p>A good example of a daring entrepreneur who bravely walks out of a safe area to succeed is billionaire Richard Branson. Along with Bill Gates, Steve Jobs and Warren Buffet, Richard Branson also made the list of the four most influential entrepreneurs in the world. The Virgin Group Founder believes you will never get lucky if you try to keep yourself safe and do not risk it.</p>\r\n<p>In fact, individuals and companies considered better than others are the ones who are willing to take the risk and accept the failure. Meanwhile, the group who \"choose safety for fear of failure\" is often never so fortunate. Therefore, to achieve good luck, you must try your best and dare to face the challenge.</p>\r\n<p>\"Do not ever think of automatic luck coming to you. You must try to achieve good luck. My motto is \"do it\". If you want to fly the plane please go to the airport for a tea; You want to do fashion design please go to the cleaning staff at the fashion company, open your eyes to learn the big job \"- billionaires\" play \"share this.</p>', 'en'),
(59, 30, 'Câu chuyện \'\'Hai người tranh nhau con sò\'\' và bài học \'\'Kiện tụng xưa nay tốn kém to\'\'', 'cau-chuyen-hai-nguoi-tranh-nhau-con-so-va-bai-hoc-kien-tung-xua-nay-ton-kem-to', '', '', '', '<center></center><center><img class=\"img\" src=\"https://cafebiz.cafebizcdn.vn/thumb_w/600/2017/q-1512981489516-1513136966884.png\" alt=\"C&amp;#226;u chuyện &amp;quot;Hai người tranh nhau con s&amp;#242;&amp;quot; v&amp;#224; b&amp;#224;i học &amp;quot;Kiện tụng xưa nay tốn k&amp;#233;m to&amp;quot;\" /></center>\r\n<div class=\"avatar-desc\" style=\"text-align: justify;\">&nbsp;</div>\r\n<div style=\"text-align: justify;\" data-check-position=\"body_start\">&nbsp;</div>\r\n<div class=\"detail-content\">\r\n<p style=\"text-align: justify;\">Chuyện ngụ ng&ocirc;n La Fontain kể m&atilde;i kh&ocirc;ng hết bởi mu&ocirc;n m&agrave;u mu&ocirc;n vẻ, mỗi truyện l&agrave; một b&agrave;i học kh&aacute;c nhau. Hơn nữa ngụ ng&ocirc;n La Fontain dễ đọc, dễ thuộc. C&oacute; những mẩu truyện đ&atilde; đi theo suốt tuổi thơ mỗi người, nhưng lớn l&ecirc;n, đọc lại, truyện lại mang một m&agrave;u sắc mới, một b&agrave;i học mới, một &yacute; nghĩa mới.</p>\r\n<p style=\"text-align: justify;\">H&ocirc;m nay, mời bạn c&ugrave;ng đọc lại c&acirc;u chuyện \"Hai người tranh nhau con s&ograve;\" do Nguyễn Văn Vĩnh dịch. Truyện rằng:</p>\r\n<p style=\"text-align: justify;\">Hai người đi trảy hội ch&ugrave;a,</p>\r\n<p style=\"text-align: justify;\">Qua nơi b&atilde;i c&aacute;t gặp s&ograve; nổi l&ecirc;n.</p>\r\n<p style=\"text-align: justify;\">Tay c&ugrave;ng tỏ, mắt c&ugrave;ng nh&igrave;n</p>\r\n<p style=\"text-align: justify;\">Mồm c&ugrave;ng muốn lẩm, muốn vin l&yacute; gi&agrave;.</p>\r\n<p style=\"text-align: justify;\">Người c&uacute;i nhặt, kẻ liền la:</p>\r\n<p style=\"text-align: justify;\">- Khoan, khoan, h&atilde;y hỏi ai l&agrave; đ&aacute;ng ăn?</p>\r\n<p style=\"text-align: justify;\">Cứ theo như lẽ c&ocirc;ng bằng</p>\r\n<p style=\"text-align: justify;\">Ai m&agrave; thấy trước th&igrave; ăn đỡ th&egrave;m.</p>\r\n<p style=\"text-align: justify;\">Người kia phải đứng m&agrave; xem.</p>\r\n<p style=\"text-align: justify;\">Đ&aacute;p rằng: - Nếu vậy m&agrave; n&ecirc;n c&ocirc;ng b&igrave;nh.</p>\r\n<p style=\"text-align: justify;\">Nhờ trời t&ocirc;i mắt cũng tinh</p>\r\n<p style=\"text-align: justify;\">- C&atilde;i rằng mắt tớ c&ograve;n nhanh gấp mười</p>\r\n<p style=\"text-align: justify;\">Tớ thề tớ thấy trước rồi.</p>\r\n<p style=\"text-align: justify;\">- Nhưng m&agrave; tao ngửi thấy m&ugrave;i đ&atilde; l&acirc;u!</p>\r\n<p style=\"text-align: justify;\">Trong cuộc sống ch&uacute;ng ta chứng kiến rất nhiều tranh chấp chỉ từ những vấn đề rất nhỏ nhặt. B&agrave;i học từ c&acirc;u chuyện cổ t&iacute;ch \"hai con d&ecirc; qua cầu\" hầu hết ch&uacute;ng ta được nghe từ b&eacute; đ&atilde; dần bị l&atilde;ng qu&ecirc;n. Tr&ecirc;n chiếc cầu hẹp, 2 ch&uacute; d&ecirc;, một d&ecirc; trắng, một d&ecirc; đen đi từ hai đầu lại. cả hai đều muốn qua cầu trước, kh&ocirc;ng ai chịu nhường ai. Cả 2 ch&uacute; d&ecirc; từ c&atilde;i nhau chuyển qua đấu đ&aacute;, h&uacute;c nhau quyết kh&ocirc;ng nhường bước, v&agrave; cả hai c&ugrave;ng rơi xuống s&ocirc;ng.</p>\r\n<p style=\"text-align: justify;\"><strong><em>Người xưa thường n&oacute;i: C&oacute; lương thực ng&agrave;n g&aacute;nh cũng chỉ ăn một ng&agrave;y 3 bữa, c&oacute; căn nh&agrave; lớn 10 tầng cũng chỉ ngủ ở một gian, b&aacute;u vật trăm xe ngựa trong l&ograve;ng vẫn c&oacute; buồn phiền, quan to lộc hậu cũng l&agrave; đi l&agrave;m h&agrave;ng ng&agrave;y, vinh hoa ph&uacute; qu&yacute; cũng chỉ l&agrave; thoảng qua như m&acirc;y kh&oacute;i! Vậy, sống tr&ecirc;n đời tranh gi&agrave;nh l&agrave;m g&igrave;?</em></strong></p>\r\n<p style=\"text-align: justify;\">Cũng c&acirc;u chuyện hai con d&ecirc;, nếu cả 2 c&ugrave;ng đo&agrave;n kết t&igrave;m hướng giải quyết chắc chắn cả 2 c&ugrave;ng sang cầu được sớm như &yacute; muốn &ndash; đ&oacute; l&agrave; lời khuy&ecirc;n của b&aacute;c H&agrave; M&atilde; ph&iacute;a dưới: Gi&aacute; như cả 2 c&ugrave;ng đồng l&ograve;ng, c&otilde;ng nhau quay một v&ograve;ng đổi chỗ cho nhau, cả 2 sẽ c&ugrave;ng qua cầu. Trở lại c&acirc;u chuyện 2 người tranh nhau con s&ograve;, chuyện c&oacute; chuyển biến mới:</p>\r\n<p style=\"text-align: justify;\">Trong khi c&atilde;i cọ c&ugrave;ng nhau.</p>\r\n<p style=\"text-align: justify;\">Xảy quan &aacute;n nọ đi đ&acirc;u qua đường</p>\r\n<p style=\"text-align: justify;\">Đ&ocirc;i b&ecirc;n đem chuyện th&acirc;n tường</p>\r\n<p style=\"text-align: justify;\">Xin quan ph&acirc;n xử đ&ocirc;i đường trắng đen.</p>\r\n<p style=\"text-align: justify;\">Cầm s&ograve;, quan đứng, quan nh&igrave;n</p>\r\n<p style=\"text-align: justify;\">T&aacute;ch đ&ocirc;i mảnh vỏ, h&uacute;t liền ruột trong.</p>\r\n<p style=\"text-align: justify;\">Khi quan vừa nuốt tr&ocirc;i xong</p>\r\n<p style=\"text-align: justify;\">Ng&agrave;i b&egrave;n l&ecirc;n giọng Bao c&ocirc;ng ph&aacute;n truyền:</p>\r\n<p style=\"text-align: justify;\">Xử cho b&ecirc;n bị, b&ecirc;n nguy&ecirc;n,</p>\r\n<p style=\"text-align: justify;\">Quan ph&acirc;n đ&ocirc;i vỏ, hai b&ecirc;n xử h&ograve;a</p>\r\n<p style=\"text-align: justify;\">C&ograve;n tiền ph&iacute; tổn th&igrave; tha.</p>\r\n<p style=\"text-align: justify;\">Thơ rằng:</p>\r\n<p style=\"text-align: justify;\">Kiện tụng xưa nay tốn k&eacute;m to,</p>\r\n<p style=\"text-align: justify;\">Chẳng qua nước đục chỉ nu&ocirc;i c&ograve;,</p>\r\n<p style=\"text-align: justify;\">Mới hay gan ruột quan moi hết,</p>\r\n<p style=\"text-align: justify;\">Trơ lại c&ograve;n đ&ocirc;i c&aacute;i vỏ s&ograve;</p>\r\n<p style=\"text-align: justify;\">Ch&uacute;ng ta cũng từng chứng kiến nhiều cuộc chiến dẫn tới ph&acirc;n tranh m&atilde;i m&atilde;i v&agrave; cả 2 c&ugrave;ng thiệt. C&acirc;u chuyện 2 anh em, hai &ocirc;ng chủ thương hiệu gi&agrave;y Puma v&agrave; Adidas l&agrave; một v&iacute; dụ. Chỉ v&igrave; những hiểu lầm trong giao tiếp, v&igrave; c&aacute;ch nh&igrave;n kh&aacute;c nhau, 2 anh em đ&atilde; quyết ph&acirc;n đ&ocirc;i chiến tuyến. Cuộc chiến của 2 anh em c&ograve;n s&acirc;u rộng đến nỗi ng&ocirc;i l&agrave;ng nơi 2 anh em sinh sống v&agrave; lập nghiệp cũng chia đ&ocirc;i với những người l&agrave;m việc v&agrave; ủng hộ cho người anh th&igrave; kh&ocirc;ng thể c&oacute; quan hệ với những người ủng hộ người em.</p>\r\n<p style=\"text-align: justify;\">C&aacute;i kết của cuộc chiến giữa 2 &ocirc;ng chủ h&atilde;ng Puma v&agrave; Adidas lại kh&aacute; bất ngờ khi kẻ hưởng lợi l&agrave; Nike. Trong khi 2 anh em đang t&igrave;m c&aacute;ch đối đầu, th&igrave; Nike đ&atilde; từng bước chiếm lĩnh thị trường, trở th&agrave;nh nh&atilde;n h&agrave;ng c&oacute; thị phần lớn nhất trong lĩnh vực đồ thể thao. Cũng giống như vi&ecirc;n quan &aacute;n nọ đ&atilde; hưởng trọn lợi &iacute;ch được con s&ograve; ngon ngọt, trong khi chủ nh&acirc;n thực sự l&agrave; 2 người kia lại chỉ nhận về 2 mảnh vỏ v&ocirc; dụng.</p>\r\n<p style=\"text-align: justify;\">Cũng c&oacute; 1 c&acirc;u truyện ngụ ng&ocirc;n về việc sư tử chia thịt l&agrave; một v&iacute; dụ. Trong cộng đồng nọ sư tử quản l&yacute; 4 con s&oacute;i. H&agrave;ng ng&agrave;y thức ăn kiếm về được sư tử chia l&agrave;m 5 phần, phần lớn nhất sư tử chọn trước, c&ograve;n lại 4 phần, n&oacute; cố &yacute; chia kh&ocirc;ng bằng hau v&agrave; k&ecirc;u bọn s&oacute;i tự lấy phần của m&igrave;nh.</p>\r\n<p style=\"text-align: justify;\">Đương nhi&ecirc;n lũ s&oacute;i h&aacute;u ăn kh&ocirc;ng thể chấp nhận để con kh&aacute;c c&oacute; phần hơn, b&egrave;n kiện l&ecirc;n sư tử. Để ph&acirc;n xử, sư tử lại lấy phần lớn nhất cắn bớt 1 miềng to, đưa lại cho lũ s&oacute;i. Ch&uacute;ng lại x&acirc;u x&eacute; gi&agrave;nh giật v&agrave; vẫn ph&aacute;t hiện ra vẫn c&oacute; những miếng thịt nhỏ hơn c&aacute;c miếng kh&aacute;c nhiều. Ch&uacute;ng lại k&ecirc;u đến Sư tử. Chẳng kh&oacute; khăn g&igrave;, Sư tử lại đồng &yacute; ph&acirc;n xử, lấy miếng thịt to nhất cắn bớt một miếng to, phần c&ograve;n lại lại trở th&agrave;nh miếng b&eacute; nhất.</p>\r\n<p style=\"text-align: justify;\">Cứ như vậy, khi đ&atilde; ch&eacute;n no n&ecirc; v&agrave; những miếng mồi c&ograve;n lại rất b&eacute;, sư tử mới cố t&igrave;nh để c&aacute;c miếng bằng nhau cho s&oacute;i.</p>\r\n<p style=\"text-align: justify;\">Tranh đua, cạnh tranh kh&ocirc;ng phải l&agrave; điều kh&ocirc;ng tốt, m&agrave; n&oacute; c&ograve;n l&agrave; một động lực gi&uacute;p cho đối thủ c&oacute; động cơ phấn đấu v&agrave; ph&aacute;t triển. Tuy nhi&ecirc;n, cần cạnh tranh đ&uacute;ng c&aacute;ch, cạnh tranh l&agrave;nh mạnh để cả 2 c&ugrave;ng ph&aacute;t triển hơn l&agrave; hủy diệt lẫn nhau để b&ecirc;n thứ 3 hưởng lợi. \"<strong><em>Những h&agrave;nh động của ta nằm trong tay ta, nhưng hậu quả của ch&uacute;ng th&igrave; kh&ocirc;ng. H&atilde;y nhớ điều đ&oacute;, v&agrave; nghĩ hai lần trước khi định l&agrave;m bất cứ điều g&igrave;</em></strong>&rdquo;- Louisa May Alcott từng n&oacute;i như vậy.</p>\r\n<p style=\"text-align: justify;\">C&acirc;u chuyện \"Hai người tranh nhau con s&ograve;\" cũng nhắc nhở ch&uacute;ng ta lu&ocirc;n cần suy x&eacute;t trước sau trước khi c&oacute; bất cứ quyết định g&igrave; lớn. Quan trọng nhất h&atilde;y trừ cho m&igrave;nh đường l&ugrave;i trước khi mất hết cả ch&igrave; lẫn ch&agrave;i.</p>\r\n<p style=\"text-align: justify;\">&nbsp;</p>\r\n<p style=\"text-align: justify;\">(Theo Lan Trần/Tr&iacute; Thức Trẻ)</p>\r\n</div>', 'vi'),
(60, 30, 'The story &quot;Two people fight scallops&quot; and the lesson &quot;The old lawsuit is expensive&quot;', 'the-story-two-people-fight-scallops-and-the-lesson-the-old-lawsuit-is-expensive', '', '', '', '<p>The fable of La Fontain is not always the endless variety of colors, each story is a different lesson. Moreover, the fable of La Fontain is easy to read. There are stories that go along with each other, but growing up, re-reading, the story brings a new color, a new lesson, a new meaning.</p>\r\n<p>Today, we invite you to re-read the story \"Two people compete scallop\" by Nguyen Van Vinh translation. Stories that:</p>\r\n<p>Two pays tribute to the temple,</p>\r\n<p>Across the sandy beach encountered oysters.</p>\r\n<p>Hands together, eyes look</p>\r\n<p>Mouth want to mingle, want to vin old.</p>\r\n<p>He bent down,</p>\r\n<p>-Do you want to ask someone to eat?</p>\r\n<p>Just as fair</p>\r\n<p>Those who see before eat the cravings.</p>\r\n<p>The other person must stand watching.</p>\r\n<p>- If so, then should be fair.</p>\r\n<p>Thanks to my eyes also fine</p>\r\n<p>- My eyes are ten times faster</p>\r\n<p>I swear I see first.</p>\r\n<p>-But I have to smell the smell for a long time!</p>\r\n<p>In life we ​​see a lot of disputes only from very small issues. The lesson from the fairy tale \"two goats crossing the bridge\" most of us heard from the baby has gradually been forgotten. On a narrow bridge, two goats, one white goat, one goat go from one end to the other. Both want to cross the bridge first, no one will give up. The two goats from quarrels turned to fighting, each other decided not to give way, and both fall into the river.</p>\r\n<p>The ancient people often say: There are thousands of food eat only one day, there is a large 10 storey house just sleeping in a room, treasures hundred carriages in the heart still sad, post office is also go away Every day, the rich honor is just as fleeting clouds! So, living on the scramble to do?</p>\r\n<p>The story of two goats, if the two unite to find the solution to both sure to bridge the bridge as soon as you want - it is the advice of the Code below: If both of them together, piggyback Each of them swap each other, the two will cross the bridge. Back to the story two people scramble scrambled, things have changed a new:</p>\r\n<p>While quarreling together.</p>\r\n<p>Take the judge where to go across the road</p>\r\n<p>The sides of the story</p>\r\n<p>Please judge the black and white lines.</p>\r\n<p>Arguing, stand, view</p>\r\n<p>Separation of the shell, suction in the intestine.</p>\r\n<p>When the officer has finished swallowing</p>\r\n<p>He raised the voice of the Bao said:</p>\r\n<p>Trial the party, the plaintiff,</p>\r\n<p>The double shell, the two sides of the deal</p>\r\n<p>The cost is forgone.</p>\r\n<p>Poetry:</p>\r\n<p>The lawsuit was costly,</p>\r\n<p>Through turbid water,</p>\r\n<p>New or fresh air intakes,</p>\r\n<p>There are also clams</p>\r\n<p>We have also witnessed many wars leading to war and forever both. The two brothers, two Puma and Adidas brand owners, are one example. Just because of misunderstandings in communication, because of different views, two brothers decided to double front line. The battle of the two brothers is so deep that the village where the two brothers live and work, also split with those who work and support the brother can not have relations with the supporters brother.</p>\r\n<p>The end of the fight between the bosses of Puma and Adidas is quite unexpected when the beneficiary is Nike. While the two brothers are looking for a way to confront, Nike has taken the market step by step, becoming the largest player in the field of sportswear. Just like that fellow who has enjoyed all the benefits of the juicy cocktail, while the actual owner of the other two just received two useless shells.</p>\r\n<p>There is also an allegory about lions sharing meat as an example. In the community a lion manages four wolves. Every day, the lion\'s share of the food is divided into five parts, the largest of which is the lion\'s first choice. The other four divide the lion\'s share of his will.</p>\r\n<p>Of course, the gluttonous wolves could not accept the other children, so they sued the lion. In order to decide, the lion took the biggest part, cutting one big pot, giving it to the wolves. They tear again and still find that there are pieces of meat smaller than the other pieces. They called to the Lion. Not difficult, Lion agreed to arbitrate, take the largest piece of meat to cut a large piece, the rest became the smallest pieces.</p>\r\n<p>As such, when the cup was filled and the remaining pieces are very small, the new lion deliberately put the pieces equal to the wolf.</p>\r\n<p>Competition, competition is not a bad thing, but it is also a motivation for rivals to motivate and develop. However, proper competition, healthy competition for both to develop together rather than destroy each other for the third party to benefit. \"Our actions are in our hands, but their consequences are not. Remember that, and think twice before trying to do anything,\" Louisa May Alcott said.</p>\r\n<p>The story \"Two people scramble\" also remind us to always think before after any major decision. Most importantly, give yourself back before you lose all lead and fish.</p>', 'en');

-- --------------------------------------------------------

--
-- Table structure for table `login_attempts`
--

CREATE TABLE `login_attempts` (
  `id` int(11) UNSIGNED NOT NULL,
  `ip_address` varchar(45) NOT NULL,
  `login` varchar(100) NOT NULL,
  `time` int(11) UNSIGNED DEFAULT NULL
) ENGINE=InnoDB DEFAULT CHARSET=utf8;

-- --------------------------------------------------------

--
-- Table structure for table `partner`
--

CREATE TABLE `partner` (
  `id` int(11) NOT NULL,
  `description_image` text COLLATE utf8_unicode_ci NOT NULL,
  `created_at` datetime NOT NULL,
  `created_by` varchar(255) COLLATE utf8_unicode_ci NOT NULL,
  `modified_at` datetime NOT NULL,
  `modified_by` varchar(255) COLLATE utf8_unicode_ci NOT NULL,
  `is_deleted` tinyint(1) NOT NULL
) ENGINE=InnoDB DEFAULT CHARSET=utf8 COLLATE=utf8_unicode_ci;

--
-- Dumping data for table `partner`
--

INSERT INTO `partner` (`id`, `description_image`, `created_at`, `created_by`, `modified_at`, `modified_by`, `is_deleted`) VALUES
(1, '123123.png', '2017-10-05 02:10:52', 'administrator', '2017-10-05 02:16:08', 'administrator', 1),
(2, 'smoke-1232652_960_720.png', '2017-10-05 02:58:17', 'administrator', '2017-10-18 22:27:16', 'administrator', 1),
(3, '20205716_1789990777677693_76086357_o.jpg', '2017-10-20 22:01:11', 'eagle ele admin', '2017-10-20 22:01:11', 'eagle ele admin', 1),
(4, '20205716_1789990777677693_76086357_o1.jpg', '2017-10-20 22:10:52', 'eagle ele admin', '2017-10-20 22:10:52', 'eagle ele admin', 1),
(5, 'mato.png', '2017-10-21 23:00:40', 'eagle ele admin', '2017-10-21 23:00:40', 'eagle ele admin', 0),
(6, 'dragon.jpg', '2017-10-23 17:56:17', 'eagle ele admin', '2017-10-23 17:56:17', 'eagle ele admin', 0),
(7, 'thinknaction.jpg', '2017-10-23 18:00:50', 'eagle ele admin', '2017-10-23 18:00:50', 'eagle ele admin', 0),
(8, 'fomeco.jpg', '2017-10-23 18:04:39', 'eagle ele admin', '2017-10-23 18:04:39', 'eagle ele admin', 0),
(9, 'varisme.jpg', '2017-10-23 18:07:38', 'eagle ele admin', '2017-10-23 18:07:38', 'eagle ele admin', 0);

-- --------------------------------------------------------

--
-- Table structure for table `partner_lang`
--

CREATE TABLE `partner_lang` (
  `id` int(11) NOT NULL,
  `partner_id` int(11) NOT NULL,
  `name` varchar(255) COLLATE utf8_unicode_ci DEFAULT NULL,
  `slug` varchar(255) COLLATE utf8_unicode_ci DEFAULT NULL,
  `meta_keywords` varchar(255) COLLATE utf8_unicode_ci DEFAULT NULL,
  `meta_description` varchar(255) COLLATE utf8_unicode_ci DEFAULT NULL,
  `content` text COLLATE utf8_unicode_ci,
  `language` varchar(50) COLLATE utf8_unicode_ci NOT NULL
) ENGINE=InnoDB DEFAULT CHARSET=utf8 COLLATE=utf8_unicode_ci;

--
-- Dumping data for table `partner_lang`
--

INSERT INTO `partner_lang` (`id`, `partner_id`, `name`, `slug`, `meta_keywords`, `meta_description`, `content`, `language`) VALUES
(1, 1, 'asd1', NULL, NULL, NULL, '<p>asd2</p>', 'vi'),
(2, 1, 'qwe3', NULL, NULL, NULL, '<p>qwe4</p>', 'en'),
(3, 2, 'asd1', '', '', '', '<p>asd2</p>', 'vi'),
(4, 2, 'qwe3 ASDA', 'qwe3-asda', '', '', '<p>qwe4</p>', 'en'),
(5, 3, 'đối tác 1', 'doi-tac-1', 'partner', 'đối tác 1', '<p>vbcv</p>', 'vi'),
(6, 3, 'partner 1', 'partner-1', 'partner', 'partner 1', '<p>v&aacute;va</p>', 'en'),
(7, 4, 'ac', 'ac', 'ac', 'ac', '<p>ac</p>', 'vi'),
(8, 4, 'ac', 'ac', 'ac', 'ac', '<p>ac</p>', 'en'),
(9, 5, 'Mato Creative', 'mato-creative', 'partners', 'Mato Creative', '<p>Mato Creative l&agrave; c&ocirc;ng ty chuy&ecirc;n s&acirc;u về thiết kế nhận diện v&agrave; truyền th&ocirc;ng thương hiệu. Ch&uacute;ng t&ocirc;i cung cấp một giải ph&aacute;p về h&igrave;nh ảnh to&agrave;n diện để gi&uacute;p doanh nghiệp n&acirc;ng cao năng lực cạnh tranh tr&ecirc;n thị trường. Ch&uacute;ng t&ocirc;i lu&ocirc;n giao tiếp cởi mở v&agrave; lắng nghe y&ecirc;u cầu của kh&aacute;ch h&agrave;ng để c&oacute; thể đảm bảo thấu hiểu y&ecirc;u cầu s&aacute;ng tạo ngay từ khi mới bắt đầu v&agrave; đảm bảo t&iacute;nh nhất qu&aacute;n trong suốt qu&aacute; tr&igrave;nh thực thi dự &aacute;n. Cam kết mang lại những giải ph&aacute;p s&aacute;ng tạo v&agrave; hiệu quả, Mato Creative đồng h&agrave;nh c&ugrave;ng doanh nghiệp x&acirc;y dựng thương hiệu ph&aacute;t triển.</p>', 'vi'),
(10, 5, 'Mato Creative', 'mato-creative', 'partner', 'Mato Creative', '<p>Mato Creative is a company specialized in brand identity design and communication. We provide a comprehensive image solution to help businesses improve their competitiveness in the marketplace. We always communicate openly and listen to our customers\' requests so that we can understand the creative requirements from the very beginning and ensure consistency throughout the project implementation. Commitment to innovative and effective solutions, Mato Creative co-operates with brand building business development.</p>', 'en'),
(11, 6, 'Dragon Gate', 'dragon-gate', 'partner', 'Dragon Gate', '<p>CH&Uacute;NG T&Ocirc;I Đ&Oacute;NG G&Oacute;P CỦA NH&Oacute;M S&Aacute;NG TẠO, NH&Agrave; M&Aacute;Y, THIẾT KẾ V&Agrave; THIẾT KẾ THẾ GIỚI ĐẾN TH&Agrave;NH C&Ocirc;NG TẠO ĐẠT ĐƯỢC ĐẠT ĐƯỢC ĐƯỢC ĐẠT ĐƯỢC ĐƯỢC TH&Iacute;CH HỢP</p>', 'vi'),
(12, 6, 'Dragon Gate', 'dragon-gate', 'partner', 'Dragon Gate', '<p>WE\'RE CLOSE TEAM OF CREATIVES, MAKERS, PHOTOGRAPHERS &amp; DESIGNERS WORLD TOGETHER TO CREATE BEAUTIFUL, ENGAGING BRAND EXPERIENCES</p>', 'en'),
(13, 7, 'Think & Action', 'think-action', 'partner', 'Think & Action', '<p>ThinkAction l&agrave; agency chuy&ecirc;n về lĩnh vực Marketing, X&acirc;y dựng h&igrave;nh ảnh v&agrave; Ph&aacute;t triển Thương hiệu. Với đội ngũ nh&acirc;n vi&ecirc;n trẻ trung, năng động, gi&agrave;u s&aacute;ng tạo nhưng cũng rất chuy&ecirc;n nghiệp, ThinkAction đ&atilde; v&agrave; đang đồng h&agrave;nh c&ugrave;ng c&aacute;c doanh nghiệp: C&ocirc;ng ty cổ phần vật tư Y tế H&agrave; Nội, Passio, New Day Coffee &amp; Tea, The Decanter,&hellip;<br />C&ugrave;ng với sự gia tăng về số lượng kh&aacute;ch h&agrave;ng, ThinkAction cũng lu&ocirc;n kh&ocirc;ng ngừng cố gắng ho&agrave;n thiện chất lượng nhằm đưa đến những dịch vụ tốt nhất cho kh&aacute;ch h&agrave;ng!</p>', 'vi'),
(14, 7, 'Think & Action', 'think-action', 'partner', 'Think & Action', '<p>ThinkAction is specialized in marketing, image building and branding. With a staff of young, dynamic, wealthy creative but very professional, ThinkAction has been accompanying companies such as Hanoi Health Private Joint Stock Company, Passio, Coffee and Tea Day New, The Decanter, ...<br />With the increase in the number of customers, ThinkAction also constantly perfect the perfect quality for customers!</p>', 'en'),
(15, 8, 'Fomeco', 'fomeco', 'partner', 'Fomeco', '<p>C&ocirc;ng ty cổ phần cơ điện Phố Y&ecirc;n được th&agrave;nh lập v&agrave;o ng&agrave;y 19 th&aacute;ng 10 năm 1974, t&ecirc;n ban đầu l&agrave; Nh&agrave; m&aacute;y sản xuất v&ograve;ng bi. Ch&uacute;ng t&ocirc;i cũng đ&atilde; đổi t&ecirc;n th&agrave;nh 3 lần v&agrave;o năm 1996, 2002 v&agrave; 2003:</p>\r\n<ul>\r\n<li>Ng&agrave;y 06/01/1996, nh&agrave; m&aacute;y được đổi t&ecirc;n th&agrave;nh \"Nh&agrave; m&aacute;y cơ kh&iacute; Phố Y&ecirc;n\"</li>\r\n<li>Ng&agrave;y 04/2002, nh&agrave; m&aacute;y được đổi t&ecirc;n th&agrave;nh \"C&ocirc;ng ty Cơ kh&iacute; Phố Y&ecirc;n\"</li>\r\n<li>Ng&agrave;y 12/12/2003, c&ocirc;ng ty chuyển đổi th&agrave;nh c&ocirc;ng ty cổ phần v&agrave; đổi t&ecirc;n th&agrave;nh \"C&ocirc;ng ty cổ phần cơ điện Phố Y&ecirc;n\" (viết tắt l&agrave; FOMECO)</li>\r\n</ul>\r\n<p>C&ocirc;ng ty ch&uacute;ng t&ocirc;i đặt tại phường B&atilde;i Bồng, thị x&atilde; Phổ Y&ecirc;n, tỉnh Th&aacute;i Nguy&ecirc;n v&agrave; c&aacute;ch H&agrave; Nội khoảng 50km về ph&iacute;a Bắc. N&oacute; rất tiện lợi trong giao th&ocirc;ng vận tải v&agrave; c&oacute; m&ocirc;i trường đẹp. Ch&uacute;ng t&ocirc;i cũng c&oacute; một chi nh&aacute;nh tại th&agrave;nh phố Hồ Ch&iacute; Minh. C&ocirc;ng ty bao gồm khoảng 200.000 m2 v&agrave; c&oacute; hơn 1000 nh&acirc;n vi&ecirc;n với 9 ph&ograve;ng ban v&agrave; 10 xưởng sản xuất. N&oacute; c&oacute; c&aacute;c cơ sở sản xuất xuất sắc, năng lực sản xuất ph&aacute;t triển mạnh mẽ v&agrave; phương ph&aacute;p kiểm tra ho&agrave;n hảo, chuy&ecirc;n sản xuất nhiều loại v&ograve;ng bi, &ocirc;t&ocirc; &amp; phụ t&ugrave;ng xe gắn m&aacute;y, n&ocirc;ng nghiệp phần &amp; phụ t&ugrave;ng x&acirc;y dựng.</p>\r\n<p>Trong hơn 40 năm qua, FOMECO đ&atilde; hợp t&aacute;c v&agrave; cung cấp sản phẩm cho nhiều c&ocirc;ng ty kh&ocirc;ng chỉ ph&aacute;t triển trong nước m&agrave; c&ograve;n mở rộng ra c&aacute;c khu vực quốc tế tr&ecirc;n to&agrave;n thế giới. Với nhiều năm kinh nghiệm trong sản xuất v&agrave; ph&acirc;n phối c&aacute;c lĩnh vực n&agrave;y, ch&uacute;ng t&ocirc;i đ&atilde; c&oacute; thể x&acirc;y dựng mối quan hệ mạnh mẽ v&agrave; l&acirc;u d&agrave;i với người b&aacute;n sỉ địa phương, nh&agrave; b&aacute;n lẻ v&agrave; nh&agrave; cung cấp ch&iacute;nh tr&ecirc;n to&agrave;n thế giới. Kết quả l&agrave; ch&uacute;ng t&ocirc;i c&oacute; thể ph&acirc;n phối với gi&aacute; cả cạnh tranh cao cho kh&aacute;ch h&agrave;ng của ch&uacute;ng t&ocirc;i cho người ti&ecirc;u d&ugrave;ng.</p>', 'vi'),
(16, 8, 'Fomeco', 'fomeco', 'partner', 'Fomeco', '<p>Pho Yen Mechanical Joint Stock Company was found on 19th October, 1974, the original name is Ball bearing factory. We also have renamed for 3 times in 1996, 2002 and 2003:</p>\r\n<ul>\r\n<li>On 06/01/1996, the factory was renamed to &ldquo;Pho Yen Mechanical factory&rdquo;</li>\r\n<li>On 04/2002, the factory was renamed to &ldquo;Pho Yen Mechanical company&rdquo;</li>\r\n<li>On 12/12/2003, the company was transformed into joint-stock company and was renamed to &ldquo;Pho Yen Mechanical Joint Stock Company&rdquo; (the abbreviation is FOMECO)</li>\r\n</ul>\r\n<p>Our company&rsquo;s located in Bai Bong ward, Pho Yen town, Thai Nguyen province and far from Ha Noi capital about 50km to the North. It&rsquo;s very convenient in transportation and have beautiful environment. We also have another branch in Ho Chi Minh city. The company covers about 200.000 m2 and has over 1000 employees with 9 departments and 10 manufacturing workshops. It has excellent production facilities, strong production developing capability and perfect inspection methods, specialized in manufacture many kinds of ball bearings, automobile &amp; motorcycle spare part, agricultural part &amp; construction spare parts.</p>\r\n<p>For over the past 40 years, FOMECO have cooperated and provided our products to many companies not only developing in domestic but also expanding to international areas all over the world. With the years of experience in production and distributing these fields, we have been able to build strong and lasting relationships with local wholesaler, retailer and major suppliers across the world. As a result we can able to distribute with highly competitive prices for our customers to consumers.</p>', 'en'),
(17, 9, 'Varisme', 'varisme', 'partner', 'Varisme', '<p><span style=\"font-family: arial, helvetica, sans-serif; font-size: small;\">Ng&agrave;y 16 th&aacute;ng 8 năm 2002, c&ugrave;ng với kh&iacute; thế c&aacute;ch mạng của những ng&agrave;y đầu thu th&aacute;ng T&aacute;m, một sự kiện mang &yacute; nghĩa to lớn đối với sự ph&aacute;t triển v&agrave; hội nhập kinh tế của c&aacute;c doanh nghiệp nhỏ v&agrave; vừa ng&agrave;nh nghề n&ocirc;ng th&ocirc;n, c&aacute;c l&agrave;ng nghề Việt Nam đ&oacute; l&agrave; sự ra đời của Hiệp hội doanh nghiệp nhỏ v&agrave; vừa ng&agrave;nh nghề n&ocirc;ng th&ocirc;n Việt Nam ( viết tắt VARISME). Hiệp hội doanh nghiệp nhỏ v&agrave; vừa ng&agrave;nh nghề n&ocirc;ng th&ocirc;n Việt Nam th&agrave;nh lập theo Quyết định số 28/QĐ - BTCCBCP ng&agrave;y 28 th&aacute;ng 5 năm 2002 của Bộ trưởng, Trưởng Ban tổ chức c&aacute;n bộ Ch&iacute;nh phủ (nay l&agrave; Bộ trưởng Bộ Nội vụ).&nbsp;<strong><a href=\"http://varisme.org.vn/?path=Vietnamese/ChuTichHiepHoi\">Nguy&ecirc;n Ph&oacute; Thủ tướng Ch&iacute;nh phủ&nbsp;</a><a href=\"http://tourismonine.vn/\" target=\"_blank\">Nguyễn</a>&nbsp;<a href=\"http://varisme.org.vn/?path=Vietnamese/ChuTichHiepHoi\">C&ocirc;ng Tạn</a>, người đ&atilde; nhiều năm gắn b&oacute; với ng&agrave;nh n&ocirc;ng nghiệp n&ocirc;ng th&ocirc;n được Đại hội bầu l&agrave;m Chủ tịch Hiệp hội</strong>. Ng&agrave;y 24/04/2007 tại kỳ họp thường ni&ecirc;n Ban Chấp H&agrave;nh Hiệp Hội, nguy&ecirc;n Ph&oacute; Thủ tướng Nguyễn C&ocirc;ng Tạn th&ocirc;i giữ chức Chủ tịch Hiệp hội. Ngày 29 tháng 03 năm 2010, tại Đại h&ocirc;̣i Đại biểu Hi&ecirc;̣p h&ocirc;̣i nhi&ecirc;̣m kỳ II,&nbsp;<strong><a href=\"http://varisme.org.vn/?path=Vietnamese/ChuTichHiepHoi\">&Ocirc;ng L&ecirc; Khắc Triết</a>, được</strong></span><span style=\"font-family: arial, helvetica, sans-serif; font-size: small;\"><strong>&nbsp;bầu giữ chức Chủ tịch ki&ecirc;m T&ocirc;̉ng Thư ký. &Ocirc;ng Nguyễn C&ocirc;ng Tạn l&agrave; cố vấn đặc biệt của Hiệp hội.</strong></span></p>', 'vi'),
(18, 9, 'Varisme', 'varisme', 'partner', 'Varisme', '<p>On August 16, 2002, together with the revolutionary spirit of the early days of August, an event of great significance for the development and economic integration of rural small and medium enterprises , the village of Vietnam is the birth of the Association of small and medium enterprises in rural Vietnam (abbreviated VARISME). Association of small and medium enterprises in rural areas of Vietnam established under Decision No. 28 / QĐ - BTCCBCP dated 28 May 2002 of the Minister, Head of the Governmental Personnel Organization Board (now the Minister of Home Affairs ). Former Deputy Prime Minister Nguyen Cong Tan, who has been attached to the agricultural sector for many years, was elected president of the association. On April 24, 2007, at the annual meeting of the Association\'s Executive Committee, former Deputy Prime Minister Nguyen Cong Tan stopped serving as Chairman of the Association. On March 29, 2010, Le Khac Triet was elected President and General Secretary at the Second Congress of the Association. Mr. Nguyen Cong is a special adviser to the Association.</p>', 'en');

-- --------------------------------------------------------

--
-- Table structure for table `recruitment`
--

CREATE TABLE `recruitment` (
  `id` int(11) NOT NULL,
  `status` tinyint(1) DEFAULT NULL,
  `description_image` text,
  `created_at` datetime DEFAULT NULL,
  `created_by` varchar(255) DEFAULT NULL,
  `modified_at` datetime DEFAULT NULL,
  `modified_by` varchar(255) DEFAULT NULL,
  `is_deleted` tinyint(1) DEFAULT '0'
) ENGINE=InnoDB DEFAULT CHARSET=utf8 ROW_FORMAT=COMPACT;

--
-- Dumping data for table `recruitment`
--

INSERT INTO `recruitment` (`id`, `status`, `description_image`, `created_at`, `created_by`, `modified_at`, `modified_by`, `is_deleted`) VALUES
(5, 1, 'class1.jpg', '2017-10-18 15:21:57', 'administrator', '2017-10-19 15:16:37', 'eagle ele admin', 0),
(6, 1, 'sale1.jpg', '2017-10-18 15:22:42', 'administrator', '2017-10-19 15:16:45', 'eagle ele admin', 0);

-- --------------------------------------------------------

--
-- Table structure for table `recruitment_lang`
--

CREATE TABLE `recruitment_lang` (
  `id` int(11) NOT NULL,
  `recruitment_id` int(11) DEFAULT NULL,
  `title` varchar(255) DEFAULT NULL,
  `slug` varchar(255) DEFAULT NULL,
  `meta_description` varchar(255) DEFAULT NULL,
  `meta_keywords` varchar(255) DEFAULT NULL,
  `description` text,
  `content` text,
  `language` varchar(50) NOT NULL
) ENGINE=InnoDB DEFAULT CHARSET=utf8 ROW_FORMAT=COMPACT;

--
-- Dumping data for table `recruitment_lang`
--

INSERT INTO `recruitment_lang` (`id`, `recruitment_id`, `title`, `slug`, `meta_description`, `meta_keywords`, `description`, `content`, `language`) VALUES
(15, 5, 'Tuyển trưởng phòng dự án', '', '', '', 'Tìm kiếm, khai thác và phát triển khách hàng.\r\n| Thực hiện quy trình triển khai và tổ chức đào tạo chương trình IN – HOUSE theo yêu cầu của đối tác.\r\n| Theo dõi tình hình chất lượng các chương trình đào tạo của EAGLE ELE diễn ra, báo cáo và có những phản hồi nhằm nâng cao chất lượng đào tạo của các chương trình.\r\n| Giám sát việc thực hiện, lưu trữ và xử lý các thông tin liên quan đến các hoạt động giảng dạy và tư vấn các chương trình đào tạo.\r\n| Xây dựng lịch đào tạo các chương trình IN – HOUSE của EAGLE ELE\r\n| Tìm và xử lý những tài liệu liên quan đến chương trình đào tạo IN – HOUSE\r\n| Phát triển khách hàng và hưởng doanh số\r\n', '<p>SỐ LƯỢNG : 2</p>\r\n<p>MỨC LƯƠNG CỨNG: 12-15 TRIỆU (1-5% HỢP ĐỒNG)</p>\r\n<p><strong>Quyền lợi được hưởng</strong></p>\r\n<p>-Lương thỏa thuận<br /> - Ngo&agrave;i lương c&ograve;n được thưởng % doanh số.<br /> - Chế độ&nbsp;<a href=\"http://mywork.com.vn/tuyen-dung/3/bao-hiem.html\">bảo hiểm</a>&nbsp;đảm bảo<br /> - Cơ hội đ&agrave;o tạo v&agrave; thăng tiến.<br /> -&nbsp;<a href=\"http://mywork.com.vn/tuyen-dung/89/moi-truong.html\">M&ocirc;i trường</a>&nbsp;năng động, chuy&ecirc;n nghiệp.<br /> - Ch&uacute;ng t&ocirc;i ưu ti&ecirc;n th&aacute;i độ v&agrave; tố chất của những con người lu&ocirc;n dũng cảm cầu tiến<br /> - Được tham dự c&aacute;c kh&oacute;a học v&agrave; c&aacute;c buổi chia sẻ của những chuy&ecirc;n gia h&agrave;ng đầu Việt Nam<br /> - Tiếp x&uacute;c với c&aacute;c Doanh nh&acirc;n th&agrave;nh đạt.</p>\r\n<p><strong>Y&ecirc;u cầu c&ocirc;ng việc</strong></p>\r\n<p>-Tốt nghiệp đại học trở l&ecirc;n<br /> -Y&ecirc;u th&iacute;ch c&ocirc;ng việc kinh doanh. Nhất l&agrave; ng&agrave;nh gi&aacute;o dục v&agrave; c&aacute;c chương tr&igrave;nh đ&agrave;o tạo<br /> - Ưu ti&ecirc;n c&oacute; mối quan hệ rộng, data kh&aacute;ch h&agrave;ng doanh nghiệp lớn.<br /> - Đ&atilde; được đ&agrave;o tạo về kỹ năng mềm: Kỹ năng giao tiếp, kỹ năng thuyết tr&igrave;nh, kỹ năng đ&agrave;m ph&aacute;n, kỹ năng l&agrave;m việc nh&oacute;m.<br /> - Sử dụng m&aacute;y t&iacute;nh th&agrave;nh thạo (đặc biệt chương tr&igrave;nh PowerPoint, Excel, Word v&agrave; Internet)<br /> - Ngăn nắp, s&aacute;ng tạo, nhiệt t&igrave;nh, c&oacute; đam m&ecirc; v&agrave; ham học hỏi.<br /> - T&aacute;c phong chuy&ecirc;n nghiệp, ngoại h&igrave;nh ưa nh&igrave;n.<br /> - C&oacute; &iacute;t nhất 2 năm kinh nghiệm ở vị tr&iacute; tương đương.<br /> - Độ tuổi 30 đến 35.</p>\r\n<p><strong>Y&ecirc;u cầu hồ sơ</strong></p>\r\n<p>- Đơn xin việc.<br /> - Sơ yếu l&yacute; lịch.<br /> - Hộ khẩu, chứng minh nh&acirc;n d&acirc;n v&agrave; giấy kh&aacute;m sức khỏe.<br /> - C&aacute;c bằng cấp c&oacute; li&ecirc;n quan.</p>\r\n<p><strong>Li&ecirc;n hệ: Ms Mai &ndash; Trưởng ph&ograve;ng Nh&acirc;n sự (<u>0966 74 77 86)</u>)</strong></p>\r\n<p><strong>Hoặc gửi CV qua email:&nbsp;</strong><a href=\"mailto:tranmai.leader@gmail.com\"><strong>tranmai.leader@gmail.com</strong></a></p>\r\n<p><strong>Địa chỉ nộp hồ sơ trực tiếp:&nbsp;To&agrave; nh&agrave; VITRANCO BUILDING, địa chỉ tại số 1A-A1 phố Th&aacute;i thịnh, phường L&aacute;ng Hạ, quận Đống đa, H&agrave; Nội</strong></p>\r\n<p><strong>Hạn nộp hết ng&agrave;y 30/11/2017</strong>.</p>', 'vi'),
(16, 5, 'Recruit project manager', '', '', '', 'Search, exploit and develop customers.\r\n| Carry out the implementation process and organize the training program IN - HOUSE at the request of partners.\r\n| Monitoring the quality of EAGLE ELE training programs takes place, reporting and providing feedback to improve the quality of training programs.\r\n| Supervise the implementation, storage and processing of information relating to teaching and consulting activities of training programs.\r\n| Set up EAGLE ELE&amp;#039;s IN-HOUSE training program\r\n| Find and process materials related to the IN - HOUSE training program\r\n| Develop customers and enjoy sales', '<p>QUANTITY: 2</p>\r\n<p>HUMIDITY: 12-15 MILLION (1-5% OF CONTRACT)</p>\r\n<p>Benefit</p>\r\n<p>-Wage agreement<br />- In addition to salary is also rewarded% of sales.<br />- Insurance policy is guaranteed<br />- Opportunity for training and promotion.<br />- A dynamic, professional environment.<br />- We give priority to the attitude and qualities of the brave people to progress<br />- Participate in courses and sharing sessions of leading Vietnamese experts<br />- Meet the Successful Entrepreneurs.</p>\r\n<p>Job requirements</p>\r\n<p>- Graduated university or above<br />-Favorite business. Mostly education and training programs<br />- Preferably have a broad relationship, data large corporate clients.<br />- Have been trained in soft skills: communication skills, presentation skills, negotiation skills, teamwork skills.<br />- Use computer skills (especially PowerPoint, Excel, Word and Internet).<br />- Capable, creative, enthusiastic, passionate and eager to learn.<br />- Professional style, good looks.<br />- At least 2 years experience in equivalent position.<br />- Ages 30 to 35.</p>\r\n<p>File requirements</p>\r\n<p>- Job application.<br />- Curriculum vitae.<br />- Household registration, identity card and health certificate.<br />- The relevant qualifications.</p>\r\n<p>Contact: Ms Mai - Human Resources Manager (0966 74 77 86))</p>\r\n<p>Or send your CV via email: tranmai.leader@gmail.com</p>\r\n<p>Address for direct submission: VITRANCO BUILDING Building, address at 1A-A1 Thai Thinh Street, Lang Ha Ward, Dong Da District, Hanoi</p>\r\n<p>The deadline for submission is 30/11/2017.</p>', 'en'),
(17, 6, 'TUYỂN SALE ONLINE', '', '', '', 'Khi công việc văn phòng gò bó khiến bạn cảm thấy nhàm chán. Khi bạn nhận ra mình có khả năng giao tiếp tốt, thuyết phục giỏi và thích thử sức với những thử thách liên tiếp. Và đặc biệt khi bạn cảm thấy không an phận với cảm giác ngồi một chỗ ngày nào cũng như ngày nào. Vậy vị trí Account Marketing của EAGLE ELE  dành cho bạn!', '<p><strong>Những việc bạn sẽ l&agrave;m</strong><br /> - Li&ecirc;n hệ kh&aacute;ch h&agrave;ng (c&aacute;c c&ocirc;ng ty, doanh nghiệp, cửa h&agrave;ng,..) c&oacute; nhu cầu sử dụng&nbsp;c&aacute;c dịch vụ Marketing của c&ocirc;ng ty.<br /> - Tư vấn c&aacute;c g&oacute;i dịch vụ của c&ocirc;ng ty cho kh&aacute;ch h&agrave;ng, chốt hợp đồng với kh&aacute;ch h&agrave;ng.<br /> - Quản l&yacute; dự &aacute;n, đảm bảo tiến độ c&ocirc;ng việc, y&ecirc;u cầu của kh&aacute;ch h&agrave;ng v&agrave; chất lượng dự &aacute;n<br /> - Kết nối giữa kh&aacute;ch h&agrave;ng v&agrave; c&ocirc;ng ty, chăm s&oacute;c kh&aacute;ch h&agrave;ng v&agrave; theo s&aacute;t dự &aacute;n đến khi kết th&uacute;c.<br /><strong>Những quyền lợi bạn được hưởng</strong><br /> - Được Training đầy đủ c&aacute;c kiến thức cần thiết của một Account cũng như kiến thức chuy&ecirc;n m&ocirc;n Marketing.<br /> - Được đ&agrave;o tạo b&agrave;i bản kỹ năng đ&agrave;m ph&aacute;n với kh&aacute;ch h&agrave;ng, nắm bắt nhu cầu v&agrave; quản l&yacute; Plan cho Kh&aacute;ch h&agrave;ng một c&aacute;ch chuy&ecirc;n nghiệp nhất<br /> - Cơ hội được tiếp x&uacute;c v&agrave; l&agrave;m việc c&ugrave;ng những CEO lớn trong thị trường</p>', 'vi'),
(18, 6, 'RECRUIT SALE ONLINE', '', '', '', 'When your office job is boring, it makes you feel bored. When you realize you have the ability to communicate well, persuasively and try to challenge with success. And especially when you feel unwell with the feeling of sitting a spot every day as well. So the position of Account Marketing of EAGLE ELE for you!', '<p><strong>Things you will do</strong><br />- Contact the customer (companies, businesses, shops, ..) need to use the company\'s marketing services.<br />- Consulting the company\'s service packages for customers, lining up contracts with customers.<br />- Manage the project, ensure the progress of work, customer requirements and project quality<br />- Connect customer and company, customer care and project follow up to completion.<br /><strong>The benefits you enjoy</strong><br />- Be trained full knowledge of an Account as well as marketing expertise.<br />- Be trained in negotiating skills with customers, grasp the needs and manage the plan for customers in the most professional way.<br />- Opportunity to meet and work with big CEOs in the market</p>', 'en');

-- --------------------------------------------------------

--
-- Table structure for table `teacher`
--

CREATE TABLE `teacher` (
  `id` int(11) NOT NULL,
  `gender` tinyint(1) NOT NULL,
  `description_image` text COLLATE utf8_unicode_ci,
  `created_at` datetime DEFAULT NULL,
  `created_by` varchar(255) COLLATE utf8_unicode_ci NOT NULL,
  `modified_at` datetime NOT NULL,
  `modified_by` varchar(255) COLLATE utf8_unicode_ci NOT NULL,
  `is_deleted` tinyint(1) NOT NULL DEFAULT '0'
) ENGINE=InnoDB DEFAULT CHARSET=utf8 COLLATE=utf8_unicode_ci;

--
-- Dumping data for table `teacher`
--

INSERT INTO `teacher` (`id`, `gender`, `description_image`, `created_at`, `created_by`, `modified_at`, `modified_by`, `is_deleted`) VALUES
(4, 0, '1231236.png', '2017-10-05 01:10:28', 'administrator', '2017-10-05 01:15:17', 'administrator', 1),
(5, 0, '1231237.png', '2017-10-05 02:21:54', 'administrator', '2017-10-05 02:21:54', 'administrator', 1),
(6, 0, '', '2017-10-18 16:54:23', 'administrator', '2017-10-18 16:54:23', 'administrator', 1),
(7, 0, 'lethamduong1.jpg', '2017-10-19 15:01:41', 'eagle ele admin', '2017-10-19 15:01:41', 'eagle ele admin', 0),
(8, 0, 'dohoainam.jpg', '2017-10-19 15:05:19', 'eagle ele admin', '2017-10-19 15:05:19', 'eagle ele admin', 1),
(9, 0, 'phamvanpho.jpg', '2017-10-23 17:46:05', 'eagle ele admin', '2017-10-23 17:46:05', 'eagle ele admin', 0);

-- --------------------------------------------------------

--
-- Table structure for table `teacher_lang`
--

CREATE TABLE `teacher_lang` (
  `id` int(11) NOT NULL,
  `teacher_id` int(11) NOT NULL,
  `name` varchar(255) DEFAULT NULL,
  `slug` varchar(255) DEFAULT NULL,
  `meta_description` varchar(255) DEFAULT NULL,
  `meta_keywords` varchar(255) DEFAULT NULL,
  `position` text,
  `bio` text,
  `language` varchar(50) NOT NULL
) ENGINE=InnoDB DEFAULT CHARSET=utf8 ROW_FORMAT=COMPACT;

--
-- Dumping data for table `teacher_lang`
--

INSERT INTO `teacher_lang` (`id`, `teacher_id`, `name`, `slug`, `meta_description`, `meta_keywords`, `position`, `bio`, `language`) VALUES
(3, 4, 'asd1', NULL, NULL, NULL, 'asd2', '<p>asd3</p>', 'vi'),
(4, 4, 'qwe4', NULL, NULL, NULL, 'qwe5', '<p>qwe6</p>', 'en'),
(5, 5, 'asd1', NULL, NULL, NULL, 'asd2', '<p>asd3</p>', 'vi'),
(6, 5, 'qwe4', NULL, NULL, NULL, 'qwe5', '<p>qwe6</p>', 'en'),
(7, 6, 'ád ádas', 'ad-adas', 'ád', 'ád', '', '', 'vi'),
(8, 6, 'xzcxz qưda dá', 'xzcxz-quda-da', 'ád', 'qưe', '', '', 'en'),
(9, 7, 'Lê Thẩm Dương', 'le-tham-duong', 'Giảng viên Eagle Ele', 'eagleele,coach,teacher', 'Tiến sỹ |\r\nTrưởng khoa Quản trị Kinh doanh – ĐH Ngân hàng TPHCM |\r\nThành viên của tổ viết bài của Thống đốc Ngân hàng Nhà nước Việt Nam (1 trong 8  thành viên); Khách mời thường xuyên (hơn 2 lần/tuần) về mảng kinh doanh và chứng khoán của Đài Truyền hình Việt Nam VTV và các Đài Truyền hình địa phương HTV, BTV;\r\n', '<div>Sinh ng&agrave;y 01/06/1960, gốc ở th&agrave;nh phố Hải Ph&ograve;ng nhưng được sinh ra ở tỉnh Ph&uacute; Thọ. Khi xưa cha &ocirc;ng theo học về ng&agrave;nh Ắc quy tại Thẩm Dương &ndash; Trung Quốc v&agrave; đ&atilde; th&agrave;nh danh với nghề n&agrave;y n&ecirc;n đ&atilde; đặt t&ecirc;n &ocirc;ng theo địa danh đ&oacute;.</div>\r\n<div>Từ miền&nbsp;<strong>qu&ecirc;&nbsp;</strong>Hải Ph&ograve;ng, &ocirc;ng tốt nghiệp trường Đại học Kinh tế quốc d&acirc;n rồi v&agrave;o th&agrave;nh phố Hồ Ch&iacute; Minh lập nghiệp. Trải qua nhiều biến cố, giờ &ocirc;ng đang giữ chức trưởng khoa T&agrave;i Ch&iacute;nh trường Đại Học Ng&acirc;n H&agrave;ng Tp.Hồ Ch&iacute; Minh.</div>\r\n<div>Tiến Sĩ L&ecirc; Thẩm Dương l&agrave; kh&aacute;ch mời quen thuộc của c&aacute;c diễn đ&agrave;n, hội thảo về t&agrave;i ch&iacute;nh, quản trị nh&acirc;n sự, kinh doanh v&agrave; chứng kho&aacute;n tr&ecirc;n đ&agrave;i truyền h&igrave;nh Việt Nam. B&ecirc;n cạnh đ&oacute; &ocirc;ng cũng giữ vai tr&ograve; đặc biệt trong c&aacute;c tập đo&agrave;n lớn như Ho&agrave;ng Anh Gia Lai, Tập đo&agrave;n Dầu Kh&iacute;, Khatoco Kh&aacute;nh H&ograve;a v&agrave; một số ng&acirc;n h&agrave;ng kh&aacute;c.</div>', 'vi'),
(10, 7, 'Le Tham Duong', 'le-tham-duong', 'Coach of Eagle Ele', 'eagleele,coach,teacher', 'PhD |\r\nDean of Business Administration - Banking University of HCMC |\r\nMember of the SBV Governor (1 in 8 members); Frequent guests (over 2 times per week) in the business and securities sector of VTV and local TV stations HTV, BTV;', '<p>Born on 01/06/1960, originally from Hai Phong city but born in Phu Tho province. When his father was studying battery industry in Shenyang, China and became famous for this job, he named his place.<br />From the countryside of Hai Phong, he graduated from the National Economics University and then went to Ho Chi Minh City to settle down. Experiencing many events, now he is the head of Finance Department of Banking University of Ho Chi Minh City.<br />Dr. Le Tham Duong is a regular guest speaker of financial and human resources forums, seminars, business and securities on Vietnam Television. Besides, he also plays a special role in big corporations such as Hoang Anh Gia Lai, Petro Vietnam, Khatoco Khanh Hoa and some other banks.</p>', 'en'),
(11, 8, 'Đỗ Hoài Nam', 'do-hoai-nam', 'Giảng viên Eagle Ele', 'eagleele,coach,teacher', 'Từng làm Phó TGĐ điều hành Indochina Pro; Giám đốc điều hành Thames Business School; Ủy viên sáng lập trường ĐH Hoa Sen TP Hồ Chí Minh…  |\r\nGiảng viên cao cấp của tổ chức IGL\r\n', '<div>Đỗ Ho&agrave;i Nam, sinh năm 1977, từng l&agrave; học sinh chuy&ecirc;n vật l&yacute; của Trường THPT H&agrave; Nội - Amsterdam. Năm 1995, anh gi&agrave;nh được học bổng to&agrave;n phần của Ch&iacute;nh phủ &Uacute;c v&agrave; theo chương tr&igrave;nh học d&agrave;nh cho những sinh vi&ecirc;n giỏi c&oacute; tố chất đặc biệt để l&agrave;m l&atilde;nh đạo tại Đại học RMIT (&Uacute;c).</div>\r\n<div>Anh từng khởi nghiệp bằng nhiều c&ocirc;ng ty v&agrave; cũng từng thất bại. Đến đầu năm 2003, Nam c&ugrave;ng bạn b&egrave; th&agrave;nh lập Emotiv Systems, với sản phẩm &ldquo;m&aacute;y đo bộ n&atilde;o người&rdquo;.</div>\r\n<div>Năm 2010, c&ocirc;ng ty đạt doanh thu đến 10 triệu USD, c&oacute; 20.000 doanh nghiệp tr&ecirc;n thế giới trở th&agrave;nh kh&aacute;ch h&agrave;ng. Bộ phim&nbsp;<em>Avatar</em>&nbsp;nổi tiếng từng sử dụng sản phẩm n&agrave;y để đo cảm x&uacute;c người xem trước khi c&ocirc;ng chiếu.</div>\r\n<div>Năm 2012, anh rời Emotiv System để th&agrave;nh lập SeeSpace với sản phẩm ch&iacute;nh l&agrave; InAir, thiết bị m&agrave; người xem c&oacute; thể d&ugrave;ng chiếc điều khiển để bấm t&igrave;m hiểu th&ocirc;ng tin s&acirc;u hơn ngay tr&ecirc;n m&agrave;n h&igrave;nh ti vi.</div>', 'vi'),
(12, 8, 'Do Hoai Nam', 'do-hoai-nam', 'Coach of Eagle Ele', 'eagleele,coach,teacher', 'Formerly Deputy General Director of Indochina Pro; Managing Director of Thames Business School; Founding Member of Hoa Sen University in Ho Chi Minh City ... |\r\nSenior lecturer at IGL', '<p>Do Hoai Nam, born in 1977, was a physics student at Hanoi High School in Amsterdam. In 1995, he won a full scholarship from the Government of Australia and a program of study for exceptional students who have special qualifications to lead at RMIT University.<br />He started out with many companies and also failed. In the beginning of 2003, Nam and his friends founded Emotiv Systems, a product of \"human brain\".<br />In 2010, the company achieved sales of $ 10 million, with 20,000 customers worldwide. Famous Avatar movie used this product to measure the emotions of viewers before the premiere.<br />In 2012, he left the Emotiv System to create a SeeSpace with the main product InAir, a device that viewers could use to navigate the deeper information on the television screen.</p>', 'en'),
(13, 9, 'Phạm Văn Phổ', 'pham-van-pho', 'Giảng viên Eagle Ele', 'coach, teacher', 'Tiến sỹ |\r\nNguyên Viện trưởng viện nghiên cứu kinh tế Hà Nội |\r\nChuyên gia văn hóa doanh nghiệp |\r\nGiảng viên cao cấp Tổ chức EAGLE ELE\r\n', '<p>&Ocirc;ng Nguy&ecirc;n Viện trưởng Viện Nghi&ecirc;n cứu Kinh tế &amp; Kinh doanh H&agrave; Nội, th&agrave;nh vi&ecirc;n Hội đồng chuy&ecirc;n gia EduViet. &Ocirc;ng từng giữ chức vụ&nbsp;Viện trưởng Viện nghi&ecirc;n cứu kinh tế v&agrave; kinh doanh H&agrave; Nội. Hiện &ocirc;ng l&agrave; Chuy&ecirc;n gia, Giảng vi&ecirc;n cao cấp tại Học viện Doanh nh&acirc;n ASEAN.</p>', 'vi'),
(14, 9, 'Pham Van Pho', 'pham-van-pho', 'Coach of Eagle Ele', 'coach, teacher', 'PhD |\r\nFormer Director of Hanoi Economic Research Institute |\r\nCorporate culture expert |\r\nSenior Trainer EAGLE ELE', '<p>He is the Director of the Institute for Economics and Business Studies in Hanoi, member of EduViet Expert Council. He has held the position of Director of the Hanoi Institute for Economic and Business Research. He is a specialist, senior lecturer at the ASEAN Business Institute.</p>', 'en');

-- --------------------------------------------------------

--
-- Table structure for table `users`
--

CREATE TABLE `users` (
  `id` int(11) UNSIGNED NOT NULL,
  `ip_address` varchar(45) NOT NULL,
  `username` varchar(100) DEFAULT NULL,
  `password` varchar(255) NOT NULL,
  `salt` varchar(255) DEFAULT NULL,
  `email` varchar(254) NOT NULL,
  `activation_code` varchar(40) DEFAULT NULL,
  `forgotten_password_code` varchar(40) DEFAULT NULL,
  `forgotten_password_time` int(11) UNSIGNED DEFAULT NULL,
  `remember_code` varchar(40) DEFAULT NULL,
  `created_on` int(11) UNSIGNED NOT NULL,
  `last_login` int(11) UNSIGNED DEFAULT NULL,
  `active` tinyint(1) UNSIGNED DEFAULT NULL,
  `first_name` varchar(50) DEFAULT NULL,
  `last_name` varchar(50) DEFAULT NULL,
  `company` varchar(100) DEFAULT NULL,
  `phone` varchar(20) DEFAULT NULL
) ENGINE=InnoDB DEFAULT CHARSET=utf8;

--
-- Dumping data for table `users`
--

INSERT INTO `users` (`id`, `ip_address`, `username`, `password`, `salt`, `email`, `activation_code`, `forgotten_password_code`, `forgotten_password_time`, `remember_code`, `created_on`, `last_login`, `active`, `first_name`, `last_name`, `company`, `phone`) VALUES
(1, '127.0.0.1', 'administrator', '$2a$07$SeBknntpZror9uyftVopmu61qg0ms8Qv1yV6FG.kQOSM.9QhmTo36', '', 'admin@admin.com', '', NULL, NULL, NULL, 1268889823, 1516264386, 1, 'Admin', 'istrator', 'ADMIN', '0'),
(2, '127.0.0.1', 'eagle ele admin', '$2y$08$jY9uREoB.1QVkzQeLOAIyOMeE3z5etpDFAi7XKljf6hp4LdZzFoAS', '', 'eagleele_admin@eagleele.vn', '', NULL, NULL, 'opwx/lC8sRj5CUwLuyqxyO', 1268889823, 1516328996, 1, 'Eagle Ele', 'Admin', 'ADMIN', '0');

-- --------------------------------------------------------

--
-- Table structure for table `users_groups`
--

CREATE TABLE `users_groups` (
  `id` int(11) UNSIGNED NOT NULL,
  `user_id` int(11) UNSIGNED NOT NULL,
  `group_id` mediumint(8) UNSIGNED NOT NULL
) ENGINE=InnoDB DEFAULT CHARSET=utf8;

--
-- Dumping data for table `users_groups`
--

INSERT INTO `users_groups` (`id`, `user_id`, `group_id`) VALUES
(1, 1, 1),
(2, 1, 2),
(3, 2, 1);

--
-- Indexes for dumped tables
--

--
-- Indexes for table `advice`
--
ALTER TABLE `advice`
  ADD PRIMARY KEY (`id`);

--
-- Indexes for table `advice_lang`
--
ALTER TABLE `advice_lang`
  ADD PRIMARY KEY (`id`);

--
-- Indexes for table `article`
--
ALTER TABLE `article`
  ADD PRIMARY KEY (`id`);

--
-- Indexes for table `article_lang`
--
ALTER TABLE `article_lang`
  ADD PRIMARY KEY (`id`);

--
-- Indexes for table `banner`
--
ALTER TABLE `banner`
  ADD PRIMARY KEY (`id`);

--
-- Indexes for table `category`
--
ALTER TABLE `category`
  ADD PRIMARY KEY (`id`);

--
-- Indexes for table `category_lang`
--
ALTER TABLE `category_lang`
  ADD PRIMARY KEY (`id`);

--
-- Indexes for table `groups`
--
ALTER TABLE `groups`
  ADD PRIMARY KEY (`id`);

--
-- Indexes for table `library`
--
ALTER TABLE `library`
  ADD PRIMARY KEY (`id`);

--
-- Indexes for table `library_lang`
--
ALTER TABLE `library_lang`
  ADD PRIMARY KEY (`id`);

--
-- Indexes for table `login_attempts`
--
ALTER TABLE `login_attempts`
  ADD PRIMARY KEY (`id`);

--
-- Indexes for table `partner`
--
ALTER TABLE `partner`
  ADD PRIMARY KEY (`id`);

--
-- Indexes for table `partner_lang`
--
ALTER TABLE `partner_lang`
  ADD PRIMARY KEY (`id`);

--
-- Indexes for table `recruitment`
--
ALTER TABLE `recruitment`
  ADD PRIMARY KEY (`id`);

--
-- Indexes for table `recruitment_lang`
--
ALTER TABLE `recruitment_lang`
  ADD PRIMARY KEY (`id`);

--
-- Indexes for table `teacher`
--
ALTER TABLE `teacher`
  ADD PRIMARY KEY (`id`);

--
-- Indexes for table `teacher_lang`
--
ALTER TABLE `teacher_lang`
  ADD PRIMARY KEY (`id`);

--
-- Indexes for table `users`
--
ALTER TABLE `users`
  ADD PRIMARY KEY (`id`);

--
-- Indexes for table `users_groups`
--
ALTER TABLE `users_groups`
  ADD PRIMARY KEY (`id`),
  ADD UNIQUE KEY `uc_users_groups` (`user_id`,`group_id`),
  ADD KEY `fk_users_groups_users1_idx` (`user_id`),
  ADD KEY `fk_users_groups_groups1_idx` (`group_id`);

--
-- AUTO_INCREMENT for dumped tables
--

--
-- AUTO_INCREMENT for table `advice`
--
ALTER TABLE `advice`
  MODIFY `id` int(11) NOT NULL AUTO_INCREMENT, AUTO_INCREMENT=5;
--
-- AUTO_INCREMENT for table `advice_lang`
--
ALTER TABLE `advice_lang`
  MODIFY `id` int(11) NOT NULL AUTO_INCREMENT, AUTO_INCREMENT=9;
--
-- AUTO_INCREMENT for table `article`
--
ALTER TABLE `article`
  MODIFY `id` int(11) NOT NULL AUTO_INCREMENT, AUTO_INCREMENT=8;
--
-- AUTO_INCREMENT for table `article_lang`
--
ALTER TABLE `article_lang`
  MODIFY `id` int(11) NOT NULL AUTO_INCREMENT, AUTO_INCREMENT=15;
--
-- AUTO_INCREMENT for table `banner`
--
ALTER TABLE `banner`
  MODIFY `id` int(11) NOT NULL AUTO_INCREMENT, AUTO_INCREMENT=15;
--
-- AUTO_INCREMENT for table `category`
--
ALTER TABLE `category`
  MODIFY `id` int(11) NOT NULL AUTO_INCREMENT, AUTO_INCREMENT=3;
--
-- AUTO_INCREMENT for table `category_lang`
--
ALTER TABLE `category_lang`
  MODIFY `id` int(11) NOT NULL AUTO_INCREMENT, AUTO_INCREMENT=5;
--
-- AUTO_INCREMENT for table `groups`
--
ALTER TABLE `groups`
  MODIFY `id` mediumint(8) UNSIGNED NOT NULL AUTO_INCREMENT, AUTO_INCREMENT=3;
--
-- AUTO_INCREMENT for table `library`
--
ALTER TABLE `library`
  MODIFY `id` int(11) NOT NULL AUTO_INCREMENT, AUTO_INCREMENT=31;
--
-- AUTO_INCREMENT for table `library_lang`
--
ALTER TABLE `library_lang`
  MODIFY `id` int(11) NOT NULL AUTO_INCREMENT, AUTO_INCREMENT=61;
--
-- AUTO_INCREMENT for table `login_attempts`
--
ALTER TABLE `login_attempts`
  MODIFY `id` int(11) UNSIGNED NOT NULL AUTO_INCREMENT;
--
-- AUTO_INCREMENT for table `partner`
--
ALTER TABLE `partner`
  MODIFY `id` int(11) NOT NULL AUTO_INCREMENT, AUTO_INCREMENT=10;
--
-- AUTO_INCREMENT for table `partner_lang`
--
ALTER TABLE `partner_lang`
  MODIFY `id` int(11) NOT NULL AUTO_INCREMENT, AUTO_INCREMENT=19;
--
-- AUTO_INCREMENT for table `recruitment`
--
ALTER TABLE `recruitment`
  MODIFY `id` int(11) NOT NULL AUTO_INCREMENT, AUTO_INCREMENT=7;
--
-- AUTO_INCREMENT for table `recruitment_lang`
--
ALTER TABLE `recruitment_lang`
  MODIFY `id` int(11) NOT NULL AUTO_INCREMENT, AUTO_INCREMENT=19;
--
-- AUTO_INCREMENT for table `teacher`
--
ALTER TABLE `teacher`
  MODIFY `id` int(11) NOT NULL AUTO_INCREMENT, AUTO_INCREMENT=10;
--
-- AUTO_INCREMENT for table `teacher_lang`
--
ALTER TABLE `teacher_lang`
  MODIFY `id` int(11) NOT NULL AUTO_INCREMENT, AUTO_INCREMENT=15;
--
-- AUTO_INCREMENT for table `users`
--
ALTER TABLE `users`
  MODIFY `id` int(11) UNSIGNED NOT NULL AUTO_INCREMENT, AUTO_INCREMENT=3;
--
-- AUTO_INCREMENT for table `users_groups`
--
ALTER TABLE `users_groups`
  MODIFY `id` int(11) UNSIGNED NOT NULL AUTO_INCREMENT, AUTO_INCREMENT=4;
--
-- Constraints for dumped tables
--

--
-- Constraints for table `users_groups`
--
ALTER TABLE `users_groups`
  ADD CONSTRAINT `fk_users_groups_groups1` FOREIGN KEY (`group_id`) REFERENCES `groups` (`id`) ON DELETE CASCADE ON UPDATE NO ACTION,
  ADD CONSTRAINT `fk_users_groups_users1` FOREIGN KEY (`user_id`) REFERENCES `users` (`id`) ON DELETE CASCADE ON UPDATE NO ACTION;
COMMIT;

/*!40101 SET CHARACTER_SET_CLIENT=@OLD_CHARACTER_SET_CLIENT */;
/*!40101 SET CHARACTER_SET_RESULTS=@OLD_CHARACTER_SET_RESULTS */;
/*!40101 SET COLLATION_CONNECTION=@OLD_COLLATION_CONNECTION */;
